Time_s,Agent_ID,X_m,Y_m,Z_m,Altitude_m,Status
0.0,A0100,-44535.41289769446,0.006258897792577045,5940.765909023161,6095.968287730104,ALIVE
0.0,A0200,-44535.3705386412,558.5291273392831,5940.741745795311,6095.968200158232,ALIVE
0.0,B0100,44538.13380183335,-0.000909623237021151,5940.796324847175,6096.011420928061,ALIVE
0.0,B0200,44538.175790067864,545.0026428884739,5940.8452318619675,6096.083822667897,ALIVE
0.2,A0100,-44462.459127460315,0.008462886824418092,5940.85807997261,6095.552397750602,ALIVE
0.2,A0200,-44462.426128887826,558.5332341681424,5940.867168152732,6095.585626755453,ALIVE
0.2,B0100,44465.33070182208,-0.0035661994570546085,5941.171244907604,6095.879321225337,ALIVE
0.2,B0200,44465.372449625946,545.0110984068542,5941.656185440614,6096.387744498843,ALIVE
0.4,A0100,-44389.55226298509,-0.0900433656788664,5940.428545696215,6094.615973925716,ALIVE
0.4,A0200,-44389.57652374379,558.5352342418228,5940.616273581432,6094.828236659843,ALIVE
0.4,B0100,44392.76249925057,-0.007873400578318979,5941.24783815406,6095.451363198388,ALIVE
0.4,B0200,44392.80051899258,545.0178685995324,5942.733963869538,6096.960921734539,ALIVE
0.6000000000000001,A0100,-44316.70475227846,-0.2913580396270845,5939.599838873837,6093.281630597377,ALIVE
0.6000000000000001,A0200,-44316.82372993988,558.5266293928034,5940.009497487103,6093.716474627522,ALIVE
0.6000000000000001,B0100,44320.432017391584,-0.01374766178741993,5940.963227091819,6094.664682377253,ALIVE
0.6000000000000001,B0200,44320.462503942326,545.0230100684839,5944.097131363189,6097.821927707586,ALIVE
0.8,A0100,-44243.915906904425,-0.6101635878367233,5938.483630040182,6091.661028743801,ALIVE
0.8,A0200,-44244.16855799941,558.470640673353,5939.06547646617,6092.268975819621,ALIVE
0.8,B0100,44248.33824820186,-0.021117229911396862,5940.292534574455,6093.494387071806,ALIVE
0.8,B0200,44248.35894367671,545.0265587187223,5945.750881911423,6098.975952143678,ALIVE
1.0,A0100,-44171.18148545052,-1.006594545680855,5937.196966338452,6089.871181331885,ALIVE
1.0,A0200,-44171.611253545794,558.3419289222911,5937.838455506051,6090.5399800065725,ALIVE
1.0,B0100,44176.47816692895,-0.02992067704508372,5939.226631912257,6091.931319801405,ALIVE
1.0,B0200,44176.48910614889,545.0285337620771,5947.694889126109,6100.422655729634,ALIVE
1.2000000000000002,A0100,-44098.49488472413,-1.3548073812380608,5935.777737073049,6087.949929276109,ALIVE
1.2000000000000002,A0200,-44099.14811803783,558.163210249957,5936.39251424656,6088.59353836484,ALIVE
1.2000000000000002,B0100,44104.84741410522,-0.04010521790405619,5937.7628790271665,6089.972802485285,ALIVE
1.2000000000000002,B0200,44104.85120094214,545.0289406285319,5949.9265766950375,6102.159442044175,ALIVE
1.4000000000000001,A0100,-44025.8463424365,-1.5593220904520422,5934.142307947484,6085.813571312866,ALIVE
1.4000000000000001,A0200,-44026.77143889851,557.9984903286131,5934.753076090368,6086.4550228809,ALIVE
1.4000000000000001,B0100,44033.4404900014,-0.05162512557581067,5935.9012382972,6087.618751805037,ALIVE
1.4000000000000001,B0200,44033.442367633645,545.0277732301893,5952.442489232901,6104.182828330681,ALIVE
1.6,A0100,-43953.23393977012,-1.639672093115223,5932.18411426951,6083.35553071256,ALIVE
1.6,A0200,-43954.47063298201,557.9053100310884,5932.88675151445,6084.090974052072,ALIVE
1.6,B0100,43962.25072059888,-0.06444037510300404,5933.642625142089,6084.870029649372,ALIVE
1.6,B0200,43962.25855063752,545.0250157472565,5955.23887807543,6106.48903050077,ALIVE
1.8,A0100,-43880.66242112621,-1.6738522193481913,5929.87701854337,6080.549701887507,ALIVE
1.8,A0200,-43882.23324021308,557.8908429429357,5930.730358514862,6081.4381237913585,ALIVE
1.8,B0100,43891.2701118518,-0.07851555023626133,5930.988189261305,6081.727723438285,ALIVE
1.8,B0200,43891.29431436231,545.0206440648635,5958.3119650065855,6109.074225628496,ALIVE
2.0,A0100,-43808.1319418464,-1.6943400862801354,5927.2515221671,6077.426585115356,ALIVE
2.0,A0200,-43810.04748097222,557.9117212501696,5928.243850306386,6078.456339488679,ALIVE
2.0,B0100,43820.48915731742,-0.09381895682236063,5927.938981308944,6078.192811551601,ALIVE
2.0,B0200,43820.542635987345,545.0146269268498,5961.658075641859,6111.934684005332,ALIVE
2.2,A0100,-43735.63636924427,-1.69138145301622,5924.306801759349,6073.9853135874155,ALIVE
2.2,A0200,-43737.90825860185,557.9154724201762,5925.441284435221,6075.159637077445,ALIVE
2.2,B0100,43749.89665050786,-0.11032193788923905,5924.495778944005,6074.2659881852305,ALIVE
2.2,B0200,43749.9947145183,545.0069268554053,5965.273720971098,6115.0668494371,ALIVE
2.4000000000000004,A0100,-43663.16199232179,-1.6963149489565694,5921.0065492051235,6070.189485092497,ALIVE
2.4000000000000004,A0200,-43665.80887774103,557.8860276492924,5922.370951257739,6071.596256982708,ALIVE
2.4000000000000004,B0100,43679.47954983979,-0.12799830409130664,5920.65898123429,6069.947556918025,ALIVE
2.4000000000000004,B0200,43679.6398379852,544.9975008518122,5969.155657650786,6118.467398744783,ALIVE
2.6,A0100,-43590.68511025528,-1.795879112345574,5917.369711181085,6066.057883398441,ALIVE
2.6,A0200,-43593.73876235844,557.8553454119792,5919.068975058359,6067.802251869634,ALIVE
2.6,B0100,43609.22293185261,-0.14682387767788896,5916.428537283682,6065.237359131852,ALIVE
2.6,B0200,43609.4653416099,544.9863009459114,5973.30093798897,6122.133291550282,ALIVE
2.8000000000000003,A0100,-43518.18046291595,-2.0319007841280836,5913.507981056437,6061.702027270577,ALIVE
2.8000000000000003,A0200,-43521.68405228167,557.871254788075,5915.525020242963,6063.767195109254,ALIVE
2.8000000000000003,B0100,43539.11003868859,-0.16677609332327847,5911.80389687885,6060.134725063813,ALIVE
2.8000000000000003,B0200,43539.45666157386,544.9732745882047,5977.706953053406,6126.061813857964,ALIVE
3.0,A0100,-43445.624668080934,-2.3197482073192077,5909.5292087468515,6057.2296060307,ALIVE
3.0,A0200,-43449.627277504915,557.9504344215711,5911.689486621481,6059.4413697360105,ALIVE
3.0,B0100,43469.12238818149,-0.18783365422132192,5906.783976469564,6054.638440648297,ALIVE
3.0,B0200,43469.59745265043,544.9583649519282,5982.37147100105,6130.250617291913,ALIVE
3.2,A0100,-43372.99277855934,-2.515609877944371,5905.42090200665,6052.627960044337,ALIVE
3.2,A0200,-43377.54592134033,558.057243276915,5907.51746672972,6054.7797133660115,ALIVE
3.2,B0100,43399.239889304095,-0.20997622359027446,5901.367132968888,6048.7467221880825,ALIVE
3.2,B0200,43399.869713136264,544.9415111345079,5987.292673221036,6134.697756163297,ALIVE
3.4000000000000004,A0100,-43300.2628198054,-2.5550860322473454,5901.064110690182,6047.777995515705,ALIVE
3.4000000000000004,A0200,-43305.41797325199,558.127686539563,5903.010914042037,6049.7840254318,ALIVE
3.4000000000000004,B0100,43329.441619200035,-0.23318404896599532,5895.551215108204,6042.457273052823,ALIVE
3.4000000000000004,B0200,43330.254501417614,544.922648368125,5992.46913826657,6139.401676366621,ALIVE
3.6,A0100,-43227.43551258401,-2.4913993492300506,5896.366277943429,6042.587165891934,ALIVE
3.6,A0200,-43233.23427539878,558.1230848686355,5898.225003744645,6044.509416019964,ALIVE
3.6,B0100,43259.71770653832,-0.2574359114987601,5889.334981754211,6035.768782470193,ALIVE
3.6,B0200,43260.74341139025,544.9017096341831,5997.898936531219,6144.360387800342,ALIVE
3.8000000000000003,A0100,-43154.52238315095,-2.3978011196413718,5891.328634025138,6037.056782532388,ALIVE
3.8000000000000003,A0200,-43160.99135840088,558.0650913686659,5893.227810643581,6039.023938664183,ALIVE
3.8000000000000003,B0100,43190.0678657077,-0.28270946311931766,5882.7184707604065,6028.681283839998,ALIVE
3.8000000000000003,B0200,43191.33771902716,544.8786261989335,6003.579769479551,6149.571597257549,ALIVE
4.0,A0100,-43081.530101144584,-2.2842541945938137,5885.980663596065,6031.216377258888,ALIVE
4.0,A0200,-43088.68485140152,558.0214798807101,5888.044532443024,6033.352768889908,ALIVE
4.0,B0100,43120.49203652484,-0.30898258026536496,5875.702018270527,6021.195110388172,ALIVE
4.0,B0200,43122.039005705825,544.8533269153577,6009.509601840215,6155.0332767938025,ALIVE
4.2,A0100,-43008.462395383256,-2.141744803808251,5880.301668752583,6025.045280380145,ALIVE
4.2,A0200,-43016.31170510955,558.0523250506485,5882.638141268657,6027.458866491187,ALIVE
4.2,B0100,43050.99015964592,-0.33623314018404926,5868.2860712352085,6013.310706154427,ALIVE
4.2,B0200,43052.84882288675,544.8257384420267,6015.686509201481,6160.743509059293,ALIVE
4.4,A0100,-42935.316877718804,-2.02378246763692,5874.25679702778,6018.508626694849,ALIVE
4.4,A0200,-42943.86978440148,558.1643141987224,5876.941886192415,6021.275470493755,ALIVE
4.4,B0100,42981.56218943601,-0.3644388905922824,5860.471116148496,6005.028554816545,ALIVE
4.4,B0200,42983.768399367626,544.7957852846666,6022.1086155617995,6166.700422876901,ALIVE
4.6000000000000005,A0100,-42862.08081175608,-2.019487309604301,5867.893272507175,6011.653556404513,ALIVE
4.6000000000000005,A0200,-42871.357735737925,558.3120621102571,5870.914677438983,6014.761481286237,ALIVE
4.6000000000000005,B0100,42912.20809948945,-0.3935773547964345,5852.257649684758,5996.349150372577,ALIVE
4.6000000000000005,B0200,42914.79872379733,544.7633899388948,6028.774029672164,6172.9021301669245,ALIVE
4.800000000000001,A0100,-42788.74304538198,-2.1370440768514527,5861.335358311599,6004.604258208776,ALIVE
4.800000000000001,A0200,-42798.78013333033,558.4422623979335,5864.572560981671,6007.9329727853,ALIVE
4.800000000000001,B0100,42842.92788501559,-0.423625794615873,5843.646166814353,5987.272985259309,ALIVE
4.800000000000001,B0200,42845.9407512939,544.7284729766943,6035.680827777182,6179.346710074363,ALIVE
5.0,A0100,-42715.29595374823,-2.2622910131976823,5854.661519059475,5997.439147422543,ALIVE
5.0,A0200,-42726.14049072741,558.5406789774715,5857.966440061195,6000.840871505222,ALIVE
5.0,B0100,42773.721563829706,-0.45456116396053403,5834.6371561480155,5977.800545711598,ALIVE
5.0,B0200,42777.19540979195,544.6909530228513,6042.827066933838,6186.032222343601,ALIVE
5.2,A0100,-42641.737899688145,-2.2681241423379106,5847.8170644800975,5990.103527763686,ALIVE
5.2,A0200,-42653.44119375679,558.6431393216044,5851.133042983945,5993.521926046613,ALIVE
5.2,B0100,42704.589176787995,-0.4863600845965266,5825.231098336979,5967.932310163629,ALIVE
5.2,B0200,42708.563601282185,544.6507467396423,6050.210791193473,6192.956713501034,ALIVE
5.4,A0100,-42568.076038143714,-2.136621626705164,5840.682184004028,5982.477642774743,ALIVE
5.4,A0200,-42580.68572812388,558.8009155688014,5844.059791993064,5985.963588620916,ALIVE
5.4,B0100,42635.530787955744,-0.5189988236706995,5815.428465709618,5957.668748877624,ALIVE
5.4,B0200,42640.04620240751,544.6077687942961,6057.830034388633,6200.118219656271,ALIVE
5.6000000000000005,A0100,-42494.32532310062,-1.9422638541036576,5833.2041721932965,5974.5088911912835,ALIVE
5.6000000000000005,A0200,-42507.87770791821,559.0315695410463,5836.693430878719,5978.112631641555,ALIVE
5.6000000000000005,B0100,42566.546484671075,-0.5524532725466997,5805.229722436623,5947.010324120969,ALIVE
5.6000000000000005,B0200,42571.64406480397,544.561931830116,6065.682821524657,6207.5147678908115,ALIVE
5.800000000000001,A0100,-42420.494271343974,-1.733459773055074,5825.411993008935,5966.2262958954425,ALIVE
5.800000000000001,A0200,-42435.01704911802,559.2978653705468,5828.986323125686,5969.921417575229,ALIVE
5.800000000000001,B0100,42497.63637757092,-0.5866989201895194,5794.635324910414,5935.957490529568,ALIVE
5.800000000000001,B0200,42503.358015331665,544.5131464331516,6073.767169578194,6215.144377056277,ALIVE
6.0,A0100,-42346.58788313292,-1.493858618014201,5817.321964010202,5957.646209937242,ALIVE
6.0,A0200,-42362.10292425051,559.5336590120605,5820.93978040854,5961.391248524961,ALIVE
6.0,B0100,42428.80060059398,-0.6217108449473017,5783.645722191177,5924.510695565433,ALIVE
6.0,B0200,42435.18885626028,544.4613210943116,6082.081088046267,6223.005058339879,ALIVE
6.2,A0100,-42272.61017459882,-1.2244100235366204,5808.8915238111185,5948.726101982877,ALIVE
6.2,A0200,-42289.13362731271,559.698960714144,5812.608684037887,5952.576991566646,ALIVE
6.2,B0100,42360.03931060534,-0.6574636860277678,5772.261356452553,5912.670379951573,ALIVE
6.2,B0200,42367.13736541914,544.4063621636597,6090.62257933768,6231.094815647069,ALIVE
6.4,A0100,-42198.55592854238,-1.0017425191508664,5800.097927289547,5939.443195368013,ALIVE
6.4,A0200,-42216.10301318595,559.8142403488164,5804.059363030125,5943.54493727721,ALIVE
6.4,B0100,42291.35264503652,-0.6939316661409975,5760.482657456076,5900.436971869746,ALIVE
6.4,B0200,42299.20429621573,544.3481738090868,6099.3896384754225,6239.411645305181,ALIVE
6.6000000000000005,A0100,-42124.40833175226,-0.9035368555560126,5791.019461614867,5929.875667300952,ALIVE
6.6000000000000005,A0200,-42143.00601713211,559.9443887658526,5795.31457306268,5934.317815164981,ALIVE
6.6000000000000005,B0100,42222.7406924644,-0.7310886045979714,5748.310044681548,5887.810888890758,ALIVE
6.6000000000000005,B0200,42231.39037769535,544.2866579569563,6108.380253142041,6247.953536115665,ALIVE
6.800000000000001,A0100,-42050.153910429784,-0.8946712582510372,5781.777938704898,5920.145241563201,ALIVE
6.800000000000001,A0200,-42069.8416766735,560.1438755083327,5786.3364012554175,5924.85771383695,ALIVE
6.800000000000001,B0100,42154.20356701088,-0.7689078769235493,5735.743939903936,5874.7925510493815,ALIVE
6.800000000000001,B0200,42163.6963147724,544.2217142458067,6117.592404283059,6256.718469958154,ALIVE
7.0,A0100,-41975.78600614647,-0.843677193934127,5772.406120281348,5910.284639098782,ALIVE
7.0,A0200,-41996.61072280286,560.4126651145598,5777.06149558158,5915.101289706552,ALIVE
7.0,B0100,42085.74141747375,-0.8073623673008115,5722.784763113836,5861.382376827068,ALIVE
7.0,B0200,42096.12278839849,544.1532399644275,6127.024066605918,6265.704422293478,ALIVE
7.2,A0100,-41901.3090278038,-0.6604541986853292,5762.812481778041,5900.202370143289,ALIVE
7.2,A0200,-41923.31339084722,560.7016954345818,5767.457224684082,5905.015911596498,ALIVE
7.2,B0100,42017.354427773185,-0.8464244407132355,5709.432930273695,5847.580780896906,ALIVE
7.2,B0200,42028.67045576316,544.0811299937432,6136.673209000426,6274.9093625860605,ALIVE
7.4,A0100,-41826.737928026116,-0.37572721541073406,5752.898178878562,5889.799694158736,ALIVE
7.4,A0200,-41849.952976601206,560.9603000939787,5757.54969816258,5894.627707909442,ALIVE
7.4,B0100,41949.04281693154,-0.8860659252695768,5695.68885281304,5833.388173631966,ALIVE
7.4,B0200,41961.33995045225,544.005276736294,6146.537794923326,6284.3312546877,ALIVE
7.6000000000000005,A0100,-41752.08571149947,-0.06471887670340948,5742.657068155508,5879.070556065273,ALIVE
7.6000000000000005,A0200,-41776.52996002996,561.1832369768927,5747.3955859865,5883.993352183503,ALIVE
7.6000000000000005,B0100,41880.80683886898,-0.9262580838130816,5681.552937851669,5818.804961316499,ALIVE
7.6000000000000005,B0200,41894.13188262039,543.9255700586564,6156.615782751211,6293.9680571975205,ALIVE
7.800000000000001,A0100,-41677.356998455674,0.26159829735115636,5732.1300713881465,5868.055909678987,ALIVE
7.800000000000001,A0200,-41703.045215531776,561.4166319137148,5737.029948056092,5873.147915423656,ALIVE
7.800000000000001,B0100,41812.64678213757,-0.9669716035296005,5667.0255887256135,5803.831546665976,ALIVE
7.800000000000001,B0200,41827.04683917779,543.8418972155905,6166.905126141442,6303.817723824182,ALIVE
8.0,A0100,-41602.55742839211,0.6345892288918549,5721.3053156652895,5856.743921685559,ALIVE
8.0,A0200,-41629.503650124796,561.7175205807289,5726.43280953083,5862.071462280142,ALIVE
8.0,B0100,41744.562969593724,-1.008176573242963,5652.107205586632,5788.468329434565,ALIVE
8.0,B0200,41760.0853839511,543.7541427834494,6177.403774365972,6313.8782037185765,ALIVE
8.200000000000001,A0100,-41527.6911886491,1.0270669238379924,5710.126060888157,5845.077882829571,ALIVE
8.200000000000001,A0200,-41555.91204272027,562.1024162652502,5715.543261908671,5850.703132994619,ALIVE
8.200000000000001,B0100,41676.55575809159,-1.0498424694487767,5636.79818610127,5772.715707094145,ALIVE
8.200000000000001,B0200,41693.248057877296,543.662188578719,6188.10967264893,6324.147441821275,ALIVE
8.4,A0100,-41452.747281338874,1.3444441324863874,5698.598774734837,5833.064191546324,ALIVE
8.4,A0200,-41482.27261770262,562.5293099979172,5704.310333627087,5838.991969511765,ALIVE
8.4,B0100,41608.6255381514,-1.0919381371750205,5621.098926093382,5756.574075489468,ALIVE
8.4,B0200,41626.53537917063,543.5659135849601,6199.020762510967,6334.623379199767,ALIVE
8.6,A0100,-41377.70546723024,1.540213714401034,5686.829934382131,5820.809194348043,ALIVE
8.6,A0200,-41408.58484145206,562.9289375261251,5692.736329705438,5826.940268837768,ALIVE
8.6,B0100,41540.77273364916,-1.1344317716302612,5605.009820250638,5740.043829522845,ALIVE
8.6,B0200,41559.94784351582,543.4651938748557,6210.134982071837,6345.303953365257,ALIVE
8.8,A0100,-41302.55158659353,1.6953770413638267,5674.917734097062,5808.410995323327,ALIVE
8.8,A0200,-41334.8442654115,563.2622442836109,5680.8772534388445,5814.604002477837,ALIVE
8.8,B0100,41472.997801495745,-1.1772908989223652,5588.531262759872,5723.125363807047,ALIVE
8.8,B0200,41493.48592424524,543.359902521328,6221.4502663975,6356.187098609895,ALIVE
9.0,A0100,-41227.284577818,1.9362884057009069,5662.839141512199,5795.8465596920105,ALIVE
9.0,A0200,-41261.042075349986,563.5517407790758,5668.796150503327,5802.046161606592,ALIVE
9.0,B0100,41405.30123131529,-1.2204823645388387,5571.663647992162,5705.819073326138,ALIVE
9.0,B0200,41427.15007253522,543.2499095163694,6232.964547790245,6367.27074630881,ALIVE
9.200000000000001,A0100,-41151.91671714447,2.2984282678480668,5650.486298843833,5783.0081149592315,ALIVE
9.200000000000001,A0200,-41187.17315839002,563.8598479462344,5656.5093652987925,5789.283064912507,ALIVE
9.200000000000001,B0100,41337.68354513923,-1.2639723068732565,5554.407371132904,5688.125354072482,ALIVE
9.200000000000001,B0200,41360.94071758166,543.1350816763461,6244.675756110973,6378.552825238046,ALIVE
9.4,A0100,-41076.465942023286,2.7154808107698045,5637.803922053992,5769.840497041199,ALIVE
9.4,A0200,-41113.238896956,564.2320016348349,5643.9755473105215,5776.27337790801,ALIVE
9.4,B0100,41270.145297100724,-1.3077261491725949,5536.762828828843,5670.044603691683,ALIVE
9.4,B0200,41294.858266804644,543.0152825562145,6256.58181907745,6390.031261880002,ALIVE
9.600000000000001,A0100,-41000.93882231715,3.1380661401199177,5624.825144419221,5756.376883546919,ALIVE
9.600000000000001,A0200,-41039.242135533874,564.6570608077782,5631.136372704064,5762.958797479436,ALIVE
9.600000000000001,B0100,41202.68707310822,-1.351708569092807,5518.730419810541,5651.577222098011,ALIVE
9.600000000000001,B0200,41228.90310603639,542.8903723573039,6268.680662574221,6401.7039807356805,ALIVE
9.8,A0100,-40925.33860572989,3.592850388788065,5611.576990678766,5742.644322116858,ALIVE
9.8,A0200,-40965.18376702246,565.0811238588212,5617.972778679905,5749.320264297778,ALIVE
9.8,B0100,41135.30949055693,-1.3958834950553864,5500.31054552754,5632.723612100047,ALIVE
9.8,B0200,41163.075599712894,542.7602078165783,6280.970210925032,6413.568904598344,ALIVE
10.0,A0100,-40849.67369622312,4.1016727251517295,5598.013166037208,5728.596575192446,ALIVE
10.0,A0200,-40891.06453905583,565.4595387437985,5604.524859857402,5735.397875074143,ALIVE
10.0,B0100,41068.0131980095,-1.4402140754536958,5481.503610736809,5613.484179999072,ALIVE
10.0,B0200,41097.376091076,542.6246421178657,6293.448387203292,6425.623954860082,ALIVE
10.200000000000001,A0100,-40773.94510454939,4.599641651733691,5584.085092080677,5714.185073991582,ALIVE
10.200000000000001,A0200,-40816.88145537687,565.8016253877977,5590.854570573671,5721.2535666143685,ALIVE
10.200000000000001,B0100,41000.79887489628,-1.4846626682738133,5462.310024130376,5593.859336203355,ALIVE
10.200000000000001,B0200,41031.80490236616,542.4835247864994,6306.11311350066,6437.867051796824,ALIVE
10.4,A0100,-40698.13338425353,4.9941310174363025,5569.8444449907165,5699.4613718923065,ALIVE
10.4,A0200,-40742.63472069579,566.1670350577078,5576.990756141799,5706.916192401186,ALIVE
10.4,B0100,40933.6672312024,-1.5291908212220733,5442.730198915817,5573.849495803839,ALIVE
10.4,B0200,40966.362335027196,542.336701571221,6318.96231120381,6450.296114835164,ALIVE
10.600000000000001,A0100,-40622.216587054325,5.292049540832522,5555.410093069804,5684.544198126671,ALIVE
10.600000000000001,A0200,-40668.331964078905,566.6170153542153,5562.901022885826,5692.353415576414,ALIVE
10.600000000000001,B0100,40866.61900716896,-1.5737592485857022,5422.764553402672,5553.4550791668535,ALIVE
10.600000000000001,B0200,40901.04866990268,542.1840143454301,6331.9939012791965,6462.9090628464555,ALIVE
10.8,A0100,-40546.18402835378,5.610147427749325,5540.8321597550275,5669.483611111504,ALIVE
10.8,A0200,-40593.98372225577,567.1622577659473,5548.515253909947,5677.4951904768795,ALIVE
10.8,B0100,40799.65497297364,-1.6183278208882257,5402.413511589852,5532.67651250639,ALIVE
10.8,B0200,40835.86416744666,542.0253009858534,6345.2058045282265,6475.703814398879,ALIVE
11.0,A0100,-40470.04359663308,6.043040452193964,5526.035347720755,5654.204369190154,ALIVE
11.0,A0200,-40519.59428146827,567.7521281808949,5533.781855444411,5662.28994861373,ALIVE
11.0,B0100,40732.775928434035,-1.662855539125303,5381.677503724011,5511.514228449565,ALIVE
11.0,B0200,40770.809067921946,541.8603952543635,6358.595941862377,6488.678288036773,ALIVE
11.200000000000001,A0100,-40393.81514166982,6.568008437214303,5510.924705577876,5638.611652171505,ALIVE
11.200000000000001,A0200,-40445.16316948399,568.3145104474861,5518.708295028138,5646.745149358598,ALIVE
11.200000000000001,B0100,40665.9827026874,-1.7073005235979508,5360.556966878892,5489.968666603223,ALIVE
11.200000000000001,B0200,40705.883591604026,541.6891266772091,6372.162234541844,6501.830402531567,ALIVE
11.4,A0100,-40317.51186051318,7.111081000068225,5495.495467653738,5622.700780775178,ALIVE
11.4,A0200,-40370.68271580124,568.8148182230361,5503.353219860983,5630.9193885761715,ALIVE
11.4,B0100,40599.276153393395,-1.751619989376195,5339.052345341794,5468.040273939988,ALIVE
11.4,B0200,40641.08793899721,541.5113204183162,6385.902604452334,6515.158077141809,ALIVE
11.600000000000001,A0100,-40241.135075414546,7.6637837958514865,5479.794963247359,5606.519094296864,ALIVE
11.600000000000001,A0200,-40296.18361940133,569.3126282398953,5487.687052019641,5614.783289504207,ALIVE
11.600000000000001,B0100,40532.65712731573,-1.795770266224281,5317.164079647788,5445.72949358098,ALIVE
11.600000000000001,B0200,40576.42229104109,541.3267971489713,6399.814974332643,6528.6592318606945,ALIVE
11.8,A0100,-40164.69112455877,8.269040707002205,5463.815533935554,5590.058976943928,ALIVE
11.8,A0200,-40221.78574320923,569.8554459270927,5471.47332226994,5598.10114696911,ALIVE
11.8,B0100,40466.126431930614,-1.8397068670728913,5294.8926044030795,5423.036762435166,ALIVE
11.8,B0200,40511.88680930535,541.1353729126877,6413.897268023873,6542.331787655649,ALIVE
12.0,A0100,-40088.18991155174,8.912526097492446,5447.492160920268,5573.255475681576,ALIVE
12.0,A0200,-40147.50732705347,570.4081929973363,5454.703492752244,5580.8645311347755,ALIVE
12.0,B0100,40399.684889070704,-1.8833844331984437,5272.23836639004,5399.962529653001,ALIVE
12.0,B0200,40447.48163622337,540.9368589816531,6428.147410712732,6556.173666723812,ALIVE
12.200000000000001,A0100,-40011.62314678951,9.500409448599385,5430.814175099158,5556.097871560157,ALIVE
12.200000000000001,A0200,-40073.345182270335,570.9442128044211,5437.401700215201,5563.097551624918,ALIVE
12.200000000000001,B0100,40333.33334153617,-1.9267566856688063,5249.201822709612,5376.507254800594,ALIVE
12.200000000000001,B0200,40383.20689529742,540.7310617278872,6442.563329163007,6570.182792715723,ALIVE
12.4,A0100,-39934.96461792855,9.97423197133321,5413.876914766894,5538.681339351476,ALIVE
12.4,A0200,-39999.29704950581,571.4388174706182,5419.580275006061,5544.8125180397365,ALIVE
12.4,B0100,40267.072653808005,-1.9697763792682963,5225.783439357458,5352.671406451724,ALIVE
12.4,B0200,40319.06269129668,540.5177824572056,6457.142951936268,6584.357090964684,ALIVE
12.600000000000001,A0100,-39858.19376363029,10.402355917731256,5396.780368605219,5521.1057408527495,ALIVE
12.600000000000001,A0200,-39925.36065629779,571.8673376209008,5401.247699929427,5526.017892537582,ALIVE
12.600000000000001,B0100,40200.90371233342,-2.0123952838512196,5201.983690900084,5328.455461849469,ALIVE
12.600000000000001,B0200,40255.049110494605,540.2968172672918,6471.884209622194,6598.694488720671,ALIVE
12.8,A0100,-39781.30972309056,10.906943529405908,5379.509579311445,5503.356117905197,ALIVE
12.8,A0200,-39851.53336871621,572.204934152116,5382.41204268291,5506.721720022798,ALIVE
12.8,B0100,40134.82742557861,-2.054564152907915,5177.803060605562,5303.859907051555,ALIVE
12.8,B0200,40191.16622086965,540.06795689114,6486.7850350470035,6613.192915359253,ALIVE
13.0,A0100,-39704.3305094808,11.524375255748964,5361.96269362057,5485.330735281712,ALIVE
13.0,A0200,-39777.812022294784,572.426835549184,5363.082514407397,5486.93318564626,ALIVE
13.0,B0100,40068.844724011666,-2.0962327114084474,5153.242040748832,5278.885237223295,ALIVE
13.0,B0200,40127.414072328,539.8309865259016,6501.843363513241,6627.850302617777,ALIVE
13.200000000000001,A0100,-39627.27685401008,12.18869494133105,5344.088647863746,5466.978662165729,ALIVE
13.200000000000001,A0200,-39704.19284885371,572.5086838120733,5343.270152158513,5466.663296885839,ALIVE
13.200000000000001,B0100,40002.956560049905,-2.1373496332780633,5128.301133012239,5253.531957041824,ALIVE
13.200000000000001,B0200,40063.792696917684,539.5856856702176,6517.057132978014,6642.66458478612,ALIVE
13.4,A0100,-39550.15246288335,12.85225167335193,5325.9255629181625,5448.338044184911,ALIVE
13.4,A0200,-39630.671453907344,572.4268856788876,5322.988083211809,5445.925147765374,ALIVE
13.4,B0100,39937.163907981754,-2.1778625229999307,5102.980848881245,5227.800581088969,ALIVE
13.4,B0200,40000.302109053635,539.331827952321,6532.424284279727,6657.633698926977,ALIVE
13.600000000000001,A0100,-39472.958626592736,13.547836115150858,5307.504137965396,5429.4395904817975,ALIVE
13.600000000000001,A0200,-39557.24301279649,572.1589374803225,5302.251630571036,5424.734025657973,ALIVE
13.600000000000001,B0100,39871.46776386739,-2.217717893552617,5077.2817100907305,5201.691634299758,ALIVE
13.600000000000001,B0200,39936.94230572249,539.0691809451127,6547.9427613183925,6672.755585065475,ALIVE
13.8,A0100,-39395.70746898207,14.304891660358408,5288.776444350293,5410.235450611389,ALIVE
13.8,A0200,-39483.90263041029,571.6837064540487,5281.0783364535655,5403.107437040708,ALIVE
13.8,B0100,39805.86914546495,-2.2568611532879004,5051.204249051452,5175.205652378002,ALIVE
13.8,B0200,39873.71326672221,538.797505986633,6563.610511277298,6688.028186406058,ALIVE
14.0,A0100,-39318.4044763673,15.061851099608248,5269.687370621545,5390.670549816066,ALIVE
14.0,A0200,-39410.64494700446,570.9816818816216,5259.4877190658135,5381.064861882564,ALIVE
14.0,B0100,39740.36909210334,-2.295236588530315,5024.749009277912,5148.343182234586,ALIVE
14.0,B0200,39810.614954868084,538.5165579863697,6579.42548478444,6703.449449501663,ALIVE
14.200000000000001,A0100,-39241.02818847011,15.724446949649064,5250.281315756001,5370.789156004912,ALIVE
14.200000000000001,A0200,-39337.46408729717,570.0352049002486,5237.501092527775,5358.627573305932,ALIVE
14.200000000000001,B0100,39674.96866459764,-2.3327873346752313,4997.916545833796,5121.104782421216,ALIVE
14.200000000000001,B0200,39747.64731622373,538.2260852221607,6595.385636118695,6719.017324462652,ALIVE
14.4,A0100,-39163.55033335547,16.296059572714512,5230.672056823632,5350.704873384413,ALIVE
14.4,A0200,-39264.353699550695,568.8286647855384,5215.141379326995,5335.818450339899,ALIVE
14.4,B0100,39609.66894512292,-2.3694553719196847,4970.707425753893,5093.4910235573625,ALIVE
14.4,B0200,39684.810280309575,537.9258291509723,6611.488923379531,6734.729765120316,ALIVE
14.600000000000001,A0100,-39085.958046353706,16.888344795828743,5210.9066418793645,5330.46467434406,ALIVE
14.600000000000001,A0200,-39191.30700062923,567.3486628876835,5192.4329033689755,5312.661771301327,ALIVE
14.600000000000001,B0100,39544.47103710121,-2.405181496294972,4943.122228486405,5065.5024887639975,ALIVE
14.600000000000001,B0200,39622.10376034709,537.6155241859742,6627.733308674951,6750.584729230124,ALIVE
14.8,A0100,-39008.26388463388,17.588191375352835,5190.911085321379,5309.994655718583,ALIVE
14.8,A0200,-39118.31682545746,565.5841470974228,5169.401171604182,5289.182995755377,ALIVE
14.8,B0100,39479.37606507218,-2.4399053135985014,4915.161546312413,5037.139774092811,ALIVE
14.8,B0200,39559.52765346585,537.2948974822557,6644.116758282331,6766.580178619338,ALIVE
15.0,A0100,-38930.492629951565,18.365919297042637,5170.599677890839,5289.209264458787,ALIVE
15.0,A0200,-39045.3756799142,563.526519645915,5146.072649195075,5265.408540059513,ALIVE
15.0,B0100,39414.38517456764,-2.4735652061262954,4886.825984789884,5008.403488954282,ALIVE
15.0,B0200,39497.08184093439,536.9636687112252,6660.637242818273,6782.714079375494,ALIVE
15.200000000000001,A0100,-38852.655259400286,19.149888856385587,5149.9793200948425,5268.115470260981,ALIVE
15.200000000000001,A0200,-38972.47579648095,561.1697208717433,5122.474531617749,5241.365549823556,ALIVE
15.200000000000001,B0100,39349.49953196621,-2.506098333702539,4858.1161631661125,4979.294256541201,ALIVE
15.200000000000001,B0200,39434.766188387475,536.6215498337242,6677.292737410495,6798.984402004239,ALIVE
15.4,A0100,-38774.749300193034,19.94208632821028,5129.10176566972,5246.765013265059,ALIVE
15.4,A0200,-38899.60919156967,558.5102928699198,5098.634514262094,5217.08166988535,ALIVE
15.4,B0100,39284.72032436336,-2.537440601428898,4829.032714820078,4949.812714259023,ALIVE
15.4,B0200,39372.5805460382,536.268244854502,6694.081221837576,6815.389121587157,ALIVE
15.600000000000001,A0100,-38696.78290551101,20.793449916383906,5107.954691141318,5225.145622230354,ALIVE
15.600000000000001,A0200,-38826.7677176672,555.5474892367729,5074.580503144527,5192.58475536696,ALIVE
15.600000000000001,B0100,39220.04875940588,-2.5675266521884623,4799.576287675602,4919.9595141459795,ALIVE
15.600000000000001,B0200,39310.52474893028,535.9034495761862,6711.000680694175,6831.926217935059,ALIVE
15.8,A0100,-38618.77103051514,21.689240640485878,5086.467687263532,5203.1869817290935,ALIVE
15.8,A0200,-38753.94313473574,552.2832899718596,5050.340351348472,5167.902608554835,ALIVE
15.8,B0100,39155.48606514542,-2.5962898488596693,4769.747544638041,4889.73532329889,ALIVE
15.8,B0200,39248.59861713291,535.5268513470528,6728.049103543757,6848.59367574808,ALIVE
16.0,A0100,-38540.70557738644,22.533692146114845,5064.629460723845,5180.877751081315,ALIVE
16.0,A0200,-38681.1271974107,548.7223058735381,5025.941664996231,5143.06278539553,ALIVE
16.0,B0100,39091.033489872854,-2.623662256200987,4739.547164007576,4859.140824293277,ALIVE
16.0,B0200,39186.80195599521,535.1381287944223,6745.224485049392,6865.389484754214,ALIVE
16.2,A0100,-38462.55535238939,23.272262252388828,5042.5335468032645,5158.311277753937,ALIVE
16.2,A0200,-38608.31172114196,544.8717648293004,5001.411587879302,5118.092380516336,ALIVE
16.2,B0100,39026.692301946474,-2.649574623515946,4708.975839901337,4828.176715601224,ALIVE
16.2,B0200,39125.13455635877,534.7369515483515,6762.524825118591,6882.311639848968,ALIVE
16.400000000000002,A0100,-38384.29616584227,23.97633063422836,5020.27069521583,5135.57816777738,ALIVE
16.400000000000002,A0200,-38535.48864908115,540.7414796405083,4976.776586885289,5093.017813044119,ALIVE
16.400000000000002,B0100,38962.463789614325,-2.6739563789396925,4678.034282683195,4796.84371201036,ALIVE
16.400000000000002,B0200,39063.59619479085,534.3229799652945,6779.948129036504,6899.358141231626,ALIVE
16.6,A0100,-38305.93059629211,24.758976780356534,4997.816003860313,5112.653539355993,ALIVE
16.6,A0200,-38462.65012096437,536.3437975037814,4952.062239325265,5067.864614327225,ALIVE
16.6,B0100,38898.34926082942,-2.6967356045297493,4646.723219361102,4765.142545037172,ALIVE
16.6,B0200,39002.186633806894,533.8958648339903,6797.492407595493,6916.526994538093,ALIVE
16.8,A0100,-38227.48301361845,25.639452177583735,4975.073287944302,5089.4413592163655,ALIVE
16.8,A0200,-38389.78854400169,531.6935329451044,4927.293022088812,5042.6572174934245,ALIVE
16.8,B0100,38834.350043061524,-2.7178390262397443,4615.043394021819,4733.073963342584,ALIVE
16.8,B0200,38940.90562210557,533.455247072241,6815.155677216524,6933.816210968069,ALIVE
17.0,A0100,-38148.97343822743,26.546260961265943,4952.0106982677935,5065.90990098154,ALIVE
17.0,A0200,-38316.896665926266,526.8078841924707,4902.49210253574,5017.418748739448,ALIVE
17.0,B0100,38770.467483087705,-2.73719200222331,4582.9955682433465,4700.638733150948,ALIVE
17.0,B0200,38879.75289480377,533.0007574191659,6832.935960074903,6951.223807402003,ALIVE
17.2,A0100,-38070.399954551016,27.44565129822695,4928.678564066935,5042.109483669717,ALIVE
17.2,A0200,-38243.96765012619,521.7063318930686,4877.681131265021,4992.170820516765,ALIVE
17.2,B0100,38706.70294679556,-2.754718506395875,4550.580521488422,4667.837638639507,ALIVE
17.2,B0200,38818.728173648415,532.5320161144791,6850.8312841941515,6968.7478065112355,ALIVE
17.400000000000002,A0100,-37991.763628003566,28.385258911814162,4905.10157345536,5018.06480380329,ALIVE
17.400000000000002,A0200,-38170.99730451133,516.4215829900277,4852.869513309659,4966.922817074973,ALIVE
17.400000000000002,B0100,38643.05781896353,-2.7703411159727693,4517.799051529233,4634.671482364199,ALIVE
17.400000000000002,B0200,38757.83116725969,532.0486325630045,6868.839683578823,6986.38623688176,ALIVE
17.6,A0100,-37913.082008401645,29.39340740899752,4881.220865082529,4993.71710763976,ALIVE
17.6,A0200,-38097.99186305485,511.01318214549974,4828.03788466343,4941.655418559766,ALIVE
17.6,B0100,38579.533503032886,-2.7839810015811963,4484.651974852213,4601.1410856593375,ALIVE
17.6,B0200,38697.06157136117,531.5502049895822,6886.959198304437,7004.13713310847,ALIVE
17.8,A0100,-37834.36241105264,30.40005296453819,4856.982475001369,4969.012476812133,ALIVE
17.8,A0200,-38024.954560277336,505.52428186163706,4803.174060102634,4916.356464146841,ALIVE
17.8,B0100,38516.131420877515,-2.7955579185090755,4451.140127055547,4567.247289028216,ALIVE
17.8,B0200,38636.41906900013,531.0363200874544,6905.1878746119,7021.998535897351,ALIVE
18.0,A0100,-37755.57888587143,31.314703905396527,4832.437767228246,4944.002121970913,ALIVE
18.0,A0200,-37951.88562930627,499.98410295929534,4778.276055707851,4891.023974915609,ALIVE
18.0,B0100,38452.8530125784,-2.804990183283735,4417.264363252509,4532.990952557552,ALIVE
18.0,B0200,38575.90333079092,530.5065526539674,6923.523765006998,7039.968492158586,ALIVE
18.2,A0100,-37676.69903129613,32.15429897123977,4807.694161708285,4918.79327245734,ALIVE
18.2,A0200,-37878.784350545946,494.4167363698489,4753.3455108743765,4865.659589050734,ALIVE
18.2,B0100,38389.69973614873,-2.8121946816336276,4383.025558475118,4498.3729563035495,ALIVE
18.2,B0200,38515.51401513819,529.9604652036596,6941.964928340374,7058.045055091721,ALIVE
18.400000000000002,A0100,-37597.71249987166,33.029657824503374,4782.779088176569,4893.413300702423,ALIVE
18.400000000000002,A0200,-37805.65002816917,488.8445512132512,4728.384515778478,4840.265395461095,ALIVE
18.400000000000002,B0100,38326.67306729601,-2.81708684608202,4348.424608048084,4463.394200679088,ALIVE
18.400000000000002,B0200,38455.25076846531,529.3976075810424,6960.509429886582,7076.226284273092,ALIVE
18.6,A0100,-37518.63898496046,34.00492936745832,4757.611513373549,4867.781294779927,ALIVE
18.6,A0200,-37732.482461259,483.2893843134025,4703.39414822371,4814.842473546874,ALIVE
18.6,B0100,38263.77449916319,-2.819580648756528,4313.4624280090175,4428.05560685682,ALIVE
18.6,B0200,38395.113225452114,528.8175165520151,6979.155341421132,7094.510245722816,ALIVE
18.8,A0100,-37439.50537962241,35.03091210110688,4732.126788047695,4841.832767111975,ALIVE
18.8,A0200,-37659.282172159,477.7728482276143,4678.373813040889,4789.390233940888,ALIVE
18.8,B0100,38201.00554203119,-2.8195886002831685,4278.1399554766285,4392.358117147279,ALIVE
18.8,B0200,38335.10100926054,528.2197153869383,6997.90074129688,7112.895011985415,ALIVE
19.0,A0100,-37360.315262376855,36.0463222476792,4706.355815844214,4815.598643590683,ALIVE
19.0,A0200,-37586.05051753848,472.316291119525,4653.320958631572,4763.906135669053,ALIVE
19.0,B0100,38138.36772305149,-2.817021733353613,4242.458149032962,4356.3026953724475,ALIVE
19.0,B0200,38275.21373176982,527.6037134299113,7016.743714475386,7131.3786621809095,ALIVE
19.200000000000003,A0100,-37281.06312384653,37.077247782577615,4680.349678819322,4789.129975444508,ALIVE
19.200000000000003,A0200,-37512.789740599954,466.9406184951331,4628.230976857018,4738.385586302975,ALIVE
19.200000000000003,B0100,38075.862585954615,-2.8117896027615643,4206.417989119247,4319.890327255225,ALIVE
19.200000000000003,B0200,38215.45099380463,526.9690056430773,7035.68235261365,7149.959282068402,ALIVE
19.400000000000002,A0100,-37201.76274085015,38.17998014673867,4654.078029771297,4762.396498821911,ALIVE
19.400000000000002,A0200,-37439.5029903743,461.66605999484455,4603.097200596609,4712.821939542532,ALIVE
19.400000000000002,B0100,38013.49169075072,-2.803800278250492,4170.020478393459,4283.122020792997,ALIVE
19.400000000000002,B0200,38155.81238537087,526.3150721513684,7054.7147541005015,7168.634964092634,ALIVE
19.6,A0100,-37122.43323702752,39.324739320469234,4627.465462443513,4735.32292146636,ALIVE
19.6,A0200,-37366.19431894039,456.5119158132402,4577.910962369968,4687.206553781069,ALIVE
19.6,B0100,37951.25661340997,-2.7929603374086582,4133.266642110033,4245.9988066096275,ALIVE
19.6,B0200,38096.29748588267,525.64137775364,7073.839024085071,7187.403807423726,ALIVE
19.8,A0100,-37043.061752570604,40.41110062532971,4600.514530167318,4707.911722506371,ALIVE
19.8,A0200,-37292.86866040627,451.49629958644437,4552.661699206252,4661.528896770608,ALIVE
19.8,B0100,37889.15894554663,-2.779174864792367,4096.157528484629,4208.521738341522,ALIVE
19.8,B0200,38036.90586439005,524.9473714397991,7093.053274515638,7206.263917988974,ALIVE
20.0,A0100,-36963.61220614422,41.40339255127947,4573.323191937612,4680.260651767785,ALIVE
20.0,A0200,-37219.531792627415,446.6358884876299,4527.3370976856895,4635.776690380463,ALIVE
20.0,B0100,37827.20029409585,-2.76234744669091,4058.6942090598495,4170.691892978266,ALIVE
20.0,B0200,37977.63707981749,524.2324858629217,7112.355624174414,7225.213408506909,ALIVE
20.200000000000003,A0100,-36884.061673507735,42.38644744709018,4545.960579692686,4652.438711068511,ALIVE
20.200000000000003,A0200,-37146.19028170906,441.94568966089173,4501.923276051299,4609.936092335773,ALIVE
20.200000000000003,B0100,37765.38228097707,-2.7423801706463564,4020.877779053846,4132.510371230516,ALIVE
20.200000000000003,B0200,37918.49067998837,523.4961367403248,7131.744202412907,7244.2504022263975,ALIVE
20.400000000000002,A0100,-36804.4211135807,43.454266758246376,4518.379034900781,4624.398310174325,ALIVE
20.400000000000002,A0200,-37072.85140924331,437.4388316729601,4476.405000436656,4583.991911956519,ALIVE
20.400000000000002,B0100,37703.70654273705,-2.719173622335802,3982.709357717442,4093.978297870642,ALIVE
20.400000000000002,B0200,37859.46620422752,522.7377200563496,7151.21724318308,7263.373126963869,ALIVE
20.6,A0100,-36724.72014857218,44.59288209056831,4490.495567784212,4596.05663424553,ALIVE
20.6,A0200,-36999.52308292078,433.12638953941314,4450.765931018663,4557.927855754817,ALIVE
20.6,B0100,37642.1747302033,-2.6926268874940433,3944.19008867551,4055.096822074503,ALIVE
20.6,B0200,37800.56325248903,521.9566051666297,7170.773221778101,7282.580052255419,ALIVE
20.8,A0100,-36644.971002215316,45.72873656682896,4462.312487207333,4567.416063938275,ALIVE
20.8,A0200,-36926.213731795244,429.0172512961926,4424.98889227395,4531.72679704282,ALIVE
20.8,B0100,37580.78850811374,-2.6626375525847834,3905.321140275617,4015.867117773441,ALIVE
20.8,B0200,37741.78149050649,521.152135885779,7190.410773605414,7301.869808154917,ALIVE
21.0,A0100,-36565.164717131134,46.858095544132084,4433.891842353196,4538.538597874439,ALIVE
21.0,A0200,-36852.932190187064,425.1180294244241,4399.056146888224,4505.371049146879,ALIVE
21.0,B0100,37519.54955473979,-2.6291017044059117,3866.103705903819,3976.290383959723,ALIVE
21.0,B0200,37683.12061112758,520.323634140932,7210.128602631479,7321.241093454088,ALIVE
21.200000000000003,A0100,-36485.307242557414,48.04674704425088,4405.237437348795,4509.428076683056,ALIVE
21.200000000000003,A0200,-36779.68758438973,421.4330280108952,4372.949672047349,4478.8426410175325,ALIVE
21.200000000000003,B0100,37458.459561501935,-2.591913932463285,3826.539004330545,3936.36784503513,ALIVE
21.200000000000003,B0200,37624.580316963504,519.4704010612786,7229.925443651151,7340.692637840752,ALIVE
21.400000000000002,A0100,-36405.423470062975,49.30719940498966,4376.273558392186,4480.008931655082,ALIVE
21.400000000000002,A0200,-36706.48963428527,417.96430635065553,4346.6516354007,4452.123794924507,ALIVE
21.400000000000002,B0100,37397.520232584146,-2.5509673388314695,3786.628280026065,3896.1007511175335,ALIVE
21.400000000000002,B0200,37566.16031384939,518.5917168819378,7249.800047910539,7360.2231874976815,ALIVE
21.6,A0100,-36325.516967933,50.5517241147827,4346.9597052270365,4450.240683764899,ALIVE
21.6,A0200,-36633.34862178107,414.71177911340965,4320.144719181424,4425.197250364995,ALIVE
21.6,B0100,37336.73328451481,-2.5061535342574643,3746.372803459548,3855.4903783520135,ALIVE
21.6,B0200,37507.86030843825,517.68684041917,7269.751177594164,7379.8314995603805,ALIVE
21.8,A0100,-36245.55441077719,51.704683707164804,4317.3653249976305,4420.192590117797,ALIVE
21.8,A0200,-36560.2747542204,411.67329924149635,4293.41216949519,4398.046309684512,ALIVE
21.8,B0100,37276.10044575676,-2.4573626534565847,3705.773871434838,3814.538029221976,ALIVE
21.8,B0200,37449.680007369156,516.7550083516562,7289.777603621833,7399.51633991881,ALIVE
22.0,A0100,-36165.50305203,52.81073890096377,4287.583608319359,4389.957656820265,ALIVE
22.0,A0200,-36487.27800902706,408.84480173318843,4266.437981867863,4370.655022760841,ALIVE
22.0,B0100,37215.62345629504,-2.404483354081094,3664.832807357803,3773.2450328318864,ALIVE
22.0,B0200,37391.61911704554,515.795434450969,7309.878104742071,7419.276482303346,ALIVE
22.200000000000003,A0100,-36085.36201578807,53.974332339703324,4257.60743860979,4359.528766617323,ALIVE
22.200000000000003,A0200,-36414.36801605899,406.22049527801755,4239.207063444821,4343.008348561898,ALIVE
22.200000000000003,B0100,37155.30406718619,-2.347402829565908,3623.5509615513074,3731.6127452138458,ALIVE
22.200000000000003,B0200,37333.677343628515,514.8073087565717,7330.051467073157,7439.110707832852,ALIVE
22.400000000000002,A0100,-36005.15943117273,55.21916707455421,4227.3526578191995,4328.821924915248,ALIVE
22.400000000000002,A0200,-36341.553955195945,403.79308288997345,4211.705348281699,4315.092269875735,ALIVE
22.400000000000002,B0100,37095.144040132145,-2.286006820404509,3581.929711526178,3689.642549596694,ALIVE
22.400000000000002,B0200,37275.85439313148,513.7897967354438,7350.296483855549,7459.017804758075,ALIVE
22.6,A0100,-35924.91640826517,56.475524902081816,4196.792528701104,4297.810515314287,ALIVE
22.6,A0200,-36268.8444741978,401.55399410205973,4183.919860261092,4286.89385582149,ALIVE
22.6,B0100,37035.14514701384,-2.220179619233022,3539.970462260102,3647.3358566762568,ALIVE
22.6,B0200,37218.149971561375,512.7420384296602,7370.611955235578,7478.996568256116,ALIVE
22.8,A0100,-35844.62471284649,57.71051041521605,4165.985623794364,4266.5530644041955,ALIVE
22.8,A0200,-36196.24762940187,399.4936116699864,4155.838723993054,4258.4012724399,ALIVE
22.8,B0100,36975.309169438384,-2.1498040846545337,3497.674646465539,3604.694104890123,ALIVE
22.8,B0200,37160.56378504798,511.6631475643899,7390.996688089186,7499.045800246489,ALIVE
23.0,A0100,-35764.28119221736,58.983350662714656,4134.966731549726,4235.084344767255,ALIVE
23.0,A0200,-36123.770849592845,397.6014769587964,4127.451129125657,4229.603746864727,ALIVE
23.0,B0100,36915.63789826879,-2.074761656798728,3455.043724841915,3561.718760659504,ALIVE
23.0,B0200,37103.09554001181,510.5522106551598,7411.449495811943,7519.164309187871,ALIVE
23.200000000000003,A0100,-35683.910326662226,60.341981015555575,4103.675928290906,4203.344572809219,ALIVE
23.200000000000003,A0200,-36051.42092125607,395.86646049029514,4098.7472579389905,4200.491494868517,ALIVE
23.200000000000003,B0100,36856.13313313192,-1.9949323678029032,3412.079186330502,3518.411318645847,ALIVE
23.200000000000003,B0200,37045.74494331343,509.40828607570984,7431.969198138882,7539.350909896428,ALIVE
23.400000000000002,A0100,-35603.530869776674,61.72672526917995,4072.042423947829,4171.263064551956,ALIVE
23.400000000000002,A0200,-35979.20399158585,394.2768879102914,4069.718189488016,4171.055625073341,ALIVE
23.400000000000002,B0100,36796.79668193745,-1.910194864611185,3368.782548345891,3474.77330197793,ALIVE
23.400000000000002,B0200,36988.511702404634,508.23040309947646,7452.554620914032,7559.604423315311,ALIVE
23.6,A0100,-35523.11906929409,63.0395990762845,4040.097323458167,4138.870791681022,ALIVE
23.6,A0200,-35907.12558402749,392.8206163559553,4040.3557957886624,4141.288035270032,ALIVE
23.6,B0100,36737.6303603821,-1.8204264144951594,3325.155357011583,3430.806262484631,ALIVE
23.6,B0200,36931.3955254998,507.0175609240432,7473.204595858098,7579.923676285297,ALIVE
23.8,A0100,-35442.63613661307,64.28063243180623,4007.939231065853,4106.266142828876,ALIVE
23.8,A0200,-35835.190620333895,391.48506173441274,4010.6526458927,4111.181316642559,ALIVE
23.8,B0100,36678.63599143272,-1.7255029284078773,3281.199187375476,3386.511780906129,ALIVE
23.8,B0200,36874.396121716345,505.76872765713597,7493.917960311959,7600.307501285899,ALIVE
24.0,A0100,-35362.068419740426,65.54668979029884,3975.5991652316425,4073.480064008135,ALIVE
24.0,A0200,-35763.40344280643,390.2571827175343,3980.601932458836,4080.7286805121335,ALIVE
24.0,B0100,36619.81540480683,-1.6252989848762809,3236.9156436106423,3341.8914670971485,ALIVE
24.0,B0200,36817.51320124814,504.48283926588556,7514.6935569614125,7620.75473616626,ALIVE
24.200000000000003,A0100,-35281.43884474235,66.89329370603082,3943.0066550912634,4040.442215830368,ALIVE
24.200000000000003,A0200,-35691.76783082676,389.1234326969334,3950.197431594648,4049.92391829038,ALIVE
24.200000000000003,B0100,36561.170436459564,-1.5196878415499668,3192.306359234006,3296.946960233617,ALIVE
24.200000000000003,B0200,36760.746475513166,503.15879850901365,7535.530233529424,7641.264223830629,ALIVE
24.400000000000002,A0100,-35200.775280028465,68.26722030907149,3910.111576372321,4007.102630142814,ALIVE
24.400000000000002,A0200,-35620.28701661655,388.0697025196132,3919.433481784099,4018.761380521989,ALIVE
24.400000000000002,B0100,36502.70292803183,-1.4085414588953427,3147.3729972644833,3251.6799289795786,ALIVE
24.400000000000002,B0200,36704.09565730134,501.79547381232805,7556.426842445808,7661.834811919293,ALIVE
24.6,A0100,-35120.07398265594,69.61294051329423,3876.958826227061,3973.5061834895077,ALIVE
24.6,A0200,-35548.96367807733,387.081247995322,3888.305027864484,3987.2360208568725,ALIVE
24.6,B0100,36444.41472632088,-1.291730531875146,3102.1172504230744,3206.092071672276,ALIVE
24.6,B0200,36647.56046095018,500.3916981352031,7577.382240504296,7682.46535245545,ALIVE
24.8,A0100,-35039.32370982639,70.97226016194509,3843.606064617823,3939.7104751276374,ALIVE
24.8,A0200,-35477.799903768086,386.1426211382841,3856.8077369270686,3955.3435117714316,ALIVE
24.8,B0100,36386.3076827177,-1.1691245011497813,3056.5408412800243,3160.1851164765717,ALIVE
24.8,B0200,36591.140602472035,498.9462677699339,7598.395288460342,7703.154701447788,ALIVE
25.0,A0100,-34958.543570616486,72.41727733496555,3810.0185575989744,3905.6808788674684,ALIVE
25.0,A0200,-35406.79715658113,385.23764354375817,3824.9381324571204,3923.080378544757,ALIVE
25.0,B0100,36328.383652647164,-1.0405915857791115,3010.6455224079,3113.960821531427,ALIVE
25.0,B0200,36534.83579972055,497.45794112704425,7619.464850616316,7723.901718481726,ALIVE
25.200000000000003,A0100,-34877.76348148004,73.92394610672454,3776.1100218264946,3871.331276877782,ALIVE
25.200000000000003,A0200,-35335.956225266455,384.34941727605474,3792.69375321147,3890.4441578858437,ALIVE
25.200000000000003,B0100,36270.64449500535,-0.9059988091485138,2964.4330765255727,3067.4209750906975,ALIVE
25.200000000000003,B0200,36478.64577253274,495.9254374712764,7640.589794365902,7744.705266258404,ALIVE
25.400000000000002,A0100,-34796.97426008814,75.38911996287425,3741.871879461589,3836.6530402033122,ALIVE
25.400000000000002,A0200,-35265.27716381137,383.460380347271,3760.0733281239864,3857.433572562969,ALIVE
25.400000000000002,B0100,36213.09206778468,-0.765212004112982,2917.9053133826783,3020.567392376751,ALIVE
25.400000000000002,B0200,36422.57024286022,494.347435603293,7661.768989700728,7765.564210101897,ALIVE
25.6,A0100,-34716.13550089265,76.77200390722282,3707.392160631405,3801.7339778386295,ALIVE
25.6,A0200,-35194.759257142425,382.5524372192467,3727.0769156260703,3824.0486705678436,ALIVE
25.6,B0100,36155.72816680578,-0.6180954957344511,2871.0640166279045,2973.4018621180685,ALIVE
25.6,B0200,36366.60893492788,492.7225725292592,7683.001308673607,7786.477417427812,ALIVE
25.8,A0100,-34635.221924446,78.1480855066311,3672.7316335655414,3766.634722761771,ALIVE
25.8,A0200,-35124.40098141438,381.6071149129002,3693.7060433358292,3790.2909646419794,ALIVE
25.8,B0100,36098.55453942063,-0.4645120583700191,2823.9109518329788,2925.926154642865,ALIVE
25.8,B0200,36310.761575352204,491.04944205385436,7704.285624826793,7807.443757166469,ALIVE
26.0,A0100,-34554.24828713003,79.59450391987957,3637.8433123449668,3731.308373335424,ALIVE
26.0,A0200,-35054.1999698664,380.6057513420692,3659.9638252921704,3756.163549377555,ALIVE
26.0,B0100,36041.57293412645,-0.30432319516694406,2776.4479095656407,2878.1420652358174,ALIVE
26.0,B0200,36255.027893286635,489.3265933587463,7725.620812552461,7828.462099130452,ALIVE
26.200000000000003,A0100,-34473.24603179537,81.08158766971974,3602.662423051399,3695.690328205499,ALIVE
26.200000000000003,A0200,-34984.152990747716,379.5297112675107,3625.855045863771,3721.6711850672186,ALIVE
26.200000000000003,B0100,35984.78510065956,-0.13738920395917376,2728.6767072707553,2830.0514160195353,ALIVE
26.200000000000003,B0200,36199.40762052077,487.5525295113748,7747.005746429013,7849.5313133458085,ALIVE
26.400000000000002,A0100,-34392.21829302844,82.54040796673144,3567.2149742497713,3659.806612623015,ALIVE
26.400000000000002,A0200,-34914.25593919953,378.3606202759147,3591.3862066415786,3686.8203446091593,ALIVE
26.400000000000002,B0100,35928.19278917057,0.03643077082961099,2680.5991895974657,2781.6560562849822,ALIVE
26.400000000000002,B0200,36143.90049162905,485.7257059429121,7768.439300487542,7870.650269323084,ALIVE
26.6,A0100,-34311.14813953266,83.98998917926292,3531.5718822578565,3623.7280520886275,ALIVE
26.6,A0200,-34844.503844161576,377.0806071154693,3556.5655351361966,3651.6192223081202,ALIVE
26.6,B0100,35871.79774958156,0.21727870678114414,2632.217228544787,2732.9578626220555,ALIVE
26.6,B0200,36088.50624404945,483.8445288676212,7789.920347424828,7891.817835263631,ALIVE
26.8,A0100,-34230.04613285331,85.51457588062658,3495.7269337060934,3587.448492632264,ALIVE
26.8,A0200,-34774.89089035919,375.6725454055795,3521.4029561613224,3616.0777054489467,ALIVE
26.8,B0100,35815.60173098978,0.40529767958105367,2583.532723534723,2683.958738994527,ALIVE
26.8,B0200,36033.22461820923,481.90735366782064,7811.447757743579,7913.032877215952,ALIVE
27.0,A0100,-34148.94839935556,87.12672887945155,3459.591872381876,3550.87987385982,ALIVE
27.0,A0200,-34705.41045477277,374.12028698331414,3485.910028721055,3580.207311427966,ALIVE
27.0,B0100,35759.606481100665,0.6006318195049971,2534.5476014387477,2634.6606167752416,ALIVE
27.0,B0200,35978.05535760716,479.91248321571766,7833.020398841341,7934.294258145753,ALIVE
27.200000000000003,A0100,-34067.86219080285,88.73250974565963,3423.12289908596,3513.978434432173,ALIVE
27.200000000000003,A0200,-34636.055156275455,372.4088806161908,3450.0998522538375,3544.0210943470806,ALIVE
27.200000000000003,B0100,35703.81374563408,0.8034262822056917,2485.2638166023225,2585.0654547495246,ALIVE
27.200000000000003,B0200,35922.99820888303,477.8581661584358,7854.637134023074,7955.600836960575,ALIVE
27.400000000000002,A0100,-33986.75045808413,90.25869829684416,3386.3862697872682,3476.810230713165,ALIVE
27.400000000000002,A0200,-34566.81691686397,370.52477147669924,3413.9869469702444,3507.5335257203133,ALIVE
27.400000000000002,B0100,35648.225267776135,1.01382722474591,2435.683350836047,2535.1752391129107,ALIVE
27.400000000000002,B0200,35868.052921908056,475.74259514207006,7876.296821412958,7976.951467423153,ALIVE
27.6,A0100,-33905.57877644014,91.75127841112771,3349.4615232711894,3439.4546191632453,ALIVE
27.6,A0200,-34497.68703261238,368.4559783592722,3377.5871131698896,3470.7603542286874,ALIVE
27.6,B0100,35592.84278759218,1.2319817580264498,2385.808213395667,2484.9919834518405,ALIVE
27.6,B0200,35813.21924983132,473.563904995719,7897.9983128354925,7998.344997023893,ALIVE
27.8,A0100,-33824.35171949188,93.29738504665147,3312.3291752681707,3401.89214351179,ALIVE
27.8,A0200,-34428.65625261214,366.1922469698493,3340.9172742343635,3433.7184491924913,ALIVE
27.8,B0100,35537.66804143798,1.4580379178441945,2335.640440950254,2434.517728703919,ALIVE
27.8,B0200,35758.49694911837,471.32017085881125,7919.740452541451,8019.78026571596,ALIVE
28.0,A0100,-33743.1010421269,94.89291620769109,3274.9193898836656,3364.0531386637867,ALIVE
28.0,A0200,-34359.71486412981,363.72517883760884,3303.9953076908023,3396.425632117716,ALIVE
28.0,B0100,35482.70276139237,1.6921446303367702,2285.1820975446117,2383.7545431170406,ALIVE
28.0,B0200,35703.88577958677,469.0094062645985,7941.52207590125,8041.256104604951,ALIVE
28.200000000000003,A0100,-33661.83757835927,96.46468301284767,3237.2381513913715,3325.94364570103,ALIVE
28.200000000000003,A0200,-34290.85278254211,361.04833612177026,3266.8398680480204,3358.9005000591696,ALIVE
28.200000000000003,B0100,35427.94867466153,1.9344516675882915,2234.4352745274537,2332.7045221812577,ALIVE
28.200000000000003,B0200,35649.38550440702,466.62956116656096,7963.342007949897,8062.771334489814,ALIVE
28.400000000000002,A0100,-33580.54159368749,98.00808898800642,3199.360833139963,3287.6389335393637,ALIVE
28.400000000000002,A0200,-34222.05964479085,358.15732329363163,3229.4702044772257,3321.162243814945,ALIVE
28.400000000000002,B0100,35373.40750299512,2.1851096184946073,2183.402090492127,2281.36978855952,ALIVE
28.400000000000002,B0200,35594.99589009677,464.1785199225051,7985.1990618553755,8084.324764341322,ALIVE
28.6,A0100,-33499.21367775187,99.60900864984433,3161.3086550392727,3249.160227423012,ALIVE
28.6,A0200,-34153.32490542615,355.0498468268488,3191.9059757364903,3283.230463393486,ALIVE
28.6,B0100,35319.08096207716,2.4442698381517403,2132.084691172802,2229.752491990024,ALIVE
28.6,B0200,35540.716706492305,461.65409923088737,8007.092037248898,8105.915189622716,ALIVE
28.8,A0100,-33417.89134454265,101.31308304609774,3123.0019326517267,3210.4280422508955,ALIVE
28.8,A0200,-34084.637934484264,351.72575422997943,3154.1670641997644,3245.124982558653,ALIVE
28.8,B0100,35264.97076095342,2.7120844216187834,2080.4852493562703,2177.8548091851535,ALIVE
28.8,B0200,35486.54772668247,459.0540460193588,8029.019718439453,8127.541390507016,ALIVE
29.0,A0100,-33336.59753335885,103.04584996171252,3084.3692897650253,3171.37112115334,ALIVE
29.0,A0200,-34015.98826108969,348.1870575162757,3116.2734696279513,3206.8657439169824,ALIVE
29.0,B0100,35211.078601410205,2.988706144364187,2028.605964756107,2125.678943711123,ALIVE
29.0,B0200,35432.48872694862,456.37603528455475,8050.980872496317,8149.202129963762,ALIVE
29.200000000000003,A0100,-33255.303266173,104.71223086580176,3045.4489285609834,3132.027512248519,ALIVE
29.200000000000003,A0200,-33947.36595407383,344.4379281255551,3078.245279755478,3168.472781501797,ALIVE
29.200000000000003,B0100,35157.406177386736,3.274288438620715,1976.4490638880034,2073.22712586194,ALIVE
29.200000000000003,B0200,35378.53948662491,453.6176678998745,8072.974247187323,8170.89615168905,ALIVE
29.400000000000002,A0100,-33173.9679958196,106.32543253679796,3006.328124601436,3092.4842794558886,ALIVE
29.400000000000002,A0200,-33878.7613385459,340.48466012504105,3040.1022807014924,3129.965829649732,ALIVE
29.400000000000002,B0100,35103.95517438069,3.5689853382718866,1924.0167999255063,2020.5016125015736,ALIVE
29.400000000000002,B0200,35324.69978798984,450.7764683754576,8094.998568776116,8192.622177904997,ALIVE
29.6,A0100,-33092.585339608406,107.97198371269587,2967.0144700764195,3052.7489847514184,ALIVE
29.6,A0200,-33810.16501309655,336.3356470555791,3001.863732976908,3091.3640990749955,ALIVE
29.6,B0100,35050.72726882396,3.8729514406459202,1871.3114525308374,1967.5046869061262,ALIVE
29.6,B0200,35270.969416072556,447.84988259142665,8117.052539614026,8214.378906958224,ALIVE
29.8,A0100,-33011.18453277736,109.67145161323606,2927.441344568435,3012.755161870551,ALIVE
29.8,A0200,-33741.56794875199,332.0013376949628,2963.5481927153523,3052.6860986076326,ALIVE
29.8,B0100,34997.72412749336,4.186341857252046,1818.3353276841171,1914.2386585832924,ALIVE
29.8,B0200,35217.348158453155,444.8352754903808,8139.13483563893,8236.165010803656,ALIVE
30.0,A0100,-32929.78343817696,111.3540458471416,2887.596482957111,2972.4906374397847,ALIVE
30.0,A0200,-33672.961574930094,327.4941693170931,2925.173328798932,3013.949452731684,ALIVE
30.0,B0100,34944.94740690002,4.509312172705904,1765.0907575011006,1860.7058630861432,ALIVE
30.0,B0200,35163.83580500934,441.7299287524347,8161.244103609006,8257.97913224988,ALIVE
30.200000000000003,A0100,-32848.36214310146,112.9937237830618,2847.5527229052514,2932.028145248544,ALIVE
30.200000000000003,A0200,-33604.33781169607,322.8284794832434,2886.755715430003,2975.1706942986043,ALIVE
30.200000000000003,B0100,34892.398752687935,4.8420184010210505,1711.5801000018,1806.9086617894382,ALIVE
30.200000000000003,B0200,35110.43214762287,438.5310384377826,8183.3789581996425,8279.819882044396,ALIVE
30.400000000000002,A0100,-32766.91110213573,114.66992443094387,2807.3549227918193,2891.412496252799,ALIVE
30.400000000000002,A0200,-33535.689221050416,318.0204029999277,2848.3106938715555,2936.3651270174864,ALIVE
30.400000000000002,B0100,34840.07979902778,5.18461692834353,1657.8057389257265,1752.8494416897834,ALIVE
30.400000000000002,B0200,35057.1369798294,435.23571264027487,8205.5379788402,8301.685835723823,ALIVE
30.6,A0100,-32685.464977184198,116.45537915616114,2766.939048210259,2850.579836754495,ALIVE
30.6,A0200,-33467.00913259932,313.0877467841419,2809.852229029424,2897.5466826471898,ALIVE
30.6,B0100,34787.99216800348,5.537264476899509,1603.7700834676962,1698.5306151444734,ALIVE
30.6,B0200,35003.950096448854,431.84096910356857,8227.719706400027,8323.575530279035,ALIVE
30.8,A0100,-32604.059817534253,118.30139270617838,2726.2147901827593,2809.4400419688195,ALIVE
30.8,A0200,-33398.29173834249,308.0498438868326,2771.392759281174,2858.7277712677896,ALIVE
30.8,B0100,34736.13746902136,5.900118051364188,1549.4755680329345,1643.954619628501,ALIVE
30.8,B0200,34950.87129311083,428.34373287463677,8249.922639562432,8345.487460540957,ALIVE
31.0,A0100,-32522.67839651032,120.10144050964482,2685.1901466942454,2768.0010185034603,ALIVE
31.0,A0200,-33329.5321838935,302.9273874043247,2732.9430565103703,2819.9191417235525,ALIVE
31.0,B0100,34684.51729820136,6.273334895411608,1494.9246519766766,1589.1239174665868,ALIVE
31.0,B0200,34897.90036575302,424.74083394234003,8272.145231007315,8367.42007535745,ALIVE
31.200000000000003,A0100,-32441.27688277926,121.83661994743306,2643.9505034990652,2726.3479270158205,ALIVE
31.200000000000003,A0200,-33260.7266546887,297.7422439177517,2694.5120986739657,2781.1297545742304,ALIVE
31.200000000000003,B0100,34633.133237770104,6.657072432590212,1440.119819312682,1534.040995541364,ALIVE
31.200000000000003,B0200,34845.037110050194,421.02900492086883,8294.385883309686,8389.371773486317,ALIVE
31.400000000000002,A0100,-32359.838219234887,123.58442485412161,2602.527024103825,2684.51184637287,ALIVE
31.400000000000002,A0200,-33191.872455530225,292.51724664851827,2656.1069574730627,2742.366670115161,ALIVE
31.400000000000002,B0100,34581.98685547427,7.051488227565642,1385.0635784177903,1478.708364998156,ALIVE
31.400000000000002,B0200,34792.281320763315,417.20487877774576,8316.642944559107,8411.340899215804,ALIVE
31.6,A0100,-32278.38677645554,125.38372478889869,2560.8624412235185,2642.435635371083,ALIVE
31.6,A0200,-33122.96808163312,287.27596911691217,2617.7327038940257,2703.6349542037815,ALIVE
31.6,B0100,34531.07970397195,7.456739930754338,1329.758461723217,1423.1285609281808,ALIVE
31.6,B0200,34739.63279101433,413.264986598886,8338.914703696739,8433.325737696683,ALIVE
31.8,A0100,-32196.946057289104,127.17377585743816,2518.929749742876,2600.092407024023,ALIVE
31.8,A0200,-33054.01327919254,282.0424806613046,2579.392334459313,2664.9376047471287,ALIVE
31.8,B0100,34480.413320247055,7.872985232168503,1274.2070253820257,1367.3041420415373,ALIVE
31.8,B0200,34687.091311477496,409.20575544572966,8361.199385540987,8455.324509963235,ALIVE
32.0,A0100,-32115.498397034746,128.91081563989974,2476.794515456135,2557.547636139232,ALIVE
32.0,A0200,-32985.009093416054,276.84108595950966,2541.0867210457345,2626.2755016889932,ALIVE
32.0,B0100,34429.98922501252,8.300381801738695,1218.4118489227003,1311.2376903118015,ALIVE
32.0,B0200,34634.65666948907,405.02350630293586,8383.495145485742,8477.335367631735,ALIVE
32.2,A0100,-32034.02515785795,130.66237750001346,2434.5204068747134,2514.86489851453,ALIVE
32.2,A0200,-32915.95790189746,271.69605140618114,2502.8145870248773,2587.647383241159,ALIVE
32.2,B0100,34379.80892212629,8.73908724874127,1162.3755348857176,1254.9318106172204,ALIVE
32.2,B0200,34582.328648049785,400.7144521316459,8405.800063862127,8499.356387253767,ALIVE
32.4,A0100,-31952.555149899228,132.5214370521917,2392.063179762854,2472.000097527391,ALIVE
32.4,A0200,-32846.86343134078,266.63132205357215,2464.5725121899595,2549.049850812471,ALIVE
32.4,B0100,34329.87389801224,9.189259068813044,1106.1007084584635,1198.3891303660066,ALIVE
32.4,B0200,34530.1070247365,396.27469608385036,8428.112139963028,8521.385564336864,ALIVE
32.6,A0100,-31871.134478329244,134.46798249063613,2349.3219887017804,2428.8526186433405,ALIVE
32.6,A0200,-32777.73075573986,261.67023358108054,2426.354968534659,2510.4774046909333,ALIVE
32.6,B0100,34280.18562107109,9.65105458142898,1049.5900170836594,1141.612299111414,ALIVE
32.6,B0200,34477.99157048386,391.70022986403274,8450.429285670169,8543.420806965423,ALIVE
32.800000000000004,A0100,-31789.760088438477,136.3931673194311,2306.275713240424,2385.4013223108263,ALIVE
32.800000000000004,A0200,-32708.56627443565,256.8352245881233,2388.1543882612514,2471.922511873189,ALIVE
32.800000000000004,B0100,34230.74554111769,10.124630893238646,992.8461300367271,1084.6039881225317,ALIVE
32.800000000000004,B0200,34425.982048274236,386.9869323102321,8472.749318710225,8565.459929057175,ALIVE
33.0,A0100,-31708.388149290575,138.24937292327377,2263.0003328835573,2341.7219666180044,ALIVE
33.0,A0200,-32639.377668876994,252.14755518373386,2349.9612647586364,2433.3757067283423,ALIVE
33.0,B0100,34181.55508880756,10.610144839869463,935.8717380350372,1027.3668899902761,ALIVE
33.0,B0200,34374.078211682696,382.13056819184385,8495.069955544495,8587.500643239247,ALIVE
33.2,A0100,-31626.992249750012,140.0988152064856,2219.545634104861,2297.864207810122,ALIVE
33.2,A0200,-32570.173837395407,247.62703835031425,2311.764286159545,2394.825724161163,ALIVE
33.2,B0100,34132.61567507416,11.107752929310664,878.6695527713382,969.9037181618482,ALIVE
33.2,B0200,34322.27980330038,377.1267872990138,8517.38880379315,8609.540553268916,ALIVE
33.4,A0100,-31545.590378866364,141.99429877697185,2175.867935447597,2253.7844558925212,ALIVE
33.4,A0200,-32500.964808035245,243.2917909466505,2273.5505001123183,2356.2596638632776,ALIVE
33.4,B0100,34083.92869057303,11.617611298481279,821.2423064776485,912.2172065047146,ALIVE
33.4,B0200,34270.58655300252,371.97112382650994,8539.703354290376,8631.577146084184,ALIVE
33.6,A0100,-31464.209829628264,143.88752673353702,2131.929561127492,2209.4451691739205,ALIVE
33.6,A0200,-32431.761630175853,239.15801124492464,2235.3055070666087,2317.663182995358,ALIVE
33.6,B0100,34035.495505133804,12.139875657003358,763.5927514642826,854.3101088399292,ALIVE
33.6,B0200,34218.99817608418,366.65899612891917,8562.010972697346,8653.607783399051,ALIVE
33.800000000000004,A0100,-31382.836772081824,145.72151604306055,2087.786125666975,2164.9018914024355,ALIVE
33.800000000000004,A0200,-32362.5762465554,235.23978962144065,2197.013678140731,2279.020713342065,ALIVE
33.800000000000004,B0100,33987.317467215835,12.674701230656865,705.7236596332514,796.1851984538823,ALIVE
33.800000000000004,B0200,34167.514371224956,361.1857068763147,8584.30889066176,8675.629692865026,ALIVE
34.0,A0100,-31301.444948838074,147.54893972397804,2043.515014190334,2120.2318789271058,ALIVE
34.0,A0200,-32293.42155657726,231.54897241426625,2158.658511964928,2240.315818444133,ALIVE
34.0,B0100,33939.39590337158,13.222242719260976,647.6378219829949,737.8452676100493,ALIVE
34.0,B0200,34116.13481828664,355.5464436745515,8606.594196569966,8697.639958811376,ALIVE
34.2,A0100,-31220.05529763777,149.47659838152322,1999.0932501594325,2075.412261048639,ALIVE
34.2,A0200,-32224.31164297317,228.09509167878605,2120.223120399123,2201.53168038961,ALIVE
34.2,B0100,33891.73211772412,13.78265423938683,589.3380481082859,679.2931270323515,ALIVE
34.2,B0200,34064.85917594758,349.73628021399054,8628.86382585092,8719.635512535739,ALIVE
34.4,A0100,-31138.72085179384,151.5129301375964,1954.4159859550964,2030.3384502022238,ALIVE
34.4,A0200,-32155.261141776064,224.88527387310387,2081.690202868107,2162.6510709411623,ALIVE
34.4,B0100,33844.32739144021,14.35608927366593,530.8271656662455,620.5316053839773,ALIVE
34.4,B0200,34013.6870791404,343.75017798512636,8651.114550846658,8741.613122164394,ALIVE
34.6,A0100,-31057.454747709613,153.55702002061298,1909.435491541035,1984.9627763574513,ALIVE
34.6,A0200,-32086.28498175986,221.92420638389012,2043.0422100810938,2123.656513910338,ALIVE
34.6,B0100,33797.18298222612,14.94270061455427,472.1080198519576,561.5635487348468,ALIVE
34.6,B0200,33962.6181363227,337.58298865645156,8673.342970260326,8763.569382093528,ALIVE
34.800000000000004,A0100,-30976.222578130004,155.5432033910838,1864.2088395322116,1939.3421403232724,ALIVE
34.800000000000004,A0200,-32017.39820080952,219.21417168306107,2004.261598614583,2084.530538820094,ALIVE
34.800000000000004,B0100,33750.30012382362,15.542640322833904,413.1834728481972,502.39182000863855,ALIVE
34.800000000000004,B0200,33911.65192651979,331.22945717339644,8695.545498221694,8785.500702036525,ALIVE
35.0,A0100,-30894.98211374152,157.50599502234036,1818.8140680810593,1893.554374508223,ALIVE
35.0,A0200,-31948.615771188015,216.75511598609046,1965.331049733808,2045.2558988443404,ALIVE
35.0,B0100,33703.68002551805,16.156059669903698,354.0564032523216,443.0192984150559,ALIVE
35.0,B0200,33860.787996202096,324.6842256517539,8717.718352947468,8807.403295673803,ALIVE
35.2,A0100,-30813.744161587812,159.49234717305808,1773.2332668127601,1847.581622348723,ALIVE
35.2,A0200,-31879.952432565373,214.54475912298585,1926.2336641128622,2005.8157647164405,ALIVE
35.2,B0100,33657.323871656256,16.78310908907224,294.72970551251274,383.4488788775504,ALIVE
35.2,B0200,33810.02585591996,317.9418381503583,8739.85754506278,8829.27316895864,ALIVE
35.4,A0100,-30732.537203615408,161.4640681889814,1727.4177448454375,1801.375329559198,ALIVE
35.4,A0200,-31811.42253857803,212.57873824209855,1886.953127447523,1966.1938895946892,ALIVE
35.4,B0100,33611.232821168276,17.423938125255518,235.20628933295302,323.6834714428783,ALIVE
35.4,B0200,33759.36497677944,310.99674640301964,8761.958865620973,8851.10610812662,ALIVE
35.6,A0100,-30651.33930114148,163.3481723993027,1681.424246089673,1754.9921310048492,ALIVE
35.6,A0200,-31743.039921602234,210.85077547124274,1847.4738420251906,1926.374739984101,ALIVE
35.6,B0100,33565.40713342368,18.078713650424106,175.48786823099545,263.7247852579415,ALIVE
35.6,B0200,33708.804786653636,303.84331660839234,8784.017873855908,8872.897667425757,ALIVE
35.800000000000004,A0100,-30570.10949567933,165.20303628326837,1635.3528556250549,1708.5319156046928,ALIVE
35.800000000000004,A0200,-31674.81777900011,209.35285874018518,1807.7810222749213,1886.3435907728524,ALIVE
35.800000000000004,B0100,33519.8340313767,18.747898629926567,115.55772871010595,203.55603428792955,ALIVE
35.800000000000004,B0200,33658.34466623158,296.47583734340697,8806.029884749103,8894.643156674043,ALIVE
36.0,A0100,-30488.87005517052,167.17051223105045,1589.184341166234,1661.9755625247985,ALIVE
36.0,A0200,-31606.768582242606,208.07542464061407,1767.8607552238518,1846.0865852656336,ALIVE
36.0,B0100,33474.51020472715,19.431814466615833,55.4113985351396,143.17272362302245,ALIVE
36.0,B0200,33607.98394483408,288.8885287101639,8827.989956487214,8916.337628689796,ALIVE
36.2,A0100,-30407.682143217644,169.30341792428044,1542.8022783104661,1615.20694182145,ALIVE
36.2,A0200,-31538.90400869455,207.00753266697757,1727.7000294771951,1805.5907638803453,ALIVE
36.2,B0100,33429.43753330504,20.13065249676947,-4.947986022480109,82.57799405193329,ALIVE
36.2,B0200,33557.72189605195,281.07555279426197,8849.892877852248,8937.97586667662,ALIVE
36.4,A0100,-30326.58404950959,171.4873342550709,1496.113134965106,1568.132699434063,ALIVE
36.4,A0200,-31471.23489402356,206.13702167732117,1687.2867389396051,1764.8440676828118,ALIVE
36.4,B0100,33384.6177500041,20.844591808130644,-65.51719629114814,21.77507797524333,ALIVE
36.4,B0200,33507.5577331927,273.03102553729696,8871.733155749509,8959.55237172416,ALIVE
36.6,A0100,-30245.53377677056,173.5880549253361,1449.1492173274783,1520.7849352235646,ALIVE
36.6,A0200,-31403.77120176638,205.4506418038127,1646.6096695409378,1723.8353250132323,ALIVE
36.6,B0200,33457.49060454365,264.7490300732097,8893.505002879434,8981.06135045988,ALIVE
36.800000000000004,A0100,-30164.48565236084,175.61793805781053,1401.9861642174,1473.2390698214203,ALIVE
36.800000000000004,A0200,-31336.522005350143,204.93415815854314,1605.6584782690134,1682.554230476609,ALIVE
36.800000000000004,B0200,33407.5195884916,256.2236316526105,8915.202325764078,9002.496703061934,ALIVE
37.0,A0100,-30083.496919664834,177.61053033740427,1354.5736335078418,1425.4450321264833,ALIVE
37.0,A0200,-31269.49547732201,204.5724261930045,1564.42367420753,1640.991325980422,ALIVE
37.0,B0200,33357.64368851975,247.44889417984996,8936.818713280345,9023.85201176253,ALIVE
37.2,A0100,-30002.583700972154,179.53391854386427,1306.9109387633616,1377.402208261344,ALIVE
37.2,A0200,-31202.698880475175,204.3494421289488,1522.8966103319617,1599.1379925376834,ALIVE
37.2,B0200,33307.8618280932,238.4188984524135,8958.347425835957,9045.120530014445,ALIVE
37.4,A0100,-29921.716011698423,181.35103189714755,1259.061526656369,1329.1738996889592,ALIVE
37.4,A0200,-31136.138556224978,204.24837492797815,1481.069493144254,1556.9864598888964,ALIVE
37.4,B0200,33258.172845477224,229.12776212608333,8979.78138542552,9066.29517251705,ALIVE
37.6,A0100,-29840.84489341168,183.08171962309098,1211.1153891341,1280.8498673048796,ALIVE
37.6,A0200,-31069.81990666138,204.25158860980628,1438.9354146113837,1514.5298383950949,ALIVE
37.6,B0200,33208.575488542,219.56966142564852,9001.113166747193,9087.368506314255,ALIVE
37.800000000000004,A0100,-29759.93856098738,184.8678743254968,1163.155406412885,1232.5128464410275,ALIVE
37.800000000000004,A0200,-31003.747368326753,204.340664919524,1396.4884079171607,1471.7621747337073,ALIVE
37.800000000000004,B0200,33159.06840959194,209.7388546220027,9022.334989616385,9108.332743192534,ALIVE
38.0,A0100,-29679.03033769075,186.86312349319996,1115.1397521270192,1184.1211719682217,ALIVE
38.0,A0200,-30937.9243774163,204.4964364250245,1353.7235255829146,1428.6785298677714,ALIVE
38.0,B0200,33109.650160265985,199.62970721542843,9043.438712966208,9129.179733650459,ALIVE
38.2,A0100,-29598.20972629892,189.0901876631815,1066.9264648178523,1135.533299815625,ALIVE
38.2,A0200,-30872.353327714067,204.69903895573952,1310.6369355722964,1385.275075025949,ALIVE
38.2,B0200,33060.3191866544,189.2367188075168,9064.41583055108,9149.900962598678,ALIVE
38.400000000000006,A0100,-29517.53444511328,191.42691239635496,1018.409432840177,1086.6433795628698,ALIVE
38.400000000000006,A0200,-30807.03551494755,204.92798262926044,1267.226036489481,1341.5492066687107,ALIVE
38.400000000000006,B0200,33011.07388046173,178.55447031669792,9085.257524126107,9170.48760278939,ALIVE
38.6,A0100,-29436.976006692035,193.7255846116841,969.6336235799063,1037.4962368952215,ALIVE
38.6,A0200,-30741.971083841534,205.16226457010998,1223.4895711660356,1297.4996598875732,ALIVE
38.6,B0200,32961.912489434966,167.577856537353,9105.954585583811,9190.930436514429,ALIVE
38.800000000000004,A0100,-29356.480354013656,195.9828148016095,920.6685413922096,988.1611223072738,ALIVE
38.800000000000004,A0200,-30677.159001981287,205.38053287721596,1179.427718929228,1253.1266006051392,ALIVE
38.800000000000004,B0200,32912.833089862834,156.30212699599542,9126.497419225352,9211.219857735408,ALIVE
39.0,A0100,-29276.04964305174,198.28997988999072,871.5419960003783,938.6658555251331,ALIVE
39.0,A0200,-30612.597027715037,205.56126127456992,1135.0421884505413,1208.431718344009,ALIVE
39.0,B0200,32863.83363591578,144.7228107707797,9146.876094198473,9231.345924781948,ALIVE
39.2,A0100,-29195.717992367914,200.55741372094053,822.227352214406,888.983952447018,ALIVE
39.2,A0200,-30548.281689947402,205.682947407362,1090.33628944679,1163.418297879383,ALIVE
39.2,B0200,32814.91196767935,132.83572791241204,9167.080360484166,9251.298376373139,ALIVE
39.400000000000006,A0100,-29115.39499864193,202.74776516532438,772.8961689443386,839.2865529662669,ALIVE
39.400000000000006,A0200,-30484.20828366675,205.7243295604476,1045.3149780799504,1118.091264707762,ALIVE
39.400000000000006,B0200,32766.065810314543,120.63701431925983,9187.0996600237,9271.066642761023,ALIVE
39.6,A0100,-29035.16014173767,205.06478842752222,723.4290057960097,789.454585526383,ALIVE
39.6,A0200,-30420.370882696807,205.66461434124176,999.9848737350167,1072.4572019438535,ALIVE
39.6,B0200,32717.292772542864,108.12314897517354,9206.923139906594,9290.6398589043,ALIVE
39.800000000000004,A0100,-28954.97439706982,207.46265350166505,673.8486767539762,739.5106822295309,ALIVE
39.800000000000004,A0200,-30356.762370274322,205.48370787785643,954.3542462367022,1026.5243377486647,ALIVE
39.800000000000004,B0200,32668.59034570054,95.29098169157987,9226.539668727082,9310.006880815674,ALIVE
40.0,A0100,-28874.880563185987,210.12916982231582,624.0630257801749,689.3628859626979,ALIVE
40.0,A0200,-30293.374487157147,205.16244339795412,908.4329741511065,980.3025039428115,ALIVE
40.0,B0200,32619.95590361172,82.13776063899058,9245.937856362381,9329.156305359873,ALIVE
40.2,A0100,-28794.94974535072,212.87098199817956,573.935971208406,638.8754275807589,ALIVE
40.2,A0200,-30230.19789611817,204.6827989634494,862.2324761774235,933.8030677546442,ALIVE
40.2,B0200,32571.38670335403,68.66115907887252,9265.106077248925,9348.076493514865,ALIVE
40.400000000000006,A0100,-28715.155544179135,215.5591031032891,523.5639227007741,588.1445866402388,ALIVE
40.400000000000006,A0200,-30167.22226115446,204.0281002378706,815.7656185280212,887.0388396406443,ALIVE
40.400000000000006,B0200,32522.87988701383,54.85930069785718,9284.032497078688,9366.755597096238,ALIVE
40.6,A0100,-28635.535079954934,218.36890960714118,472.9620715086985,537.1857215298504,ALIVE
40.6,A0200,-30104.436339233966,203.18320443577795,769.0466019055311,840.0239607570917,ALIVE
40.6,B0200,32474.432484519515,40.73078299287408,9302.705102824837,9385.181588784662,ALIVE
40.800000000000004,A0100,-28556.019785701836,221.076765627422,422.2361401549915,486.10423295063674,ALIVE
40.800000000000004,A0200,-30041.828082317686,202.13466292939302,722.0908319064438,792.7737738890917,ALIVE
40.800000000000004,B0200,32426.04141754782,26.274698137825908,9321.11173589274,9403.342295303151,ALIVE
41.0,A0100,-28476.557946580324,223.72731785982796,371.4425417040402,434.9563002462298,ALIVE
41.0,A0200,-29979.384747341956,200.87086107424147,674.9147765936432,745.3046815896839,ALIVE
41.0,B0200,32377.70350458128,11.490650831014136,9339.240128135643,9421.225433450014,ALIVE
41.2,A0100,-28397.21419273486,226.45719402494615,320.44214101932994,383.6030799247295,ALIVE
41.2,A0200,-29917.0930120236,199.38213490902854,627.5358148298728,697.6339950887293,ALIVE
41.2,B0200,32329.41546709137,-3.6212274043537036,9357.07794034777,9438.818648629842,ALIVE
41.400000000000006,A0100,-28317.73850459165,228.84395456572383,269.64579667944054,332.4542980772495,ALIVE
41.400000000000006,A0200,-29854.939094611327,197.6608651123388,579.9720784286619,649.7797770430147,ALIVE
41.400000000000006,B0200,32281.173936870127,-19.060267891150943,9374.61280282454,9456.109555437426,ALIVE
41.6,A0100,-28238.464142585108,231.47767859362466,218.58021145631392,281.0381621329308,ALIVE
41.6,A0200,-29792.90887596244,195.70154911423379,532.2422907538185,601.7606807175815,ALIVE
41.6,B0200,32232.975464420204,-34.825258826562276,9391.832357445559,9473.085779783634,ALIVE
41.800000000000004,A0100,-28159.326384133885,234.1107404441118,167.28570211706574,229.3946867130518,ALIVE
41.800000000000004,A0200,-29730.98802279223,193.50085266756832,484.36560385032135,553.5957877193302,ALIVE
41.800000000000004,B0200,32184.81652842943,-50.91444398015119,9408.724300694566,9489.735001963734,ALIVE
42.0,A0100,-28080.285410474917,237.2262575192908,115.83668008908171,177.5981202004999,ALIVE
42.0,A0200,-29669.162111078833,191.05764223624283,436.36143568068655,505.3044458055675,ALIVE
42.0,B0200,32136.693546164086,-67.32552627460791,9425.276427016548,9506.045000050459,ALIVE
42.2,A0100,-28001.434338216604,240.1382328309337,64.0526656455877,125.46836436316073,ALIVE
42.2,A0200,-29607.41674908667,188.37299958532458,388.2493086013801,456.906107939297,ALIVE
42.2,B0200,32088.602884747692,-84.05567636663181,9441.47667179285,9522.003692927117,ALIVE
42.400000000000006,A0100,-27922.46470600804,242.97319932544997,12.41990976186753,73.49031380078495,ALIVE
42.400000000000006,A0200,-29545.737699554753,185.4502197593938,340.0486898583167,408.4201733338505,ALIVE
42.400000000000006,B0200,32040.540942926484,-101.10144437066083,9457.31313229991,9537.599161645765,ALIVE
42.6,A0100,-27843.424087400996,245.73601152522315,-39.17092402898743,21.554845102831724,ALIVE
42.6,A0200,-29484.11100086651,182.29479346723383,291.77883458538963,359.86583101031187,ALIVE
42.6,B0200,31992.50436759358,-118.4584110992273,9472.77405486663,9552.819637646717,ALIVE
42.800000000000004,A0200,-29422.52308709099,178.91437452649006,243.45863160651788,311.26190611867014,ALIVE
42.800000000000004,B0200,31944.48982332881,-136.1213900433413,9487.847993707028,9567.653660428567,ALIVE
43.0,A0200,-29360.960906811084,175.31873280531,195.1064522878478,262.62670932019654,ALIVE
43.0,B0200,31896.493919167267,-154.0845384969325,9502.523916129205,9582.09018236441,ALIVE
43.2,A0200,-29299.423591021936,171.5965047842783,146.71035793656847,213.94830006806552,ALIVE
43.2,B0200,31848.5132287812,-172.34145285005434,9516.791247907691,9596.118614176235,ALIVE
43.400000000000006,A0200,-29237.959847894224,167.98634061898338,98.19852384027581,165.15508326152266,ALIVE
43.400000000000006,B0200,31800.544315674724,-190.88526901483237,9530.639901801254,9609.728853577102,ALIVE
43.6,A0200,-29176.614956620513,164.6103359597946,49.521156828406674,116.19747402632834,ALIVE
43.6,B0200,31752.58375579983,-209.70875259525747,9544.060296346757,9622.911304150584,ALIVE
43.800000000000004,A0200,-29115.41481485824,161.51379105614797,0.6452843699480582,67.04261564141214,ALIVE
43.800000000000004,B0200,31704.6281569289,-228.80437916794835,9557.043366579373,9635.656886186547,ALIVE
44.0,A0200,-29054.37723762686,158.70091887208582,-48.443831056543786,17.675847357845306,ALIVE
44.0,B0200,31656.6741754277,-248.16440652263373,9569.58056747847,9647.957040181785,ALIVE
44.2,B0200,31608.7185307089,-267.78094019401215,9581.663870667937,9659.803723619852,ALIVE
