Time,Agent,X,Y,Altitude_m,Heading_deg,Speed_mps,Missiles,Status
1.0,A0100,13358386.032416044,6679438.35627519,6107.026495373476,347.86613204266786,229.6952263068716,2,ALIVE
1.0,A0200,13359499.232416052,6679438.356275191,6107.026495373476,347.86613204266746,229.69522630687092,2,ALIVE
1.0,B0100,13358414.311567571,6768017.672298675,6107.026314165196,167.8680712791306,229.69460920787634,2,ALIVE
1.0,B0200,13359527.511567574,6768017.672298672,6107.026314166332,167.86807127913093,229.6946092078771,2,ALIVE
2.0,A0100,13358302.785145441,6679662.653773853,6116.683027112595,343.17163910650953,222.74841318311348,2,ALIVE
2.0,A0200,13359415.985145444,6679662.6537738545,6116.6830271114595,343.1716391065083,222.74841318311206,2,ALIVE
2.0,B0100,13358499.590257285,6767793.399078395,6116.6858484213535,163.17514800574588,222.74819243613635,2,ALIVE
2.0,B0200,13359612.790257292,6767793.399078393,6116.685848422489,163.17514800574702,222.748192436138,2,ALIVE
3.0,A0100,13358244.54179809,6679881.513693083,6096.576257325671,6.00444131550375,216.70740980875513,2,ALIVE
3.0,A0200,13359357.741798095,6679881.513693082,6096.576257325671,6.004441315504081,216.70740980875368,2,ALIVE
3.0,B0100,13358559.237090625,6767574.560814651,6096.59477454342,186.0045019090964,216.70881600611494,2,ALIVE
3.0,B0200,13359672.437090628,6767574.56081465,6096.594774544556,186.00450190909618,216.7088160061166,2,ALIVE
4.0,A0100,13358211.256273095,6680097.6673904415,6096.3006913867775,347.64352640487164,210.97879639636741,2,ALIVE
4.0,A0200,13359324.456273101,6680097.667390441,6096.3006913867775,347.6435264048755,210.97879639636577,2,ALIVE
4.0,B0100,13358593.355932618,6767358.432026362,6096.333332683361,167.63149041294622,210.98073863387313,2,ALIVE
4.0,B0200,13359706.55593262,6767358.432026358,6096.333332684497,167.6314904129428,210.9807386338752,2,ALIVE
5.0,A0100,13358111.419854669,6680302.904144622,6095.927873200232,333.7277403307385,206.8059103804946,2,ALIVE
5.0,A0200,13359224.61985467,6680302.904144622,6095.927873202503,333.72774033073676,206.80591038049258,2,ALIVE
5.0,B0100,13358695.629718404,6767153.218188779,6095.943952201527,153.73618805946583,206.80993506931466,2,ALIVE
5.0,B0200,13359808.829718411,6767153.218188778,6095.943952202663,153.7361880594706,206.80993506931927,2,ALIVE
6.0,A0100,13357992.660796758,6680496.036945683,6051.228871764887,349.4200717071391,203.64516407438333,2,ALIVE
6.0,A0200,13359105.860796759,6680496.036945678,6051.228871767157,349.42007170712924,203.64516407438146,2,ALIVE
6.0,B0100,13358817.181080675,6766960.095703613,6051.225457427055,169.44720686464714,203.64695735400883,2,ALIVE
6.0,B0200,13359930.381080672,6766960.095703608,6051.225457428191,169.44720686466383,203.64695735401358,2,ALIVE
7.0,A0100,13357944.385073075,6680686.554392484,5980.203878946466,10.071219263209535,200.86712640113623,2,ALIVE
7.0,A0200,13359057.585073076,6680686.554392478,5980.203878949872,10.07121926320401,200.8671264011357,2,ALIVE
7.0,B0100,13358866.509290626,6766769.586125571,5980.230723941007,190.08431065122076,200.84536581768518,2,ALIVE
7.0,B0200,13359979.709290622,6766769.586125565,5980.2307239432785,190.08431065122537,200.84536581768893,2,ALIVE
8.0,A0100,13357958.916724833,6680881.828479198,5929.028597474215,6.886740998519411,196.7879521031015,2,ALIVE
8.0,A0200,13359072.116724834,6680881.828479191,5929.028597478757,6.886740998521719,196.78795210310352,2,ALIVE
8.0,B0100,13358851.583061669,6766574.360673989,5929.123577513176,186.88699253879568,196.72380270755704,2,ALIVE
8.0,B0200,13359964.783061666,6766574.360673982,5929.123577516583,186.88699253877874,196.7238027075611,2,ALIVE
9.0,A0100,13357957.893305868,6681078.488079096,5913.830283583447,349.8128765939585,191.3585113605045,2,ALIVE
9.0,A0200,13359071.093305867,6681078.488079091,5913.8302835879895,349.81287659396656,191.3585113605098,2,ALIVE
9.0,B0100,13358852.574296422,6766377.8022236405,5913.996168005196,169.83595899892228,191.25299642764878,2,ALIVE
9.0,B0200,13359965.774296423,6766377.802223635,5913.996168008602,169.83595899889656,191.25299642765467,2,ALIVE
10.0,A0100,13357882.411654815,6681266.050583221,5913.9525658474,331.7802031284799,185.99681552959265,2,ALIVE
10.0,A0200,13358995.611654812,6681266.050583213,5913.952565853077,331.78020312849,185.99681552960018,2,ALIVE
10.0,B0100,13358929.661843566,6766190.370588745,5914.259964650891,151.8058169770243,185.84575796543314,2,ALIVE
10.0,B0200,13360042.861843573,6766190.370588742,5914.259964653162,151.8058169770054,185.8457579654426,2,ALIVE
11.0,A0100,13357729.603861894,6681434.8584643835,5898.09305388996,320.16399837213595,181.94556270166072,2,ALIVE
11.0,A0200,13358842.803861894,6681434.858464377,5898.093053895637,320.16399837214504,181.94556270166925,2,ALIVE
11.0,B0100,13359085.896477008,6766021.698398842,5898.735861331129,140.13352105677404,181.74405491772063,2,ALIVE
11.0,B0200,13360199.096477013,6766021.698398836,5898.7358613334,140.13352105676947,181.74405491773481,2,ALIVE
12.0,A0100,13357539.230672726,6681581.1381715685,5843.910597201428,318.2059742366966,180.28077896340488,2,ALIVE
12.0,A0200,13358652.430672724,6681581.138171561,5843.910597207106,318.2059742366918,180.2807789634123,2,ALIVE
12.0,B0100,13359280.918583844,6765875.575245577,5845.0922864562035,138.04089601303497,180.01660009902014,2,ALIVE
12.0,B0200,13360394.11858385,6765875.575245572,5845.0922864596105,138.0408960130509,180.0166000990388,2,ALIVE
13.0,A0100,13357368.894957514,6681709.091689984,5746.120408366585,332.82092012482246,180.81306609184836,2,ALIVE
13.0,A0200,13358482.094957508,6681709.091689976,5746.120408371127,332.82092012478,180.81306609185478,2,ALIVE
13.0,B0100,13359456.061434079,6765747.868646157,5747.892413625151,152.35217598453949,180.49056303755424,2,ALIVE
13.0,B0200,13360569.261434086,6765747.868646154,5747.892413626287,152.35217598458942,180.49056303757587,2,ALIVE
14.0,A0100,13357267.635861292,6681830.807167656,5618.398538282955,1.2108417462089864,182.2612225990703,2,ALIVE
14.0,A0200,13358380.83586129,6681830.80716765,5618.398538288632,1.210841746168249,182.26122259907842,2,ALIVE
14.0,B0100,13359561.124061666,6765626.603430589,5620.527088829631,180.78354445097222,181.90826131713732,2,ALIVE
14.0,B0200,13360674.324061675,6765626.603430587,5620.527088830766,180.7835444510211,181.9082613171591,2,ALIVE
15.0,A0100,13357248.09329961,6681962.278930005,5488.2176392736255,13.365853018043397,183.12382642540626,2,ALIVE
15.0,A0200,13358361.293299606,6681962.278929996,5488.2176392793035,13.365853018050467,183.12382642541945,2,ALIVE
15.0,B0100,13359582.538332589,6765495.856483059,5490.200185386274,193.32735480655074,182.76677338174446,2,ALIVE
15.0,B0200,13360695.738332601,6765495.856483055,5490.200185387409,193.32735480656612,182.7667733817643,2,ALIVE
16.0,A0100,13357275.09284633,6682113.7561332155,5381.416462840158,9.073270005617756,182.5095358487285,2,ALIVE
16.0,A0200,13358388.292846322,6682113.756133205,5381.4164628447,9.073270005656626,182.50953584874898,2,ALIVE
16.0,B0100,13359555.37700578,6765345.237674039,5382.802291487691,189.28488912529187,182.16142476809733,2,ALIVE
16.0,B0200,13360668.577005789,6765345.237674033,5382.802291489962,189.28488912528948,182.16142476811487,2,ALIVE
17.0,A0100,13357290.496406887,6682282.814783176,5307.725976003805,356.07361257325266,180.51129897920666,2,ALIVE
17.0,A0200,13358403.696406877,6682282.814783165,5307.725976009482,356.0736125733161,180.51129897923303,2,ALIVE
17.0,B0100,13359538.715255087,6765176.902792187,5308.407418051923,176.47068677440134,180.1637119396454,2,ALIVE
17.0,B0200,13360651.9152551,6765176.902792182,5308.407418055329,176.47068677439086,180.16371193966208,2,ALIVE
18.0,A0100,13357246.40626188,6682456.777402475,5259.64953709724,339.00368460766833,177.58191734067802,2,ALIVE
18.0,A0200,13358359.606261872,6682456.777402463,5259.649537102917,339.00368460774695,177.5819173407084,2,ALIVE
18.0,B0100,13359581.728518868,6765003.298433725,5259.943970695791,159.49786918987422,177.21581427623312,2,ALIVE
18.0,B0200,13360694.928518884,6765003.29843372,5259.943970698062,159.4978691898638,177.2158142762504,2,ALIVE
19.0,A0100,13357122.239533572,6682618.928517107,5217.998129677409,321.64468136686054,174.92955017273036,2,ALIVE
19.0,A0200,13358235.43953356,6682618.928517094,5217.998129684222,321.64468136693796,174.92955017275972,2,ALIVE
19.0,B0100,13359706.195034252,6764841.02785422,5218.594423695668,142.1019184841595,174.50840705242283,2,ALIVE
19.0,B0200,13360819.395034263,6764841.027854214,5218.594423697939,142.10191848415266,174.5084070524409,2,ALIVE
20.0,A0100,13356931.572273431,6682755.165461908,5160.19077428248,307.9393326597067,173.57247682447414,2,ALIVE
20.0,A0200,13358044.772273425,6682755.1654619,5160.190774287022,307.9393326597623,173.5724768244964,2,ALIVE
20.0,B0100,13359899.396168273,6764704.28243513,5161.939307171765,128.20145452485386,173.05664122660195,2,ALIVE
20.0,B0200,13361012.596168282,6764704.282435126,5161.939307175172,128.2014545248534,173.05664122662225,2,ALIVE
21.0,A0100,13356717.70928664,6682860.049356558,5068.9338539755045,301.7328364300873,174.1904118530255,2,ALIVE
21.0,A0200,13357830.909286631,6682860.049356546,5068.9338539823175,301.7328364300836,174.19041185303834,2,ALIVE
21.0,B0100,13360118.252145203,6764598.85399278,5072.484592709998,121.49899948976729,173.5683793131143,2,ALIVE
21.0,B0200,13361231.452145211,6764598.853992772,5072.484592712269,121.49899948977561,173.56837931313635,2,ALIVE
22.0,A0100,13356537.185724216,6682940.728152034,4939.867778651869,316.42929754966434,176.6293837995078,2,ALIVE
22.0,A0200,13357650.38572421,6682940.728152024,4939.867778657547,316.42929754945885,176.62938379951362,2,ALIVE
22.0,B0100,13360305.508926349,6764518.169451933,4945.261910989362,134.46110806122985,175.923459652132,2,ALIVE
22.0,B0200,13361418.708926361,6764518.169451928,4945.261910990498,134.46110806126165,175.92345965215478,2,ALIVE
23.0,A0100,13356433.636689987,6683016.45031635,4784.979811942855,0.3422416818033641,179.67307439098738,2,ALIVE
23.0,A0200,13357546.836689979,6683016.450316338,4784.979811949667,0.34224168163107577,179.67307439099474,2,ALIVE
23.0,B0100,13360415.691741873,6764443.565255294,4791.396169999159,178.65157806740206,178.9588045350305,2,ALIVE
23.0,B0200,13361528.89174188,6764443.565255286,4791.396170002565,178.651578067438,178.95880453505285,2,ALIVE
24.0,A0100,13356409.122141123,6683111.079906643,4628.6802864106185,11.464832692177422,181.9598351219127,2,ALIVE
24.0,A0200,13357522.322141115,6683111.07990663,4628.6802864185665,11.464832692211168,181.95983512192936,2,ALIVE
24.0,B0100,13360444.085403908,6764351.240035086,4634.685049536619,191.68989369980463,181.3060597105866,2,ALIVE
24.0,B0200,13361557.285403917,6764351.24003508,4634.68504953889,191.68989369981722,181.3060597106081,2,ALIVE
25.0,A0100,13356416.162928853,6683237.698026865,4493.901728980395,2.1210642721468007,182.71811234106457,2,ALIVE
25.0,A0200,13357529.362928843,6683237.698026854,4493.901728988344,2.121064272255194,182.71811234109353,2,ALIVE
25.0,B0100,13360436.625002466,6764227.21453103,4498.371103089541,183.02508875082552,182.14803127058278,2,ALIVE
25.0,B0200,13361549.825002478,6764227.214531028,4498.371103090677,183.02508875083188,182.1480312706035,2,ALIVE
26.0,A0100,13356389.226187993,6683389.11527786,4388.438984629145,344.8142308579873,182.16791547573195,2,ALIVE
26.0,A0200,13357502.43417006,6683389.088637203,4388.450091635371,344.8127357948855,182.0938727177709,2,ALIVE
26.0,B0100,13360459.954916082,6764077.448766429,4391.268282266057,166.0884917914608,181.6558183630541,2,ALIVE
26.0,B0200,13361573.15491609,6764077.448766427,4391.268282267192,166.08849179146378,181.6558183630739,2,ALIVE
27.0,A0100,13356283.343090877,6683542.813378504,4302.815436357021,324.5233708814646,180.8763649844824,2,ALIVE
27.0,A0200,13357396.643606994,6683542.688596116,4302.869985400683,324.52779940479303,180.7146224033009,2,ALIVE
27.0,B0100,13360561.799666034,6763923.640703092,4305.033729796395,145.93509372184033,180.35033003747927,2,ALIVE
27.0,B0200,13361674.999666044,6763923.64070309,4305.033729796395,145.93509372184167,180.35033003749857,2,ALIVE
28.0,A0100,13356095.65378852,6683672.624761297,4215.894370257908,304.7894074055954,180.1122086668433,2,ALIVE
28.0,A0200,13357209.195124188,6683672.3807849735,4216.062673180971,304.7956367934799,179.86573429718842,2,ALIVE
28.0,B0100,13360748.311957153,6763791.972349502,4219.258562594873,126.03581127663887,179.49339138368703,2,ALIVE
28.0,B0200,13361861.511957161,6763791.972349498,4219.258562596008,126.03581127664077,179.493391383706,2,ALIVE
29.0,A0100,13355868.91154351,6683762.383873871,4105.632401867366,289.527073979422,180.80408998540457,2,ALIVE
29.0,A0200,13356982.705630217,6683762.039684217,4106.060585617501,289.4915636179362,180.47300439478303,2,ALIVE
29.0,B0100,13360979.16614566,6763699.6658428805,4111.7895152507635,110.18627064176411,180.02238389267313,2,ALIVE
29.0,B0200,13362092.366145672,6763699.665842875,4111.789515253035,110.18627064177095,180.02238389269294,2,ALIVE
30.0,A0100,13355671.77219816,6683816.417468601,3960.849706528616,289.43261944054075,183.1529815304887,2,ALIVE
30.0,A0200,13356785.535912612,6683815.913380372,3961.6975902773293,289.08007594873385,182.73973553405344,2,ALIVE
30.0,B0100,13361185.60181868,6763644.239195175,3970.309832313502,107.22963753111024,182.2249056385016,2,ALIVE
30.0,B0200,13362298.801818699,6763644.23919517,3970.309832313502,107.22963753114057,182.2249056385219,2,ALIVE
31.0,A0100,13355559.544010054,6683860.66864041,3788.871590126896,356.73482553539833,186.2630973672776,2,ALIVE
31.0,A0200,13356672.909097677,6683859.727662666,3790.1582053376646,356.3457671565146,185.78050040162046,2,ALIVE
31.0,B0100,13361308.711770644,6763601.471626588,3800.3954031404346,170.84185781280172,185.3125911029421,2,ALIVE
31.0,B0200,13362421.911770659,6763601.4716265835,3800.3954031427056,170.84185781287684,185.3125911029619,2,ALIVE
32.0,A0100,13355532.018949823,6683929.651417096,3613.0786529915395,10.344361363308487,188.69149804980668,2,ALIVE
32.0,A0200,13356645.190050079,6683927.85054426,3614.586553338343,10.620525275484258,188.1570864682505,2,ALIVE
32.0,B0100,13361342.46362236,6763536.92047396,3624.156838929221,191.28848920316153,187.84382156554824,2,ALIVE
32.0,B0200,13362455.663622376,6763536.920473956,3624.156838931492,191.28848920317125,187.84382156556626,2,ALIVE
33.0,A0100,13355523.99964647,6684040.528744179,3457.2731649375737,354.8174491559324,189.648861909837,2,ALIVE
33.0,A0200,13356638.119004369,6684037.708729423,3458.727651401487,355.26148816078046,189.07065023288945,2,ALIVE
33.0,B0100,13361348.08716599,6763430.825104568,3465.986607310036,176.92683325622409,188.93656883634,2,ALIVE
33.0,B0200,13362461.287166009,6763430.825104563,3465.986607312307,176.92683325622508,188.9365688363566,2,ALIVE
34.0,A0100,13355455.172205064,6684177.711162927,3328.1069537566427,331.8565206458341,189.46255013912258,2,ALIVE
34.0,A0200,13356571.64186543,6684174.301997246,3329.508832570249,332.4254986435965,188.83542682104317,2,ALIVE
34.0,B0100,13361408.594012367,6763295.537882171,3334.615207872954,154.4491287821501,188.83588802549076,2,ALIVE
34.0,B0200,13362521.794012383,6763295.537882164,3334.615207875225,154.44912878214967,188.8358880255063,2,ALIVE
35.0,A0100,13355290.015843406,6684304.318457794,3211.7357194584492,306.9824492306751,188.92517867952265,2,ALIVE
35.0,A0200,13356409.26971311,6684301.225446061,3213.5697783932183,307.6028333119373,188.21890642253302,2,ALIVE
35.0,B0100,13361566.627262587,6763166.519296083,3218.2882466195674,129.6387776269717,188.23415578485046,2,ALIVE
35.0,B0200,13362679.8272626,6763166.519296074,3218.288246622974,129.63877762697356,188.23415578486606,2,ALIVE
36.0,A0100,13355063.505736401,6684387.798363852,3083.6105567243635,283.9162553906378,189.2904455790017,2,ALIVE
36.0,A0200,13356184.009609772,6684385.738560681,3086.681165104321,284.4259669832902,188.47975472040108,2,ALIVE
36.0,B0100,13361794.424576271,6763077.946345684,3093.1322190056744,106.13474468988738,188.42970641104077,2,ALIVE
36.0,B0200,13362907.624576285,6763077.946345677,3093.1322190079454,106.13474468989476,188.42970641105677,2,ALIVE
37.0,A0100,13354860.34502951,6684424.807015936,2925.8246178502322,269.5375856817867,191.185879507986,2,ALIVE
37.0,A0200,13355979.083326684,6684423.406024025,2930.6764106341393,269.11602944004903,190.26156519400885,2,ALIVE
37.0,B0100,13362009.2885201,6763037.314515613,2939.786337133688,89.38383150410891,190.1140332867681,2,ALIVE
37.0,B0200,13363122.488520117,6763037.314515605,2939.7863371382296,89.38383150412385,190.11403328678406,2,ALIVE
38.0,A0100,13354752.260843897,6684447.828105777,2741.2567657592385,0.29133140099082544,193.91126827731733,2,ALIVE
38.0,A0200,13355867.279933117,6684445.328390776,2747.53833813487,356.5840444796855,192.9273497006608,2,ALIVE
38.0,B0100,13362133.006811183,6763016.110152871,2758.2059050967127,165.16016093570292,192.78681880002372,2,ALIVE
38.0,B0200,13363246.2068112,6763016.110152865,2758.2059050989837,165.16016093574763,192.78681880003919,2,ALIVE
39.0,A0100,13354731.263368782,6684503.12871592,2553.1735558239698,7.715187172649187,195.9453684368786,2,ALIVE
39.0,A0200,13355844.761542207,6684497.622261067,2559.6727191718164,8.802793428699225,194.9669088473871,2,ALIVE
39.0,B0100,13362161.177854612,6762967.931294607,2569.5023853273333,190.18497384316564,194.97007291434423,2,ALIVE
39.0,B0200,13363274.377854625,6762967.931294601,2569.50238533074,190.18497384318988,194.97007291435938,2,ALIVE
40.0,A0100,13354704.121723104,6684607.054591791,2385.3722932119995,343.8444902226752,196.61128842277432,2,ALIVE
40.0,A0200,13355821.33961688,6684598.757449774,2391.170189754331,345.34734361949677,195.6465965065942,2,ALIVE
40.0,B0100,13362181.020357868,6762870.416704286,2398.682724955532,167.51504757284874,195.7937632803222,2,ALIVE
40.0,B0200,13363294.220357876,6762870.416704276,2398.6827249600738,167.51504757287913,195.79376328033734,2,ALIVE
41.0,A0100,13354583.229795087,6684726.716265631,2239.749458159253,314.40066593862593,196.51002528563137,2,ALIVE
41.0,A0200,13355707.409848997,6684718.265043769,2245.3233083060413,316.1806506396001,195.5031677709422,2,ALIVE
41.0,B0100,13362288.567876713,6762750.599093075,2251.2038197672696,138.55672761635483,195.72908909883313,2,ALIVE
41.0,B0200,13363401.76787672,6762750.599093061,2251.203819772947,138.55672761639326,195.72908909884856,2,ALIVE
42.0,A0100,13354371.65584333,6684811.280301044,2095.967356664524,284.4931394071391,196.6044359963976,2,ALIVE
42.0,A0200,13355499.902717646,6684805.609872379,2103.1537893392447,286.2592951077738,195.47129776591618,2,ALIVE
42.0,B0100,13362495.59757619,6762659.277487421,2109.458202161881,108.53265420430282,195.65999575839757,2,ALIVE
42.0,B0200,13363608.797576196,6762659.277487408,2109.4582021675587,108.53265420435106,195.6599957584128,2,ALIVE
43.0,A0100,13354162.627034858,6684839.899311957,1930.2403989561528,257.534557205512,197.95533745232717,2,ALIVE
43.0,A0200,13355286.876259675,6684836.916854356,1940.6479903973939,258.6892978197697,196.6577056554045,2,ALIVE
43.0,B0100,13362717.252401222,6762624.014132349,1948.8782751280369,80.57901345882875,196.7647382608572,2,ALIVE
43.0,B0200,13363830.452401226,6762624.014132336,1948.8782751337142,80.57901345887737,196.76473826087062,2,ALIVE
44.0,A0100,13354052.773660095,6684845.713047654,1738.1979912316294,356.6270833470293,200.38086391791884,2,ALIVE
44.0,A0200,13355167.597215604,6684841.16647625,1751.378872762531,324.72466590048106,198.93765230915304,2,ALIVE
44.0,B0100,13362848.593484432,6762619.727966247,1761.0354100484133,101.99211645800003,198.97798175210337,2,ALIVE
44.0,B0200,13363961.793484433,6762619.727966231,1761.035410055226,101.99211645729496,198.97798175211702,2,ALIVE
45.0,A0100,13354032.833693909,6684888.401523685,1541.1896189493837,358.4397979146707,201.7123986416775,2,ALIVE
45.0,A0200,13355145.462026566,6684877.425047232,1554.534863921562,1.0035717540690172,200.37971020947307,2,ALIVE
45.0,B0100,13362875.608383065,6762587.552010125,1563.4484307497085,182.75320115455696,200.64033671980394,2,ALIVE
45.0,B0200,13363988.80838307,6762587.552010109,1563.4484307565212,182.75320115461489,200.6403367198227,2,ALIVE
46.0,A0100,13353967.13516102,6684978.264448785,1362.1960698731573,323.28966952425634,202.25581542473938,2,ALIVE
46.0,A0200,13355090.677536584,6684963.730470153,1374.443138540125,326.8224015612701,200.8991668485265,2,ALIVE
46.0,B0100,13362924.818638459,6762503.445008822,1381.570936620462,149.44586048551048,201.2036771209826,2,ALIVE
46.0,B0200,13364038.018638464,6762503.44500881,1381.570936627275,149.4458604855915,201.20367712100392,2,ALIVE
47.0,A0100,13353791.29824569,6685053.657310026,1195.160207515803,284.86225824835105,202.53693261846206,2,ALIVE
47.0,A0200,13354924.378053144,6685042.811243365,1208.3387285167337,288.8717076629783,201.09531242285453,2,ALIVE
47.0,B0100,13363087.75043585,6762421.698490347,1214.6838029426426,111.46651719170646,201.4314796021769,2,ALIVE
47.0,B0200,13364200.950435854,6762421.698490333,1214.68380294832,111.46651719178303,201.431479602203,2,ALIVE
48.0,A0100,13353594.743090384,6685069.419429054,1017.6362749892324,244.9840471839304,203.39272500781334,2,ALIVE
48.0,A0200,13354719.980510456,6685064.08446015,1035.4011533737064,249.41085097274686,201.72141105913815,2,ALIVE
48.0,B0100,13363297.671326945,6762396.213646936,1042.2343356491358,72.08365851622324,202.04402438175052,2,ALIVE
48.0,B0200,13364410.871326953,6762396.213646922,1042.234335654813,72.0836585162951,202.04402438177803,2,ALIVE
49.0,A0100,13353500.334133502,6685055.613186982,819.0498554302544,101.89202134304344,205.30017890516748,2,ALIVE
49.0,A0200,13354603.998680186,6685045.674973943,841.9028261218518,187.8867055282831,203.1827049878282,2,ALIVE
49.0,B0100,13363423.050558226,6762413.269422157,849.3092218737245,15.114100478601237,203.46886386531185,2,ALIVE
49.0,B0200,13364536.250558231,6762413.269422144,849.3092218782664,15.114100478716232,203.46886386534135,2,ALIVE
50.0,A0100,13353490.77594121,6685085.000580393,615.5892000077785,347.20704453310367,205.49606288460356,2,ALIVE
50.0,A0200,13354593.606392989,6685058.033443997,638.354660712263,355.5112723800771,203.98373747986133,2,ALIVE
50.0,B0100,13363436.969458746,6762404.06022087,644.5184726489067,173.60749770866593,208.52144115714887,2,ALIVE
50.0,B0200,13364550.169458749,6762404.060220856,644.5184726545841,173.6074977086136,208.52144115718107,2,ALIVE
51.0,A0100,13353397.148572931,6685151.815464566,426.41111591516733,300.26425627386215,205.61066029320833,2,ALIVE
51.0,A0200,13354530.3061732,6685120.676988787,446.3734273628265,309.9702000726804,204.07341142061756,2,ALIVE
51.0,B0100,13363460.029183295,6762363.947188021,436.76470085094275,187.20124099711316,213.73649610984734,2,ALIVE
51.0,B0200,13364573.229183296,6762363.947188007,436.76470085775554,187.20124099709847,213.7364961098822,2,ALIVE
52.0,A0100,13353217.373962063,6685175.097624121,242.4527720817268,250.89615370304853,205.7748068477394,2,ALIVE
52.0,A0200,13354360.205758104,6685155.413595006,263.6513392038971,261.15567524053995,204.12617861005512,2,ALIVE
52.0,B0100,13363482.36461215,6762337.998355874,220.62012566250266,110.98655300149315,218.94213532144101,2,ALIVE
52.0,B0200,13364595.56461215,6762337.998355859,220.62012566931546,110.98655300176885,218.94213532149368,2,ALIVE
53.0,A0100,13353085.221060788,6685145.14456677,47.07457147113383,237.98918106398264,209.48408391909086,2,ALIVE
53.0,A0200,13354206.741990287,6685129.653886384,74.1605014077723,242.01441519294852,207.6778673654018,2,ALIVE
53.0,B0100,13363488.682177125,6762315.8451136565,1.3165496492743494,231.89912727286372,206.07143103080242,2,ALIVE
53.0,B0200,13364601.882177126,6762315.845113642,1.3165496538162231,231.89912727280085,206.07143104603452,2,ALIVE
