Time_s,Missile_ID,Launcher_ID,Type,Status,X_m,Y_m,Z_m,Velocity_m_s,Target_ID,Distance_to_Target_km
61.0,A1001,A0100,AIM-120C-7,ACTIVE,-23449.97886492189,313.57142504124675,6154.569269876911,375.1317900701883,B0100,46.7450050061591
61.2,A1001,A0100,AIM-120C-7,ACTIVE,-23371.782820729495,314.2580943347742,6155.1211608370595,409.79487255735137,B0100,46.59812548295837
61.400000000000006,A1001,A0100,AIM-120C-7,ACTIVE,-23286.639324429565,315.00796575585673,6155.709747836378,444.6236685598412,B0100,46.444311485148134
61.6,A1001,A0100,AIM-120C-7,ACTIVE,-23194.51523500643,315.8220231356771,6156.332190916251,479.6169579681574,B0100,46.283512939627336
61.800000000000004,A1001,A0100,AIM-120C-7,ACTIVE,-23095.378318246378,316.7008705425058,6156.987869469839,514.7674569163333,B0100,46.11571413838254
62.0,A1001,A0100,AIM-120C-7,ACTIVE,-22989.197822400693,317.6450990411322,6157.6762108025505,550.0676010897561,B0100,45.940849765865885
62.2,A1001,A0100,AIM-120C-7,ACTIVE,-22875.944534652557,318.6552863913429,6158.396677528825,585.5095458255895,B0100,45.75889860509284
62.400000000000006,A1001,A0100,AIM-120C-7,ACTIVE,-22755.59083584932,319.73199641675507,6159.148764923708,621.0851792864536,B0100,45.56985085753477
62.6,A1001,A0100,AIM-120C-7,ACTIVE,-22628.110754348698,320.87577884337446,6159.932001131406,656.786114692891,B0100,45.37366664637359
62.800000000000004,A1001,A0100,AIM-120C-7,ACTIVE,-22493.480021105195,322.08716915801864,6160.74594348635,692.6036921354867,B0100,45.170341657439046
63.0,A1001,A0100,AIM-120C-7,ACTIVE,-22351.67612504415,323.3666887458988,6161.590173552557,728.5289664325297,B0100,44.959838610487225
63.2,A1001,A0100,AIM-120C-7,ACTIVE,-22202.67836978933,324.7148447141571,6162.464288964108,764.552716784681,B0100,44.742154821443684
63.400000000000006,A1001,A0100,AIM-120C-7,ACTIVE,-22046.467928440667,326.1321298789468,6163.367900240457,800.6654442612174,B0100,44.517255318783974
63.6,A1001,A0100,AIM-120C-7,ACTIVE,-21883.02789873627,327.61902245230823,6164.300626063759,836.8573828684126,B0100,44.28514020511298
63.800000000000004,A1001,A0100,AIM-120C-7,ACTIVE,-21712.34335619703,329.1759859980381,6165.262092096505,873.1184959061864,B0100,44.04577781917196
64.0,A1001,A0100,AIM-120C-7,ACTIVE,-21534.40140775338,330.8034690572689,6166.251927410654,909.4384883977231,B0100,43.79917201307811
64.2,A1001,A0100,AIM-120C-7,ACTIVE,-21349.1912430682,332.50190510831317,6167.269764060226,945.8068035791533,B0100,43.545295077248156
64.4,A1001,A0100,AIM-120C-7,ACTIVE,-21156.704186267896,334.2717121606546,6168.3152340291435,982.212637276602,B0100,43.28415498625107
64.60000000000001,A1001,A0100,AIM-120C-7,ACTIVE,-20956.93374499322,336.113292738354,6169.387969220988,1018.6449348316565,B0100,43.01572832791887
64.8,A1001,A0100,AIM-120C-7,ACTIVE,-20749.87565974115,338.02703346021866,6170.487598722248,1055.092407586546,B0100,42.74002744647442
65.0,A1001,A0100,AIM-120C-7,ACTIVE,-20535.527950179392,340.01330507679376,6171.613748937402,1091.5435286312909,B0100,42.45701574471611
65.2,A1001,A0100,AIM-120C-7,ACTIVE,-20313.890962747675,342.0724616416601,6172.766038619734,1127.9865448636401,B0100,42.16670133315999
65.4,A1001,A0100,AIM-120C-7,ACTIVE,-20084.96741190492,344.2048395466815,6173.944082925588,1164.4095168369647,B0100,41.86910473077997
65.60000000000001,A1001,A0100,AIM-120C-7,ACTIVE,-19848.762417690115,346.41075720699433,6175.147499130798,1200.8003085738846,B0100,41.56421717614056
65.8,A1001,A0100,AIM-120C-7,ACTIVE,-19605.28354455196,348.69051482488806,6176.375907108622,1237.1465995653014,B0100,41.252066276966396
66.0,A1001,A0100,AIM-120C-7,ACTIVE,-19354.540839136447,351.04439451476384,6177.628927615441,1273.4358675775168,B0100,40.93264742834791
66.2,A1001,A0100,AIM-120C-7,ACTIVE,-19096.54686917609,353.47266012150385,6178.9061765350725,1309.6554176127026,B0100,40.6059912736859
66.4,A1001,A0100,AIM-120C-7,ACTIVE,-18831.316756614964,355.9755573144768,6180.207264085965,1345.792385009021,B0100,40.272096845222926
66.60000000000001,A1001,A0100,AIM-120C-7,ACTIVE,-18558.868209967335,358.55331339507603,6181.53179196313,1381.83376457871,B0100,39.93099891843329
66.8,A1001,A0100,AIM-120C-7,ACTIVE,-18279.22155128825,361.2061374761632,6182.879354032313,1417.7664104481248,B0100,39.58270112407514
67.0,A1001,A0100,AIM-120C-7,ACTIVE,-17992.399742765956,363.93422032502116,6184.249534130372,1453.5770658269494,B0100,39.227243245406704
67.2,A1001,A0100,AIM-120C-7,ACTIVE,-17698.428407754654,366.7377346442915,6185.6419071040655,1489.252362429706,B0100,38.86463404446247
67.4,A1001,A0100,AIM-120C-7,ACTIVE,-17397.335851434585,369.6168349680347,6187.056036758304,1524.778852047628,B0100,38.49491856997273
67.60000000000001,A1001,A0100,AIM-120C-7,ACTIVE,-17089.153075665236,372.571658072648,6188.491476864186,1560.143003245526,B0100,38.118093165556765
67.8,A1001,A0100,AIM-120C-7,ACTIVE,-16773.913795199023,375.60232250554526,6189.947766419082,1595.3312252543153,B0100,37.73419916782592
68.0,A1001,A0100,AIM-120C-7,ACTIVE,-16451.65444271584,378.70892792266415,6191.4244348697075,1630.329935601668,B0100,37.34329083770254
68.2,A1001,A0100,AIM-120C-7,ACTIVE,-16122.414167650124,381.8915551700931,6192.921009140205,1665.1255434758436,B0100,36.94539344593209
68.4,A1001,A0100,AIM-120C-7,ACTIVE,-15786.23483699356,385.1502665195951,6194.437014778831,1699.704469966409,B0100,36.54056902595014
68.60000000000001,A1001,A0100,AIM-120C-7,ACTIVE,-15443.161034309023,388.48510635337516,6195.97197457692,1734.0531212377034,B0100,36.12884764501902
68.8,A1001,A0100,AIM-120C-7,ACTIVE,-15093.240060283742,391.89610156751246,6197.525402596593,1768.15793560259,B0100,35.71029476883105
69.0,A1001,A0100,AIM-120C-7,ACTIVE,-14736.521924060196,395.3832622806159,6199.096803735976,1802.005388501337,B0100,35.28494438466717
69.2,A1001,A0100,AIM-120C-7,ACTIVE,-14373.059333400572,398.9465822717012,6200.68567091705,1835.582037082803,B0100,34.85286635624605
69.4,A1001,A0100,AIM-120C-7,ACTIVE,-14002.907676739294,402.58603984252164,6202.291486259024,1868.8745185484197,B0100,34.41409944591881
69.60000000000001,A1001,A0100,AIM-120C-7,ACTIVE,-13626.125004982883,406.30159835896666,6203.9137189203,1901.8695934514687,B0100,33.968718626361294
69.8,A1001,A0100,AIM-120C-7,ACTIVE,-13242.7720053676,410.0932072968372,6205.551826603516,1934.554142015637,B0100,33.51676779437135
70.0,A1001,A0100,AIM-120C-7,ACTIVE,-12852.911975355997,413.9608029141007,6207.2052534811055,1966.9152080494378,B0100,33.05832710760244
70.2,A1001,A0100,AIM-120C-7,ACTIVE,-12456.6107885002,417.9043095014053,6208.873431788414,1998.9399939729128,B0100,32.59344563259251
70.4,A1001,A0100,AIM-120C-7,ACTIVE,-12053.936860549715,421.9236402061134,6210.5557797172305,2030.6159054857098,B0100,32.12220863816095
70.60000000000001,A1001,A0100,AIM-120C-7,ACTIVE,-11644.961107588519,426.01869853076124,6212.251702858229,2061.9305406780886,B0100,31.64465249026427
70.8,A1001,A0100,AIM-120C-7,ACTIVE,-11229.756907339139,430.18937879925284,6213.960588736831,2092.8717226947274,B0100,31.1608579095186
71.0,A1001,A0100,AIM-120C-7,ACTIVE,-10808.400043952275,434.435566497899,6215.681813280076,2123.4275988398704,B0100,30.67091843185191
71.2,A1001,A0100,AIM-120C-7,ACTIVE,-10380.968645130803,438.757139571525,6217.414749496353,2153.58660174606,B0100,30.1748984096099
71.4,A1001,A0100,AIM-120C-7,ACTIVE,-9947.543124620875,443.1539699136319,6219.158769093393,2183.3374706350805,B0100,29.672898663950214
71.60000000000001,A1001,A0100,AIM-120C-7,ACTIVE,-9508.20612429582,447.62592543717864,6220.913240949531,2212.6691969144904,B0100,29.164987732062684
71.8,A1001,A0100,AIM-120C-7,ACTIVE,-9063.042460867235,452.1728718360704,6222.6775238984055,2241.571086730024,B0100,28.651268807961976
72.0,A1001,A0100,AIM-120C-7,ACTIVE,-8612.139060717836,456.7946748337796,6224.450966202697,2270.032755483216,B0100,28.131813120381555
72.2,A1001,A0100,AIM-120C-7,ACTIVE,-8155.584895546203,461.4912021659895,6226.232902034125,2298.0441826678025,B0100,27.606727020580152
72.4,A1001,A0100,AIM-120C-7,ACTIVE,-7693.470908558092,466.2623262024438,6228.02265281825,2325.595693780125,B0100,27.07608517984553
72.60000000000001,A1001,A0100,AIM-120C-7,ACTIVE,-7225.889943353212,471.1079262463031,6229.8195243670625,2352.6780101687523,B0100,26.539997645984077
72.8,A1001,A0100,AIM-120C-7,ACTIVE,-6752.93666420289,476.027891597094,6231.62280852969,2373.770989671121,B0100,25.99854270070626
73.0,A1001,A0100,AIM-120C-7,ACTIVE,-6281.830223435853,480.9594699330251,6233.406717427485,2334.528921230834,B0100,25.45895600417078
73.2,A1001,A0100,AIM-120C-7,ACTIVE,-5818.455571012495,485.85183600368725,6235.15010215742,2296.5471043784887,B0100,24.927105342301925
73.4,A1001,A0100,AIM-120C-7,ACTIVE,-5362.566210447691,490.7082781864787,6236.853871952499,2259.7659591923853,B0100,24.402797793481646
73.60000000000001,A1001,A0100,AIM-120C-7,ACTIVE,-4913.927092194567,495.53202658770863,6238.51966870544,2224.1313164861112,B0100,23.88580480106616
73.8,A1001,A0100,AIM-120C-7,ACTIVE,-4472.313779267594,500.3260906461481,6240.149386921575,2189.5904813817347,B0100,23.37589359770135
74.0,A1001,A0100,AIM-120C-7,ACTIVE,-4037.5122873291075,505.09337019942035,6241.744544708639,2156.0914905740397,B0100,22.872852591935366
74.2,A1001,A0100,AIM-120C-7,ACTIVE,-3609.319199979078,509.8367242009878,6243.304584545667,2123.580476120612,B0100,22.37645756585577
74.4,A1001,A0100,AIM-120C-7,ACTIVE,-3187.5411516112804,514.5590019530428,6244.827560136493,2092.015573093087,B0100,21.88653538494099
74.60000000000001,A1001,A0100,AIM-120C-7,ACTIVE,-2771.9917317972927,519.2626082491489,6246.313752661801,2061.3663991155945,B0100,21.402891586794016
74.8,A1001,A0100,AIM-120C-7,ACTIVE,-2362.4906986330343,523.9493031710371,6247.765032685464,2031.6000991779963,B0100,20.925401992318815
75.0,A1001,A0100,AIM-120C-7,ACTIVE,-1958.8653366585113,528.6208903447634,6249.183748442719,2002.6731995336127,B0100,20.45381116254528
75.2,A1001,A0100,AIM-120C-7,ACTIVE,-1560.9520959778647,533.2796681209384,6250.570020899519,1974.5396550475966,B0100,19.987960880269476
75.4,A1001,A0100,AIM-120C-7,ACTIVE,-1168.5956578049766,537.9281540681108,6251.9222212531195,1947.1656086883575,B0100,19.527715111832844
75.60000000000001,A1001,A0100,AIM-120C-7,ACTIVE,-781.6466682046242,542.5688079515832,6253.2399042621355,1920.5239710365483,B0100,19.072867643699514
75.8,A1001,A0100,AIM-120C-7,ACTIVE,-399.9611645888548,547.20405855427,6254.524006272385,1894.586626368763,B0100,18.623293135944248
76.0,A1001,A0100,AIM-120C-7,ACTIVE,-23.401052472768125,551.8363698993486,6255.775454524481,1869.324853991458,B0100,18.178835922347137
76.2,A1001,A0100,AIM-120C-7,ACTIVE,348.166357922247,556.4682134356701,6256.995531773543,1844.7116935058143,B0100,17.739386582686663
76.4,A1001,A0100,AIM-120C-7,ACTIVE,714.8681058994956,561.1021195578959,6258.1846585675385,1820.7193809808239,B0100,17.30480552277043
76.60000000000001,A1001,A0100,AIM-120C-7,ACTIVE,1076.826174454289,565.7406472056886,6259.343215559353,1797.3240810658688,B0100,16.874990780721795
76.80000000000001,A1001,A0100,AIM-120C-7,ACTIVE,1434.1576342105293,570.3863906348811,6260.471076714724,1774.501604227575,B0100,16.44980973580879
77.0,A1001,A0100,AIM-120C-7,ACTIVE,1786.975105990549,575.0419838242688,6261.568351685468,1752.230770151384,B0100,16.02916848255341
77.2,A1001,A0100,AIM-120C-7,ACTIVE,2135.3868096675487,579.7100942364501,6262.63474047212,1730.489775344904,B0100,15.612942587310455
77.4,A1001,A0100,AIM-120C-7,ACTIVE,2479.4969544104306,584.3934438155059,6263.670236877025,1709.259494325007,B0100,15.201046323261496
77.60000000000001,A1001,A0100,AIM-120C-7,ACTIVE,2819.405751670001,589.0947949052824,6264.674431269116,1688.520048447354,B0100,14.793357763644353
77.80000000000001,A1001,A0100,AIM-120C-7,ACTIVE,3155.2097613069204,593.8169869075825,6265.647223823814,1668.2540472026776,B0100,14.389797906501155
78.0,A1001,A0100,AIM-120C-7,ACTIVE,3487.001900294604,598.5629023502437,6266.588100493052,1648.4433605375777,B0100,13.990258836966053
78.2,A1001,A0100,AIM-120C-7,ACTIVE,3814.871757832434,603.3355182824249,6267.49686753933,1629.0721196194897,B0100,13.594668633082904
78.4,A1001,A0100,AIM-120C-7,ACTIVE,4138.90558399741,608.1378646146726,6268.37290271789,1610.1236841340547,B0100,13.202926287355519
78.60000000000001,A1001,A0100,AIM-120C-7,ACTIVE,4459.186579883367,612.9730880345414,6269.215912113327,1591.5835087694672,B0100,12.814966504389137
78.80000000000001,A1001,A0100,AIM-120C-7,ACTIVE,4775.794873066561,617.8444001428161,6270.025156880173,1573.4362606931736,B0100,12.43069473042119
79.0,A1001,A0100,AIM-120C-7,ACTIVE,5088.80778473576,622.7551550696837,6270.800233211569,1555.668542204611,B0100,12.050051898232953
79.2,A1001,A0100,AIM-120C-7,ACTIVE,5398.299713666422,627.7088060595469,6271.540073651583,1538.264865275797,B0100,11.67294807152402
79.4,A1001,A0100,AIM-120C-7,ACTIVE,5704.342349868047,632.7086979270257,6272.242819618545,1521.216041833441,B0100,11.299289156583859
79.60000000000001,A1001,A0100,AIM-120C-7,ACTIVE,6007.00687650415,637.7571307730273,6272.90837148854,1504.5282684990514,B0100,10.928976935732887
79.80000000000001,A1001,A0100,AIM-120C-7,ACTIVE,6306.367618793691,642.8528906639131,6273.539375408029,1488.2274433550217,B0100,10.561879576823335
80.0,A1001,A0100,AIM-120C-7,ACTIVE,6602.504277811696,647.9892867520674,6274.139371825876,1472.3350974621699,B0100,10.197928434810029
80.2,A1001,A0100,AIM-120C-7,ACTIVE,6895.499667260936,653.1550865930882,6274.709936104841,1456.858060084813,B0100,9.837134590932239
80.4,A1001,A0100,AIM-120C-7,ACTIVE,7185.43619870251,658.3368639690245,6275.250448127622,1441.7844061252988,B0100,9.479493576705703
80.60000000000001,A1001,A0100,AIM-120C-7,ACTIVE,7472.39291360221,663.5204544439988,6275.75803512707,1427.0913709323281,B0100,9.125001600303612
80.80000000000001,A1001,A0100,AIM-120C-7,ACTIVE,7756.443062828328,668.6912020882138,6276.227425237522,1412.7422651038523,B0100,8.773684793962774
81.0,A1001,A0100,AIM-120C-7,ACTIVE,8037.651657376265,673.8328134481201,6276.651468577406,1398.69088408974,B0100,8.425636388328856
81.2,A1001,A0100,AIM-120C-7,ACTIVE,8316.073941978233,678.9274727138378,6277.023535289022,1384.8878576043494,B0100,8.080901812970621
81.4,A1001,A0100,AIM-120C-7,ACTIVE,8591.266872719158,684.0722356519854,6276.854199590438,1363.2130047080916,B0100,7.73998054547974
81.60000000000001,A1001,A0100,AIM-120C-7,ACTIVE,8861.66643779687,689.299071043667,6274.922809624309,1339.7780486246465,B0100,7.404432361101969
81.80000000000001,A1001,A0100,AIM-120C-7,ACTIVE,9127.527761857153,694.1186842663668,6271.432439347795,1317.8165438758608,B0100,7.0740372453494835
82.0,A1001,A0100,AIM-120C-7,ACTIVE,9389.037591204587,698.0892283921285,6266.615497842956,1296.2480000983453,B0100,6.748735786975982
82.2,A1001,A0100,AIM-120C-7,ACTIVE,9646.180324032459,700.8175969781255,6260.641923985412,1274.1122739380714,B0100,6.4286984963852065
82.4,A1001,A0100,AIM-120C-7,ACTIVE,9898.798043317182,701.9356821893092,6253.62259440772,1250.973323970246,B0100,6.114288356633072
82.60000000000001,A1001,A0100,AIM-120C-7,ACTIVE,10146.699162846031,701.0931618713308,6245.712637858482,1227.3445049948148,B0100,5.805793239267379
82.80000000000001,A1001,A0100,AIM-120C-7,ACTIVE,10389.803060694463,698.0385229223895,6237.176545579629,1203.4203732592073,B0100,5.503334103334094
83.0,A1001,A0100,AIM-120C-7,ACTIVE,10628.093183201885,692.6193006613807,6228.365072666732,1179.959241265242,B0100,5.2066626328530665
83.2,A1001,A0100,AIM-120C-7,ACTIVE,10861.740018477023,684.8999580088446,6219.698325756116,1157.7586566341754,B0100,4.915276099817634
83.4,A1001,A0100,AIM-120C-7,ACTIVE,11091.032031366987,675.1175092503746,6211.579059491847,1137.2596528515605,B0100,4.628512939978623
83.60000000000001,A1001,A0100,AIM-120C-7,ACTIVE,11316.320096540489,663.5806160369946,6204.1826220026,1118.458594262493,B0100,4.3458586488225315
83.80000000000001,A1001,A0100,AIM-120C-7,ACTIVE,11537.9083321054,650.4829504016741,6197.309061781552,1101.1015537938413,B0100,4.067075459026763
84.0,A1001,A0100,AIM-120C-7,ACTIVE,11756.043056835228,635.9696832735798,6190.7307844356255,1084.8776483438644,B0100,3.791837682073279
84.2,A1001,A0100,AIM-120C-7,ACTIVE,11970.92086134176,620.1698135186906,6184.341947605775,1069.5330439626987,B0100,3.5199071000413538
84.4,A1001,A0100,AIM-120C-7,ACTIVE,12182.720188216728,603.2080800820111,6178.018286416368,1055.118147951749,B0100,3.251085646432486
84.60000000000001,A1001,A0100,AIM-120C-7,ACTIVE,12391.603348175431,585.1986752028503,6171.659541366676,1041.3754496680924,B0100,2.985196838048751
84.80000000000001,A1001,A0100,AIM-120C-7,ACTIVE,12597.699796725805,566.2368913712281,6165.18531167894,1028.309586017039,B0100,2.7221006453523797
85.0,A1001,A0100,AIM-120C-7,ACTIVE,12801.132810051493,546.4213726066029,6158.50804794013,1015.8211897511037,B0100,2.4616643084698175
85.2,A1001,A0100,AIM-120C-7,ACTIVE,13002.011980679701,525.8342784441006,6151.578768213684,1003.803301500793,B0100,2.203787980477005
85.4,A1001,A0100,AIM-120C-7,ACTIVE,13200.44523602554,504.5457443131635,6144.401906149207,992.3054578708274,B0100,1.9483881996226269
85.60000000000001,A1001,A0100,AIM-120C-7,ACTIVE,13396.483955921694,482.52949904103474,6137.118771939215,980.7427126756257,B0100,1.6955634626450051
85.80000000000001,A1001,A0100,AIM-120C-7,ACTIVE,13589.989340928398,459.59354612037146,6130.013727717394,967.6129182809968,B0100,1.4458921254168184
86.0,A1001,A0100,AIM-120C-7,ACTIVE,13780.4345595231,435.24683575784064,6123.38380743069,951.6493928073766,B0100,1.2004841999494464
86.2,A1001,A0100,AIM-120C-7,ACTIVE,13967.099300648402,408.8308167640156,6117.262347291864,932.5310278415677,B0100,0.9603530045716655
86.4,A1001,A0100,AIM-120C-7,ACTIVE,14149.246578088303,379.7015324458989,6111.463387539175,910.8567442343224,B0100,0.7262711387681111
86.60000000000001,A1001,A0100,AIM-120C-7,ACTIVE,14326.265372430002,347.3814503885851,6105.596611630442,887.4176984639373,B0100,0.4989019797670998
86.80000000000001,A1001,A0100,AIM-120C-7,ACTIVE,14497.651130166672,311.55641899252254,6099.140262687265,862.2200497757351,B0100,0.278830500591992
87.0,A1001,A0100,AIM-120C-7,ACTIVE,14662.702479017074,271.79774714973854,6091.654367132541,834.5132525673956,B0100,0.06704639441532245
87.2,A1001,A0100,AIM-120C-7,DESTROYED,14662.702479017074,271.79774714973854,6091.654367132541,0.0,B0100,0.0
87.4,A1001,A0100,AIM-120C-7,DESTROYED,14662.702479017074,271.79774714973854,6091.654367132541,0.0,B0100,0.0
87.60000000000001,A1001,A0100,AIM-120C-7,DESTROYED,14662.702479017074,271.79774714973854,6091.654367132541,0.0,B0100,0.0
87.80000000000001,A1001,A0100,AIM-120C-7,DESTROYED,14662.702479017074,271.79774714973854,6091.654367132541,0.0,B0100,0.0
88.0,A1001,A0100,AIM-120C-7,DESTROYED,14662.702479017074,271.79774714973854,6091.654367132541,0.0,B0100,0.0
88.2,A1001,A0100,AIM-120C-7,DESTROYED,14662.702479017074,271.79774714973854,6091.654367132541,0.0,B0100,0.0
88.4,A1001,A0100,AIM-120C-7,DESTROYED,14662.702479017074,271.79774714973854,6091.654367132541,0.0,B0100,0.0
88.60000000000001,A1001,A0100,AIM-120C-7,DESTROYED,14662.702479017074,271.79774714973854,6091.654367132541,0.0,B0100,0.0
88.80000000000001,A1001,A0100,AIM-120C-7,DESTROYED,14662.702479017074,271.79774714973854,6091.654367132541,0.0,B0100,0.0
89.0,A1001,A0100,AIM-120C-7,DESTROYED,14662.702479017074,271.79774714973854,6091.654367132541,0.0,B0100,0.0
89.2,A1001,A0100,AIM-120C-7,DESTROYED,14662.702479017074,271.79774714973854,6091.654367132541,0.0,B0100,0.0
89.4,A1001,A0100,AIM-120C-7,DESTROYED,14662.702479017074,271.79774714973854,6091.654367132541,0.0,B0100,0.0
89.60000000000001,A1001,A0100,AIM-120C-7,DESTROYED,14662.702479017074,271.79774714973854,6091.654367132541,0.0,B0100,0.0
89.80000000000001,A1001,A0100,AIM-120C-7,DESTROYED,14662.702479017074,271.79774714973854,6091.654367132541,0.0,B0100,0.0
90.0,A1001,A0100,AIM-120C-7,DESTROYED,14662.702479017074,271.79774714973854,6091.654367132541,0.0,B0100,0.0
90.2,A1001,A0100,AIM-120C-7,DESTROYED,14662.702479017074,271.79774714973854,6091.654367132541,0.0,B0100,0.0
90.4,A1001,A0100,AIM-120C-7,DESTROYED,14662.702479017074,271.79774714973854,6091.654367132541,0.0,B0100,0.0
90.60000000000001,A1001,A0100,AIM-120C-7,DESTROYED,14662.702479017074,271.79774714973854,6091.654367132541,0.0,B0100,0.0
90.80000000000001,A1001,A0100,AIM-120C-7,DESTROYED,14662.702479017074,271.79774714973854,6091.654367132541,0.0,B0100,0.0
91.0,A1001,A0100,AIM-120C-7,DESTROYED,14662.702479017074,271.79774714973854,6091.654367132541,0.0,B0100,0.0
91.2,A1001,A0100,AIM-120C-7,DESTROYED,14662.702479017074,271.79774714973854,6091.654367132541,0.0,B0100,0.0
91.4,A1001,A0100,AIM-120C-7,DESTROYED,14662.702479017074,271.79774714973854,6091.654367132541,0.0,B0100,0.0
91.60000000000001,A1001,A0100,AIM-120C-7,DESTROYED,14662.702479017074,271.79774714973854,6091.654367132541,0.0,B0100,0.0
91.80000000000001,A1001,A0100,AIM-120C-7,DESTROYED,14662.702479017074,271.79774714973854,6091.654367132541,0.0,B0100,0.0
92.0,A1001,A0100,AIM-120C-7,DESTROYED,14662.702479017074,271.79774714973854,6091.654367132541,0.0,B0100,0.0
92.2,A1001,A0100,AIM-120C-7,DESTROYED,14662.702479017074,271.79774714973854,6091.654367132541,0.0,B0100,0.0
92.4,A1001,A0100,AIM-120C-7,DESTROYED,14662.702479017074,271.79774714973854,6091.654367132541,0.0,B0100,0.0
92.60000000000001,A1001,A0100,AIM-120C-7,DESTROYED,14662.702479017074,271.79774714973854,6091.654367132541,0.0,B0100,0.0
92.80000000000001,A1001,A0100,AIM-120C-7,DESTROYED,14662.702479017074,271.79774714973854,6091.654367132541,0.0,B0100,0.0
93.0,A1001,A0100,AIM-120C-7,DESTROYED,14662.702479017074,271.79774714973854,6091.654367132541,0.0,B0100,0.0
93.2,A1001,A0100,AIM-120C-7,DESTROYED,14662.702479017074,271.79774714973854,6091.654367132541,0.0,B0100,0.0
93.4,A1001,A0100,AIM-120C-7,DESTROYED,14662.702479017074,271.79774714973854,6091.654367132541,0.0,B0100,0.0
93.60000000000001,A1001,A0100,AIM-120C-7,DESTROYED,14662.702479017074,271.79774714973854,6091.654367132541,0.0,B0100,0.0
93.80000000000001,A1001,A0100,AIM-120C-7,DESTROYED,14662.702479017074,271.79774714973854,6091.654367132541,0.0,B0100,0.0
94.0,A1001,A0100,AIM-120C-7,DESTROYED,14662.702479017074,271.79774714973854,6091.654367132541,0.0,B0100,0.0
94.2,A1001,A0100,AIM-120C-7,DESTROYED,14662.702479017074,271.79774714973854,6091.654367132541,0.0,B0100,0.0
94.4,A1001,A0100,AIM-120C-7,DESTROYED,14662.702479017074,271.79774714973854,6091.654367132541,0.0,B0100,0.0
94.60000000000001,A1001,A0100,AIM-120C-7,DESTROYED,14662.702479017074,271.79774714973854,6091.654367132541,0.0,B0100,0.0
94.80000000000001,A1001,A0100,AIM-120C-7,DESTROYED,14662.702479017074,271.79774714973854,6091.654367132541,0.0,B0100,0.0
95.0,A1001,A0100,AIM-120C-7,DESTROYED,14662.702479017074,271.79774714973854,6091.654367132541,0.0,B0100,0.0
95.2,A1001,A0100,AIM-120C-7,DESTROYED,14662.702479017074,271.79774714973854,6091.654367132541,0.0,B0100,0.0
95.4,A1001,A0100,AIM-120C-7,DESTROYED,14662.702479017074,271.79774714973854,6091.654367132541,0.0,B0100,0.0
95.60000000000001,A1001,A0100,AIM-120C-7,DESTROYED,14662.702479017074,271.79774714973854,6091.654367132541,0.0,B0100,0.0
95.80000000000001,A1001,A0100,AIM-120C-7,DESTROYED,14662.702479017074,271.79774714973854,6091.654367132541,0.0,B0100,0.0
96.0,A1001,A0100,AIM-120C-7,DESTROYED,14662.702479017074,271.79774714973854,6091.654367132541,0.0,B0100,0.0
96.2,A1001,A0100,AIM-120C-7,DESTROYED,14662.702479017074,271.79774714973854,6091.654367132541,0.0,B0100,0.0
96.4,A1001,A0100,AIM-120C-7,DESTROYED,14662.702479017074,271.79774714973854,6091.654367132541,0.0,B0100,0.0
96.60000000000001,A1001,A0100,AIM-120C-7,DESTROYED,14662.702479017074,271.79774714973854,6091.654367132541,0.0,B0100,0.0
96.80000000000001,A1001,A0100,AIM-120C-7,DESTROYED,14662.702479017074,271.79774714973854,6091.654367132541,0.0,B0100,0.0
97.0,A1001,A0100,AIM-120C-7,DESTROYED,14662.702479017074,271.79774714973854,6091.654367132541,0.0,B0100,0.0
97.2,A1001,A0100,AIM-120C-7,DESTROYED,14662.702479017074,271.79774714973854,6091.654367132541,0.0,B0100,0.0
97.4,A1001,A0100,AIM-120C-7,DESTROYED,14662.702479017074,271.79774714973854,6091.654367132541,0.0,B0100,0.0
97.60000000000001,A1001,A0100,AIM-120C-7,DESTROYED,14662.702479017074,271.79774714973854,6091.654367132541,0.0,B0100,0.0
97.80000000000001,A1001,A0100,AIM-120C-7,DESTROYED,14662.702479017074,271.79774714973854,6091.654367132541,0.0,B0100,0.0
98.0,A1001,A0100,AIM-120C-7,DESTROYED,14662.702479017074,271.79774714973854,6091.654367132541,0.0,B0100,0.0
98.2,A1001,A0100,AIM-120C-7,DESTROYED,14662.702479017074,271.79774714973854,6091.654367132541,0.0,B0100,0.0
98.4,A1001,A0100,AIM-120C-7,DESTROYED,14662.702479017074,271.79774714973854,6091.654367132541,0.0,B0100,0.0
98.60000000000001,A1001,A0100,AIM-120C-7,DESTROYED,14662.702479017074,271.79774714973854,6091.654367132541,0.0,B0100,0.0
98.80000000000001,A1001,A0100,AIM-120C-7,DESTROYED,14662.702479017074,271.79774714973854,6091.654367132541,0.0,B0100,0.0
99.0,A1001,A0100,AIM-120C-7,DESTROYED,14662.702479017074,271.79774714973854,6091.654367132541,0.0,B0100,0.0
99.2,A1001,A0100,AIM-120C-7,DESTROYED,14662.702479017074,271.79774714973854,6091.654367132541,0.0,B0100,0.0
99.4,A1001,A0100,AIM-120C-7,DESTROYED,14662.702479017074,271.79774714973854,6091.654367132541,0.0,B0100,0.0
99.60000000000001,A1001,A0100,AIM-120C-7,DESTROYED,14662.702479017074,271.79774714973854,6091.654367132541,0.0,B0100,0.0
99.80000000000001,A1001,A0100,AIM-120C-7,DESTROYED,14662.702479017074,271.79774714973854,6091.654367132541,0.0,B0100,0.0
100.0,A1001,A0100,AIM-120C-7,DESTROYED,14662.702479017074,271.79774714973854,6091.654367132541,0.0,B0100,0.0
100.2,A1001,A0100,AIM-120C-7,DESTROYED,14662.702479017074,271.79774714973854,6091.654367132541,0.0,B0100,0.0
100.4,A1001,A0100,AIM-120C-7,DESTROYED,14662.702479017074,271.79774714973854,6091.654367132541,0.0,B0100,0.0
100.60000000000001,A1001,A0100,AIM-120C-7,DESTROYED,14662.702479017074,271.79774714973854,6091.654367132541,0.0,B0100,0.0
100.80000000000001,A1001,A0100,AIM-120C-7,DESTROYED,14662.702479017074,271.79774714973854,6091.654367132541,0.0,B0100,0.0
101.0,A1001,A0100,AIM-120C-7,DESTROYED,14662.702479017074,271.79774714973854,6091.654367132541,0.0,B0100,0.0
101.2,A1001,A0100,AIM-120C-7,DESTROYED,14662.702479017074,271.79774714973854,6091.654367132541,0.0,B0100,0.0
101.4,A1001,A0100,AIM-120C-7,DESTROYED,14662.702479017074,271.79774714973854,6091.654367132541,0.0,B0100,0.0
101.60000000000001,A1001,A0100,AIM-120C-7,DESTROYED,14662.702479017074,271.79774714973854,6091.654367132541,0.0,B0100,0.0
101.80000000000001,A1001,A0100,AIM-120C-7,DESTROYED,14662.702479017074,271.79774714973854,6091.654367132541,0.0,B0100,0.0
102.0,A1001,A0100,AIM-120C-7,DESTROYED,14662.702479017074,271.79774714973854,6091.654367132541,0.0,B0100,0.0
102.2,A1001,A0100,AIM-120C-7,DESTROYED,14662.702479017074,271.79774714973854,6091.654367132541,0.0,B0100,0.0
102.4,A1001,A0100,AIM-120C-7,DESTROYED,14662.702479017074,271.79774714973854,6091.654367132541,0.0,B0100,0.0
102.60000000000001,A1001,A0100,AIM-120C-7,DESTROYED,14662.702479017074,271.79774714973854,6091.654367132541,0.0,B0100,0.0
102.80000000000001,A1001,A0100,AIM-120C-7,DESTROYED,14662.702479017074,271.79774714973854,6091.654367132541,0.0,B0100,0.0
103.0,A1001,A0100,AIM-120C-7,DESTROYED,14662.702479017074,271.79774714973854,6091.654367132541,0.0,B0100,0.0
103.2,A1001,A0100,AIM-120C-7,DESTROYED,14662.702479017074,271.79774714973854,6091.654367132541,0.0,B0100,0.0
103.4,A1001,A0100,AIM-120C-7,DESTROYED,14662.702479017074,271.79774714973854,6091.654367132541,0.0,B0100,0.0
103.60000000000001,A1001,A0100,AIM-120C-7,DESTROYED,14662.702479017074,271.79774714973854,6091.654367132541,0.0,B0100,0.0
103.80000000000001,A1001,A0100,AIM-120C-7,DESTROYED,14662.702479017074,271.79774714973854,6091.654367132541,0.0,B0100,0.0
104.0,A1001,A0100,AIM-120C-7,DESTROYED,14662.702479017074,271.79774714973854,6091.654367132541,0.0,B0100,0.0
104.2,A1001,A0100,AIM-120C-7,DESTROYED,14662.702479017074,271.79774714973854,6091.654367132541,0.0,B0100,0.0
104.4,A1001,A0100,AIM-120C-7,DESTROYED,14662.702479017074,271.79774714973854,6091.654367132541,0.0,B0100,0.0
104.60000000000001,A1001,A0100,AIM-120C-7,DESTROYED,14662.702479017074,271.79774714973854,6091.654367132541,0.0,B0100,0.0
104.80000000000001,A1001,A0100,AIM-120C-7,DESTROYED,14662.702479017074,271.79774714973854,6091.654367132541,0.0,B0100,0.0
105.0,A1001,A0100,AIM-120C-7,DESTROYED,14662.702479017074,271.79774714973854,6091.654367132541,0.0,B0100,0.0
105.2,A1001,A0100,AIM-120C-7,DESTROYED,14662.702479017074,271.79774714973854,6091.654367132541,0.0,B0100,0.0
105.4,A1001,A0100,AIM-120C-7,DESTROYED,14662.702479017074,271.79774714973854,6091.654367132541,0.0,B0100,0.0
105.60000000000001,A1001,A0100,AIM-120C-7,DESTROYED,14662.702479017074,271.79774714973854,6091.654367132541,0.0,B0100,0.0
105.80000000000001,A1001,A0100,AIM-120C-7,DESTROYED,14662.702479017074,271.79774714973854,6091.654367132541,0.0,B0100,0.0
106.0,A1001,A0100,AIM-120C-7,DESTROYED,14662.702479017074,271.79774714973854,6091.654367132541,0.0,B0100,0.0
106.2,A1001,A0100,AIM-120C-7,DESTROYED,14662.702479017074,271.79774714973854,6091.654367132541,0.0,B0100,0.0
106.4,A1001,A0100,AIM-120C-7,DESTROYED,14662.702479017074,271.79774714973854,6091.654367132541,0.0,B0100,0.0
106.60000000000001,A1001,A0100,AIM-120C-7,DESTROYED,14662.702479017074,271.79774714973854,6091.654367132541,0.0,B0100,0.0
106.80000000000001,A1001,A0100,AIM-120C-7,DESTROYED,14662.702479017074,271.79774714973854,6091.654367132541,0.0,B0100,0.0
107.0,A1001,A0100,AIM-120C-7,DESTROYED,14662.702479017074,271.79774714973854,6091.654367132541,0.0,B0100,0.0
107.2,A1001,A0100,AIM-120C-7,DESTROYED,14662.702479017074,271.79774714973854,6091.654367132541,0.0,B0100,0.0
107.4,A1001,A0100,AIM-120C-7,DESTROYED,14662.702479017074,271.79774714973854,6091.654367132541,0.0,B0100,0.0
107.60000000000001,A1001,A0100,AIM-120C-7,DESTROYED,14662.702479017074,271.79774714973854,6091.654367132541,0.0,B0100,0.0
107.80000000000001,A1001,A0100,AIM-120C-7,DESTROYED,14662.702479017074,271.79774714973854,6091.654367132541,0.0,B0100,0.0
108.0,A1001,A0100,AIM-120C-7,DESTROYED,14662.702479017074,271.79774714973854,6091.654367132541,0.0,B0100,0.0
108.2,A1001,A0100,AIM-120C-7,DESTROYED,14662.702479017074,271.79774714973854,6091.654367132541,0.0,B0100,0.0
108.4,A1001,A0100,AIM-120C-7,DESTROYED,14662.702479017074,271.79774714973854,6091.654367132541,0.0,B0100,0.0
108.60000000000001,A1001,A0100,AIM-120C-7,DESTROYED,14662.702479017074,271.79774714973854,6091.654367132541,0.0,B0100,0.0
108.80000000000001,A1001,A0100,AIM-120C-7,DESTROYED,14662.702479017074,271.79774714973854,6091.654367132541,0.0,B0100,0.0
109.0,A1001,A0100,AIM-120C-7,DESTROYED,14662.702479017074,271.79774714973854,6091.654367132541,0.0,B0100,0.0
109.2,A1001,A0100,AIM-120C-7,DESTROYED,14662.702479017074,271.79774714973854,6091.654367132541,0.0,B0100,0.0
109.4,A1001,A0100,AIM-120C-7,DESTROYED,14662.702479017074,271.79774714973854,6091.654367132541,0.0,B0100,0.0
109.60000000000001,A1001,A0100,AIM-120C-7,DESTROYED,14662.702479017074,271.79774714973854,6091.654367132541,0.0,B0100,0.0
109.80000000000001,A1001,A0100,AIM-120C-7,DESTROYED,14662.702479017074,271.79774714973854,6091.654367132541,0.0,B0100,0.0
110.0,A1001,A0100,AIM-120C-7,DESTROYED,14662.702479017074,271.79774714973854,6091.654367132541,0.0,B0100,0.0
110.2,A1001,A0100,AIM-120C-7,DESTROYED,14662.702479017074,271.79774714973854,6091.654367132541,0.0,B0100,0.0
110.4,A1001,A0100,AIM-120C-7,DESTROYED,14662.702479017074,271.79774714973854,6091.654367132541,0.0,B0100,0.0
110.60000000000001,A1001,A0100,AIM-120C-7,DESTROYED,14662.702479017074,271.79774714973854,6091.654367132541,0.0,B0100,0.0
110.80000000000001,A1001,A0100,AIM-120C-7,DESTROYED,14662.702479017074,271.79774714973854,6091.654367132541,0.0,B0100,0.0
111.0,A1001,A0100,AIM-120C-7,DESTROYED,14662.702479017074,271.79774714973854,6091.654367132541,0.0,B0100,0.0
111.2,A1001,A0100,AIM-120C-7,DESTROYED,14662.702479017074,271.79774714973854,6091.654367132541,0.0,B0100,0.0
111.4,A1001,A0100,AIM-120C-7,DESTROYED,14662.702479017074,271.79774714973854,6091.654367132541,0.0,B0100,0.0
111.60000000000001,A1001,A0100,AIM-120C-7,DESTROYED,14662.702479017074,271.79774714973854,6091.654367132541,0.0,B0100,0.0
111.80000000000001,A1001,A0100,AIM-120C-7,DESTROYED,14662.702479017074,271.79774714973854,6091.654367132541,0.0,B0100,0.0
112.0,A1001,A0100,AIM-120C-7,DESTROYED,14662.702479017074,271.79774714973854,6091.654367132541,0.0,B0100,0.0
112.2,A1001,A0100,AIM-120C-7,DESTROYED,14662.702479017074,271.79774714973854,6091.654367132541,0.0,B0100,0.0
112.4,A1001,A0100,AIM-120C-7,DESTROYED,14662.702479017074,271.79774714973854,6091.654367132541,0.0,B0100,0.0
112.60000000000001,A1001,A0100,AIM-120C-7,DESTROYED,14662.702479017074,271.79774714973854,6091.654367132541,0.0,B0100,0.0
112.80000000000001,A1001,A0100,AIM-120C-7,DESTROYED,14662.702479017074,271.79774714973854,6091.654367132541,0.0,B0100,0.0
113.0,A1001,A0100,AIM-120C-7,DESTROYED,14662.702479017074,271.79774714973854,6091.654367132541,0.0,B0100,0.0
113.2,A1001,A0100,AIM-120C-7,DESTROYED,14662.702479017074,271.79774714973854,6091.654367132541,0.0,B0100,0.0
113.4,A1001,A0100,AIM-120C-7,DESTROYED,14662.702479017074,271.79774714973854,6091.654367132541,0.0,B0100,0.0
113.60000000000001,A1001,A0100,AIM-120C-7,DESTROYED,14662.702479017074,271.79774714973854,6091.654367132541,0.0,B0100,0.0
113.80000000000001,A1001,A0100,AIM-120C-7,DESTROYED,14662.702479017074,271.79774714973854,6091.654367132541,0.0,B0100,0.0
114.0,A1001,A0100,AIM-120C-7,DESTROYED,14662.702479017074,271.79774714973854,6091.654367132541,0.0,B0100,0.0
114.2,A1001,A0100,AIM-120C-7,DESTROYED,14662.702479017074,271.79774714973854,6091.654367132541,0.0,B0100,0.0
114.4,A1001,A0100,AIM-120C-7,DESTROYED,14662.702479017074,271.79774714973854,6091.654367132541,0.0,B0100,0.0
114.60000000000001,A1001,A0100,AIM-120C-7,DESTROYED,14662.702479017074,271.79774714973854,6091.654367132541,0.0,B0100,0.0
114.80000000000001,A1001,A0100,AIM-120C-7,DESTROYED,14662.702479017074,271.79774714973854,6091.654367132541,0.0,B0100,0.0
115.0,A1001,A0100,AIM-120C-7,DESTROYED,14662.702479017074,271.79774714973854,6091.654367132541,0.0,B0100,0.0
115.2,A1001,A0100,AIM-120C-7,DESTROYED,14662.702479017074,271.79774714973854,6091.654367132541,0.0,B0100,0.0
115.4,A1001,A0100,AIM-120C-7,DESTROYED,14662.702479017074,271.79774714973854,6091.654367132541,0.0,B0100,0.0
115.60000000000001,A1001,A0100,AIM-120C-7,DESTROYED,14662.702479017074,271.79774714973854,6091.654367132541,0.0,B0100,0.0
115.80000000000001,A1001,A0100,AIM-120C-7,DESTROYED,14662.702479017074,271.79774714973854,6091.654367132541,0.0,B0100,0.0
116.0,A1001,A0100,AIM-120C-7,DESTROYED,14662.702479017074,271.79774714973854,6091.654367132541,0.0,B0100,0.0
116.2,A1001,A0100,AIM-120C-7,DESTROYED,14662.702479017074,271.79774714973854,6091.654367132541,0.0,B0100,0.0
116.4,A1001,A0100,AIM-120C-7,DESTROYED,14662.702479017074,271.79774714973854,6091.654367132541,0.0,B0100,0.0
116.60000000000001,A1001,A0100,AIM-120C-7,DESTROYED,14662.702479017074,271.79774714973854,6091.654367132541,0.0,B0100,0.0
116.80000000000001,A1001,A0100,AIM-120C-7,DESTROYED,14662.702479017074,271.79774714973854,6091.654367132541,0.0,B0100,0.0
117.0,A1001,A0100,AIM-120C-7,DESTROYED,14662.702479017074,271.79774714973854,6091.654367132541,0.0,B0100,0.0
117.2,A1001,A0100,AIM-120C-7,DESTROYED,14662.702479017074,271.79774714973854,6091.654367132541,0.0,B0100,0.0
117.4,A1001,A0100,AIM-120C-7,DESTROYED,14662.702479017074,271.79774714973854,6091.654367132541,0.0,B0100,0.0
117.60000000000001,A1001,A0100,AIM-120C-7,DESTROYED,14662.702479017074,271.79774714973854,6091.654367132541,0.0,B0100,0.0
117.80000000000001,A1001,A0100,AIM-120C-7,DESTROYED,14662.702479017074,271.79774714973854,6091.654367132541,0.0,B0100,0.0
118.0,A1001,A0100,AIM-120C-7,DESTROYED,14662.702479017074,271.79774714973854,6091.654367132541,0.0,B0100,0.0
118.2,A1001,A0100,AIM-120C-7,DESTROYED,14662.702479017074,271.79774714973854,6091.654367132541,0.0,B0100,0.0
118.4,A1001,A0100,AIM-120C-7,DESTROYED,14662.702479017074,271.79774714973854,6091.654367132541,0.0,B0100,0.0
118.60000000000001,A1001,A0100,AIM-120C-7,DESTROYED,14662.702479017074,271.79774714973854,6091.654367132541,0.0,B0100,0.0
118.80000000000001,A1001,A0100,AIM-120C-7,DESTROYED,14662.702479017074,271.79774714973854,6091.654367132541,0.0,B0100,0.0
119.0,A1001,A0100,AIM-120C-7,DESTROYED,14662.702479017074,271.79774714973854,6091.654367132541,0.0,B0100,0.0
119.2,A1001,A0100,AIM-120C-7,DESTROYED,14662.702479017074,271.79774714973854,6091.654367132541,0.0,B0100,0.0
119.4,A1001,A0100,AIM-120C-7,DESTROYED,14662.702479017074,271.79774714973854,6091.654367132541,0.0,B0100,0.0
119.60000000000001,A1001,A0100,AIM-120C-7,DESTROYED,14662.702479017074,271.79774714973854,6091.654367132541,0.0,B0100,0.0
119.80000000000001,A1001,A0100,AIM-120C-7,DESTROYED,14662.702479017074,271.79774714973854,6091.654367132541,0.0,B0100,0.0
120.0,A1001,A0100,AIM-120C-7,DESTROYED,14662.702479017074,271.79774714973854,6091.654367132541,0.0,B0100,0.0
120.2,A1001,A0100,AIM-120C-7,DESTROYED,14662.702479017074,271.79774714973854,6091.654367132541,0.0,B0100,0.0
120.4,A1001,A0100,AIM-120C-7,DESTROYED,14662.702479017074,271.79774714973854,6091.654367132541,0.0,B0100,0.0
120.60000000000001,A1001,A0100,AIM-120C-7,DESTROYED,14662.702479017074,271.79774714973854,6091.654367132541,0.0,B0100,0.0
120.80000000000001,A1001,A0100,AIM-120C-7,DESTROYED,14662.702479017074,271.79774714973854,6091.654367132541,0.0,B0100,0.0
121.0,A1001,A0100,AIM-120C-7,DESTROYED,14662.702479017074,271.79774714973854,6091.654367132541,0.0,B0100,0.0
121.2,A1001,A0100,AIM-120C-7,DESTROYED,14662.702479017074,271.79774714973854,6091.654367132541,0.0,B0100,0.0
121.4,A1001,A0100,AIM-120C-7,DESTROYED,14662.702479017074,271.79774714973854,6091.654367132541,0.0,B0100,0.0
121.60000000000001,A1001,A0100,AIM-120C-7,DESTROYED,14662.702479017074,271.79774714973854,6091.654367132541,0.0,B0100,0.0
121.80000000000001,A1001,A0100,AIM-120C-7,DESTROYED,14662.702479017074,271.79774714973854,6091.654367132541,0.0,B0100,0.0
122.0,A1001,A0100,AIM-120C-7,DESTROYED,14662.702479017074,271.79774714973854,6091.654367132541,0.0,B0100,0.0
122.2,A1001,A0100,AIM-120C-7,DESTROYED,14662.702479017074,271.79774714973854,6091.654367132541,0.0,B0100,0.0
122.4,A1001,A0100,AIM-120C-7,DESTROYED,14662.702479017074,271.79774714973854,6091.654367132541,0.0,B0100,0.0
122.60000000000001,A1001,A0100,AIM-120C-7,DESTROYED,14662.702479017074,271.79774714973854,6091.654367132541,0.0,B0100,0.0
122.80000000000001,A1001,A0100,AIM-120C-7,DESTROYED,14662.702479017074,271.79774714973854,6091.654367132541,0.0,B0100,0.0
123.0,A1001,A0100,AIM-120C-7,DESTROYED,14662.702479017074,271.79774714973854,6091.654367132541,0.0,B0100,0.0
123.2,A1001,A0100,AIM-120C-7,DESTROYED,14662.702479017074,271.79774714973854,6091.654367132541,0.0,B0100,0.0
123.4,A1001,A0100,AIM-120C-7,DESTROYED,14662.702479017074,271.79774714973854,6091.654367132541,0.0,B0100,0.0
123.60000000000001,A1001,A0100,AIM-120C-7,DESTROYED,14662.702479017074,271.79774714973854,6091.654367132541,0.0,B0100,0.0
123.80000000000001,A1001,A0100,AIM-120C-7,DESTROYED,14662.702479017074,271.79774714973854,6091.654367132541,0.0,B0100,0.0
124.0,A1001,A0100,AIM-120C-7,DESTROYED,14662.702479017074,271.79774714973854,6091.654367132541,0.0,B0100,0.0
124.2,A1001,A0100,AIM-120C-7,DESTROYED,14662.702479017074,271.79774714973854,6091.654367132541,0.0,B0100,0.0
124.4,A1001,A0100,AIM-120C-7,DESTROYED,14662.702479017074,271.79774714973854,6091.654367132541,0.0,B0100,0.0
124.60000000000001,A1001,A0100,AIM-120C-7,DESTROYED,14662.702479017074,271.79774714973854,6091.654367132541,0.0,B0100,0.0
124.80000000000001,A1001,A0100,AIM-120C-7,DESTROYED,14662.702479017074,271.79774714973854,6091.654367132541,0.0,B0100,0.0
125.0,A1001,A0100,AIM-120C-7,DESTROYED,14662.702479017074,271.79774714973854,6091.654367132541,0.0,B0100,0.0
125.2,A1001,A0100,AIM-120C-7,DESTROYED,14662.702479017074,271.79774714973854,6091.654367132541,0.0,B0100,0.0
125.4,A1001,A0100,AIM-120C-7,DESTROYED,14662.702479017074,271.79774714973854,6091.654367132541,0.0,B0100,0.0
125.60000000000001,A1001,A0100,AIM-120C-7,DESTROYED,14662.702479017074,271.79774714973854,6091.654367132541,0.0,B0100,0.0
125.80000000000001,A1001,A0100,AIM-120C-7,DESTROYED,14662.702479017074,271.79774714973854,6091.654367132541,0.0,B0100,0.0
126.0,A1001,A0100,AIM-120C-7,DESTROYED,14662.702479017074,271.79774714973854,6091.654367132541,0.0,B0100,0.0
126.2,A1001,A0100,AIM-120C-7,DESTROYED,14662.702479017074,271.79774714973854,6091.654367132541,0.0,B0100,0.0
126.4,A1001,A0100,AIM-120C-7,DESTROYED,14662.702479017074,271.79774714973854,6091.654367132541,0.0,B0100,0.0
126.60000000000001,A1001,A0100,AIM-120C-7,DESTROYED,14662.702479017074,271.79774714973854,6091.654367132541,0.0,B0100,0.0
126.80000000000001,A1001,A0100,AIM-120C-7,DESTROYED,14662.702479017074,271.79774714973854,6091.654367132541,0.0,B0100,0.0
127.0,A1001,A0100,AIM-120C-7,DESTROYED,14662.702479017074,271.79774714973854,6091.654367132541,0.0,B0100,0.0
127.2,A1001,A0100,AIM-120C-7,DESTROYED,14662.702479017074,271.79774714973854,6091.654367132541,0.0,B0100,0.0
127.4,A1001,A0100,AIM-120C-7,DESTROYED,14662.702479017074,271.79774714973854,6091.654367132541,0.0,B0100,0.0
127.60000000000001,A1001,A0100,AIM-120C-7,DESTROYED,14662.702479017074,271.79774714973854,6091.654367132541,0.0,B0100,0.0
127.80000000000001,A1001,A0100,AIM-120C-7,DESTROYED,14662.702479017074,271.79774714973854,6091.654367132541,0.0,B0100,0.0
128.0,A1001,A0100,AIM-120C-7,DESTROYED,14662.702479017074,271.79774714973854,6091.654367132541,0.0,B0100,0.0
128.20000000000002,A1001,A0100,AIM-120C-7,DESTROYED,14662.702479017074,271.79774714973854,6091.654367132541,0.0,B0100,0.0
128.4,A1001,A0100,AIM-120C-7,DESTROYED,14662.702479017074,271.79774714973854,6091.654367132541,0.0,B0100,0.0
128.6,A1001,A0100,AIM-120C-7,DESTROYED,14662.702479017074,271.79774714973854,6091.654367132541,0.0,B0100,0.0
128.8,A1001,A0100,AIM-120C-7,DESTROYED,14662.702479017074,271.79774714973854,6091.654367132541,0.0,B0100,0.0
129.0,A1001,A0100,AIM-120C-7,DESTROYED,14662.702479017074,271.79774714973854,6091.654367132541,0.0,B0100,0.0
129.20000000000002,A1001,A0100,AIM-120C-7,DESTROYED,14662.702479017074,271.79774714973854,6091.654367132541,0.0,B0100,0.0
129.4,A1001,A0100,AIM-120C-7,DESTROYED,14662.702479017074,271.79774714973854,6091.654367132541,0.0,B0100,0.0
129.6,A1001,A0100,AIM-120C-7,DESTROYED,14662.702479017074,271.79774714973854,6091.654367132541,0.0,B0100,0.0
129.8,A1001,A0100,AIM-120C-7,DESTROYED,14662.702479017074,271.79774714973854,6091.654367132541,0.0,B0100,0.0
130.0,A1001,A0100,AIM-120C-7,DESTROYED,14662.702479017074,271.79774714973854,6091.654367132541,0.0,B0100,0.0
130.20000000000002,A1001,A0100,AIM-120C-7,DESTROYED,14662.702479017074,271.79774714973854,6091.654367132541,0.0,B0100,0.0
130.4,A1001,A0100,AIM-120C-7,DESTROYED,14662.702479017074,271.79774714973854,6091.654367132541,0.0,B0100,0.0
130.6,A1001,A0100,AIM-120C-7,DESTROYED,14662.702479017074,271.79774714973854,6091.654367132541,0.0,B0100,0.0
130.8,A1001,A0100,AIM-120C-7,DESTROYED,14662.702479017074,271.79774714973854,6091.654367132541,0.0,B0100,0.0
131.0,A1001,A0100,AIM-120C-7,DESTROYED,14662.702479017074,271.79774714973854,6091.654367132541,0.0,B0100,0.0
131.20000000000002,A1001,A0100,AIM-120C-7,DESTROYED,14662.702479017074,271.79774714973854,6091.654367132541,0.0,B0100,0.0
131.4,A1001,A0100,AIM-120C-7,DESTROYED,14662.702479017074,271.79774714973854,6091.654367132541,0.0,B0100,0.0
131.6,A1001,A0100,AIM-120C-7,DESTROYED,14662.702479017074,271.79774714973854,6091.654367132541,0.0,B0100,0.0
131.8,A1001,A0100,AIM-120C-7,DESTROYED,14662.702479017074,271.79774714973854,6091.654367132541,0.0,B0100,0.0
132.0,A1001,A0100,AIM-120C-7,DESTROYED,14662.702479017074,271.79774714973854,6091.654367132541,0.0,B0100,0.0
132.20000000000002,A1001,A0100,AIM-120C-7,DESTROYED,14662.702479017074,271.79774714973854,6091.654367132541,0.0,B0100,0.0
132.4,A1001,A0100,AIM-120C-7,DESTROYED,14662.702479017074,271.79774714973854,6091.654367132541,0.0,B0100,0.0
132.6,A1001,A0100,AIM-120C-7,DESTROYED,14662.702479017074,271.79774714973854,6091.654367132541,0.0,B0100,0.0
132.8,A1001,A0100,AIM-120C-7,DESTROYED,14662.702479017074,271.79774714973854,6091.654367132541,0.0,B0100,0.0
133.0,A1001,A0100,AIM-120C-7,DESTROYED,14662.702479017074,271.79774714973854,6091.654367132541,0.0,B0100,0.0
133.20000000000002,A1001,A0100,AIM-120C-7,DESTROYED,14662.702479017074,271.79774714973854,6091.654367132541,0.0,B0100,0.0
133.4,A1001,A0100,AIM-120C-7,DESTROYED,14662.702479017074,271.79774714973854,6091.654367132541,0.0,B0100,0.0
133.6,A1001,A0100,AIM-120C-7,DESTROYED,14662.702479017074,271.79774714973854,6091.654367132541,0.0,B0100,0.0
133.8,A1001,A0100,AIM-120C-7,DESTROYED,14662.702479017074,271.79774714973854,6091.654367132541,0.0,B0100,0.0
134.0,A1001,A0100,AIM-120C-7,DESTROYED,14662.702479017074,271.79774714973854,6091.654367132541,0.0,B0100,0.0
134.20000000000002,A1001,A0100,AIM-120C-7,DESTROYED,14662.702479017074,271.79774714973854,6091.654367132541,0.0,B0100,0.0
134.4,A1001,A0100,AIM-120C-7,DESTROYED,14662.702479017074,271.79774714973854,6091.654367132541,0.0,B0100,0.0
134.6,A1001,A0100,AIM-120C-7,DESTROYED,14662.702479017074,271.79774714973854,6091.654367132541,0.0,B0100,0.0
134.8,A1001,A0100,AIM-120C-7,DESTROYED,14662.702479017074,271.79774714973854,6091.654367132541,0.0,B0100,0.0
135.0,A1001,A0100,AIM-120C-7,DESTROYED,14662.702479017074,271.79774714973854,6091.654367132541,0.0,B0100,0.0
135.20000000000002,A1001,A0100,AIM-120C-7,DESTROYED,14662.702479017074,271.79774714973854,6091.654367132541,0.0,B0100,0.0
135.4,A1001,A0100,AIM-120C-7,DESTROYED,14662.702479017074,271.79774714973854,6091.654367132541,0.0,B0100,0.0
135.6,A1001,A0100,AIM-120C-7,DESTROYED,14662.702479017074,271.79774714973854,6091.654367132541,0.0,B0100,0.0
135.8,A1001,A0100,AIM-120C-7,DESTROYED,14662.702479017074,271.79774714973854,6091.654367132541,0.0,B0100,0.0
136.0,A1001,A0100,AIM-120C-7,DESTROYED,14662.702479017074,271.79774714973854,6091.654367132541,0.0,B0100,0.0
136.20000000000002,A1001,A0100,AIM-120C-7,DESTROYED,14662.702479017074,271.79774714973854,6091.654367132541,0.0,B0100,0.0
136.4,A1001,A0100,AIM-120C-7,DESTROYED,14662.702479017074,271.79774714973854,6091.654367132541,0.0,B0100,0.0
136.6,A1001,A0100,AIM-120C-7,DESTROYED,14662.702479017074,271.79774714973854,6091.654367132541,0.0,B0100,0.0
136.8,A1001,A0100,AIM-120C-7,DESTROYED,14662.702479017074,271.79774714973854,6091.654367132541,0.0,B0100,0.0
137.0,A1001,A0100,AIM-120C-7,DESTROYED,14662.702479017074,271.79774714973854,6091.654367132541,0.0,B0100,0.0
137.20000000000002,A1001,A0100,AIM-120C-7,DESTROYED,14662.702479017074,271.79774714973854,6091.654367132541,0.0,B0100,0.0
137.4,A1001,A0100,AIM-120C-7,DESTROYED,14662.702479017074,271.79774714973854,6091.654367132541,0.0,B0100,0.0
137.6,A1001,A0100,AIM-120C-7,DESTROYED,14662.702479017074,271.79774714973854,6091.654367132541,0.0,B0100,0.0
137.8,A1001,A0100,AIM-120C-7,DESTROYED,14662.702479017074,271.79774714973854,6091.654367132541,0.0,B0100,0.0
138.0,A1001,A0100,AIM-120C-7,DESTROYED,14662.702479017074,271.79774714973854,6091.654367132541,0.0,B0100,0.0
138.20000000000002,A1001,A0100,AIM-120C-7,DESTROYED,14662.702479017074,271.79774714973854,6091.654367132541,0.0,B0100,0.0
138.4,A1001,A0100,AIM-120C-7,DESTROYED,14662.702479017074,271.79774714973854,6091.654367132541,0.0,B0100,0.0
138.6,A1001,A0100,AIM-120C-7,DESTROYED,14662.702479017074,271.79774714973854,6091.654367132541,0.0,B0100,0.0
138.8,A1001,A0100,AIM-120C-7,DESTROYED,14662.702479017074,271.79774714973854,6091.654367132541,0.0,B0100,0.0
139.0,A1001,A0100,AIM-120C-7,DESTROYED,14662.702479017074,271.79774714973854,6091.654367132541,0.0,B0100,0.0
139.20000000000002,A1001,A0100,AIM-120C-7,DESTROYED,14662.702479017074,271.79774714973854,6091.654367132541,0.0,B0100,0.0
139.4,A1001,A0100,AIM-120C-7,DESTROYED,14662.702479017074,271.79774714973854,6091.654367132541,0.0,B0100,0.0
139.6,A1001,A0100,AIM-120C-7,DESTROYED,14662.702479017074,271.79774714973854,6091.654367132541,0.0,B0100,0.0
139.8,A1001,A0100,AIM-120C-7,DESTROYED,14662.702479017074,271.79774714973854,6091.654367132541,0.0,B0100,0.0
140.0,A1001,A0100,AIM-120C-7,DESTROYED,14662.702479017074,271.79774714973854,6091.654367132541,0.0,B0100,0.0
140.20000000000002,A1001,A0100,AIM-120C-7,DESTROYED,14662.702479017074,271.79774714973854,6091.654367132541,0.0,B0100,0.0
140.4,A1001,A0100,AIM-120C-7,DESTROYED,14662.702479017074,271.79774714973854,6091.654367132541,0.0,B0100,0.0
140.6,A1001,A0100,AIM-120C-7,DESTROYED,14662.702479017074,271.79774714973854,6091.654367132541,0.0,B0100,0.0
140.8,A1001,A0100,AIM-120C-7,DESTROYED,14662.702479017074,271.79774714973854,6091.654367132541,0.0,B0100,0.0
141.0,A1001,A0100,AIM-120C-7,DESTROYED,14662.702479017074,271.79774714973854,6091.654367132541,0.0,B0100,0.0
141.20000000000002,A1001,A0100,AIM-120C-7,DESTROYED,14662.702479017074,271.79774714973854,6091.654367132541,0.0,B0100,0.0
141.4,A1001,A0100,AIM-120C-7,DESTROYED,14662.702479017074,271.79774714973854,6091.654367132541,0.0,B0100,0.0
141.6,A1001,A0100,AIM-120C-7,DESTROYED,14662.702479017074,271.79774714973854,6091.654367132541,0.0,B0100,0.0
141.8,A1001,A0100,AIM-120C-7,DESTROYED,14662.702479017074,271.79774714973854,6091.654367132541,0.0,B0100,0.0
142.0,A1001,A0100,AIM-120C-7,DESTROYED,14662.702479017074,271.79774714973854,6091.654367132541,0.0,B0100,0.0
142.20000000000002,A1001,A0100,AIM-120C-7,DESTROYED,14662.702479017074,271.79774714973854,6091.654367132541,0.0,B0100,0.0
142.4,A1001,A0100,AIM-120C-7,DESTROYED,14662.702479017074,271.79774714973854,6091.654367132541,0.0,B0100,0.0
142.6,A1001,A0100,AIM-120C-7,DESTROYED,14662.702479017074,271.79774714973854,6091.654367132541,0.0,B0100,0.0
142.8,A1001,A0100,AIM-120C-7,DESTROYED,14662.702479017074,271.79774714973854,6091.654367132541,0.0,B0100,0.0
143.0,A1001,A0100,AIM-120C-7,DESTROYED,14662.702479017074,271.79774714973854,6091.654367132541,0.0,B0100,0.0
143.20000000000002,A1001,A0100,AIM-120C-7,DESTROYED,14662.702479017074,271.79774714973854,6091.654367132541,0.0,B0100,0.0
143.4,A1001,A0100,AIM-120C-7,DESTROYED,14662.702479017074,271.79774714973854,6091.654367132541,0.0,B0100,0.0
143.6,A1001,A0100,AIM-120C-7,DESTROYED,14662.702479017074,271.79774714973854,6091.654367132541,0.0,B0100,0.0
143.8,A1001,A0100,AIM-120C-7,DESTROYED,14662.702479017074,271.79774714973854,6091.654367132541,0.0,B0100,0.0
144.0,A1001,A0100,AIM-120C-7,DESTROYED,14662.702479017074,271.79774714973854,6091.654367132541,0.0,B0100,0.0
144.20000000000002,A1001,A0100,AIM-120C-7,DESTROYED,14662.702479017074,271.79774714973854,6091.654367132541,0.0,B0100,0.0
144.4,A1001,A0100,AIM-120C-7,DESTROYED,14662.702479017074,271.79774714973854,6091.654367132541,0.0,B0100,0.0
144.6,A1001,A0100,AIM-120C-7,DESTROYED,14662.702479017074,271.79774714973854,6091.654367132541,0.0,B0100,0.0
144.8,A1001,A0100,AIM-120C-7,DESTROYED,14662.702479017074,271.79774714973854,6091.654367132541,0.0,B0100,0.0
145.0,A1001,A0100,AIM-120C-7,DESTROYED,14662.702479017074,271.79774714973854,6091.654367132541,0.0,B0100,0.0
145.20000000000002,A1001,A0100,AIM-120C-7,DESTROYED,14662.702479017074,271.79774714973854,6091.654367132541,0.0,B0100,0.0
145.4,A1001,A0100,AIM-120C-7,DESTROYED,14662.702479017074,271.79774714973854,6091.654367132541,0.0,B0100,0.0
145.6,A1001,A0100,AIM-120C-7,DESTROYED,14662.702479017074,271.79774714973854,6091.654367132541,0.0,B0100,0.0
145.8,A1001,A0100,AIM-120C-7,DESTROYED,14662.702479017074,271.79774714973854,6091.654367132541,0.0,B0100,0.0
146.0,A1001,A0100,AIM-120C-7,DESTROYED,14662.702479017074,271.79774714973854,6091.654367132541,0.0,B0100,0.0
146.20000000000002,A1001,A0100,AIM-120C-7,DESTROYED,14662.702479017074,271.79774714973854,6091.654367132541,0.0,B0100,0.0
146.4,A1001,A0100,AIM-120C-7,DESTROYED,14662.702479017074,271.79774714973854,6091.654367132541,0.0,B0100,0.0
146.6,A1001,A0100,AIM-120C-7,DESTROYED,14662.702479017074,271.79774714973854,6091.654367132541,0.0,B0100,0.0
146.8,A1001,A0100,AIM-120C-7,DESTROYED,14662.702479017074,271.79774714973854,6091.654367132541,0.0,B0100,0.0
147.0,A1001,A0100,AIM-120C-7,DESTROYED,14662.702479017074,271.79774714973854,6091.654367132541,0.0,B0100,0.0
147.20000000000002,A1001,A0100,AIM-120C-7,DESTROYED,14662.702479017074,271.79774714973854,6091.654367132541,0.0,B0100,0.0
147.4,A1001,A0100,AIM-120C-7,DESTROYED,14662.702479017074,271.79774714973854,6091.654367132541,0.0,B0100,0.0
147.6,A1001,A0100,AIM-120C-7,DESTROYED,14662.702479017074,271.79774714973854,6091.654367132541,0.0,B0100,0.0
147.8,A1001,A0100,AIM-120C-7,DESTROYED,14662.702479017074,271.79774714973854,6091.654367132541,0.0,B0100,0.0
148.0,A1001,A0100,AIM-120C-7,DESTROYED,14662.702479017074,271.79774714973854,6091.654367132541,0.0,B0100,0.0
148.20000000000002,A1001,A0100,AIM-120C-7,DESTROYED,14662.702479017074,271.79774714973854,6091.654367132541,0.0,B0100,0.0
148.4,A1001,A0100,AIM-120C-7,DESTROYED,14662.702479017074,271.79774714973854,6091.654367132541,0.0,B0100,0.0
148.6,A1001,A0100,AIM-120C-7,DESTROYED,14662.702479017074,271.79774714973854,6091.654367132541,0.0,B0100,0.0
148.8,A1001,A0100,AIM-120C-7,DESTROYED,14662.702479017074,271.79774714973854,6091.654367132541,0.0,B0100,0.0
149.0,A1001,A0100,AIM-120C-7,DESTROYED,14662.702479017074,271.79774714973854,6091.654367132541,0.0,B0100,0.0
149.20000000000002,A1001,A0100,AIM-120C-7,DESTROYED,14662.702479017074,271.79774714973854,6091.654367132541,0.0,B0100,0.0
149.4,A1001,A0100,AIM-120C-7,DESTROYED,14662.702479017074,271.79774714973854,6091.654367132541,0.0,B0100,0.0
149.6,A1001,A0100,AIM-120C-7,DESTROYED,14662.702479017074,271.79774714973854,6091.654367132541,0.0,B0100,0.0
149.8,A1001,A0100,AIM-120C-7,DESTROYED,14662.702479017074,271.79774714973854,6091.654367132541,0.0,B0100,0.0
150.0,A1001,A0100,AIM-120C-7,DESTROYED,14662.702479017074,271.79774714973854,6091.654367132541,0.0,B0100,0.0
150.20000000000002,A1001,A0100,AIM-120C-7,DESTROYED,14662.702479017074,271.79774714973854,6091.654367132541,0.0,B0100,0.0
150.4,A1001,A0100,AIM-120C-7,DESTROYED,14662.702479017074,271.79774714973854,6091.654367132541,0.0,B0100,0.0
150.6,A1001,A0100,AIM-120C-7,DESTROYED,14662.702479017074,271.79774714973854,6091.654367132541,0.0,B0100,0.0
150.8,A1001,A0100,AIM-120C-7,DESTROYED,14662.702479017074,271.79774714973854,6091.654367132541,0.0,B0100,0.0
151.0,A1001,A0100,AIM-120C-7,DESTROYED,14662.702479017074,271.79774714973854,6091.654367132541,0.0,B0100,0.0
151.20000000000002,A1001,A0100,AIM-120C-7,DESTROYED,14662.702479017074,271.79774714973854,6091.654367132541,0.0,B0100,0.0
151.4,A1001,A0100,AIM-120C-7,DESTROYED,14662.702479017074,271.79774714973854,6091.654367132541,0.0,B0100,0.0
151.6,A1001,A0100,AIM-120C-7,DESTROYED,14662.702479017074,271.79774714973854,6091.654367132541,0.0,B0100,0.0
151.8,A1001,A0100,AIM-120C-7,DESTROYED,14662.702479017074,271.79774714973854,6091.654367132541,0.0,B0100,0.0
152.0,A1001,A0100,AIM-120C-7,DESTROYED,14662.702479017074,271.79774714973854,6091.654367132541,0.0,B0100,0.0
152.20000000000002,A1001,A0100,AIM-120C-7,DESTROYED,14662.702479017074,271.79774714973854,6091.654367132541,0.0,B0100,0.0
152.4,A1001,A0100,AIM-120C-7,DESTROYED,14662.702479017074,271.79774714973854,6091.654367132541,0.0,B0100,0.0
152.6,A1001,A0100,AIM-120C-7,DESTROYED,14662.702479017074,271.79774714973854,6091.654367132541,0.0,B0100,0.0
152.8,A1001,A0100,AIM-120C-7,DESTROYED,14662.702479017074,271.79774714973854,6091.654367132541,0.0,B0100,0.0
153.0,A1001,A0100,AIM-120C-7,DESTROYED,14662.702479017074,271.79774714973854,6091.654367132541,0.0,B0100,0.0
153.20000000000002,A1001,A0100,AIM-120C-7,DESTROYED,14662.702479017074,271.79774714973854,6091.654367132541,0.0,B0100,0.0
153.4,A1001,A0100,AIM-120C-7,DESTROYED,14662.702479017074,271.79774714973854,6091.654367132541,0.0,B0100,0.0
153.60000000000002,A1001,A0100,AIM-120C-7,DESTROYED,14662.702479017074,271.79774714973854,6091.654367132541,0.0,B0100,0.0
153.8,A1001,A0100,AIM-120C-7,DESTROYED,14662.702479017074,271.79774714973854,6091.654367132541,0.0,B0100,0.0
154.0,A1001,A0100,AIM-120C-7,DESTROYED,14662.702479017074,271.79774714973854,6091.654367132541,0.0,B0100,0.0
154.20000000000002,A1001,A0100,AIM-120C-7,DESTROYED,14662.702479017074,271.79774714973854,6091.654367132541,0.0,B0100,0.0
154.4,A1001,A0100,AIM-120C-7,DESTROYED,14662.702479017074,271.79774714973854,6091.654367132541,0.0,B0100,0.0
154.60000000000002,A1001,A0100,AIM-120C-7,DESTROYED,14662.702479017074,271.79774714973854,6091.654367132541,0.0,B0100,0.0
154.8,A1001,A0100,AIM-120C-7,DESTROYED,14662.702479017074,271.79774714973854,6091.654367132541,0.0,B0100,0.0
155.0,A1001,A0100,AIM-120C-7,DESTROYED,14662.702479017074,271.79774714973854,6091.654367132541,0.0,B0100,0.0
155.20000000000002,A1001,A0100,AIM-120C-7,DESTROYED,14662.702479017074,271.79774714973854,6091.654367132541,0.0,B0100,0.0
155.4,A1001,A0100,AIM-120C-7,DESTROYED,14662.702479017074,271.79774714973854,6091.654367132541,0.0,B0100,0.0
155.60000000000002,A1001,A0100,AIM-120C-7,DESTROYED,14662.702479017074,271.79774714973854,6091.654367132541,0.0,B0100,0.0
155.8,A1001,A0100,AIM-120C-7,DESTROYED,14662.702479017074,271.79774714973854,6091.654367132541,0.0,B0100,0.0
156.0,A1001,A0100,AIM-120C-7,DESTROYED,14662.702479017074,271.79774714973854,6091.654367132541,0.0,B0100,0.0
156.20000000000002,A1001,A0100,AIM-120C-7,DESTROYED,14662.702479017074,271.79774714973854,6091.654367132541,0.0,B0100,0.0
156.4,A1001,A0100,AIM-120C-7,DESTROYED,14662.702479017074,271.79774714973854,6091.654367132541,0.0,B0100,0.0
156.60000000000002,A1001,A0100,AIM-120C-7,DESTROYED,14662.702479017074,271.79774714973854,6091.654367132541,0.0,B0100,0.0
156.8,A1001,A0100,AIM-120C-7,DESTROYED,14662.702479017074,271.79774714973854,6091.654367132541,0.0,B0100,0.0
157.0,A1001,A0100,AIM-120C-7,DESTROYED,14662.702479017074,271.79774714973854,6091.654367132541,0.0,B0100,0.0
157.20000000000002,A1001,A0100,AIM-120C-7,DESTROYED,14662.702479017074,271.79774714973854,6091.654367132541,0.0,B0100,0.0
157.4,A1001,A0100,AIM-120C-7,DESTROYED,14662.702479017074,271.79774714973854,6091.654367132541,0.0,B0100,0.0
157.60000000000002,A1001,A0100,AIM-120C-7,DESTROYED,14662.702479017074,271.79774714973854,6091.654367132541,0.0,B0100,0.0
157.8,A1001,A0100,AIM-120C-7,DESTROYED,14662.702479017074,271.79774714973854,6091.654367132541,0.0,B0100,0.0
158.0,A1001,A0100,AIM-120C-7,DESTROYED,14662.702479017074,271.79774714973854,6091.654367132541,0.0,B0100,0.0
158.20000000000002,A1001,A0100,AIM-120C-7,DESTROYED,14662.702479017074,271.79774714973854,6091.654367132541,0.0,B0100,0.0
158.4,A1001,A0100,AIM-120C-7,DESTROYED,14662.702479017074,271.79774714973854,6091.654367132541,0.0,B0100,0.0
158.60000000000002,A1001,A0100,AIM-120C-7,DESTROYED,14662.702479017074,271.79774714973854,6091.654367132541,0.0,B0100,0.0
158.8,A1001,A0100,AIM-120C-7,DESTROYED,14662.702479017074,271.79774714973854,6091.654367132541,0.0,B0100,0.0
159.0,A1001,A0100,AIM-120C-7,DESTROYED,14662.702479017074,271.79774714973854,6091.654367132541,0.0,B0100,0.0
159.20000000000002,A1001,A0100,AIM-120C-7,DESTROYED,14662.702479017074,271.79774714973854,6091.654367132541,0.0,B0100,0.0
159.4,A1001,A0100,AIM-120C-7,DESTROYED,14662.702479017074,271.79774714973854,6091.654367132541,0.0,B0100,0.0
159.60000000000002,A1001,A0100,AIM-120C-7,DESTROYED,14662.702479017074,271.79774714973854,6091.654367132541,0.0,B0100,0.0
159.8,A1001,A0100,AIM-120C-7,DESTROYED,14662.702479017074,271.79774714973854,6091.654367132541,0.0,B0100,0.0
160.0,A1001,A0100,AIM-120C-7,DESTROYED,14662.702479017074,271.79774714973854,6091.654367132541,0.0,B0100,0.0
160.20000000000002,A1001,A0100,AIM-120C-7,DESTROYED,14662.702479017074,271.79774714973854,6091.654367132541,0.0,B0100,0.0
160.4,A1001,A0100,AIM-120C-7,DESTROYED,14662.702479017074,271.79774714973854,6091.654367132541,0.0,B0100,0.0
160.60000000000002,A1001,A0100,AIM-120C-7,DESTROYED,14662.702479017074,271.79774714973854,6091.654367132541,0.0,B0100,0.0
160.8,A1001,A0100,AIM-120C-7,DESTROYED,14662.702479017074,271.79774714973854,6091.654367132541,0.0,B0100,0.0
161.0,A1001,A0100,AIM-120C-7,DESTROYED,14662.702479017074,271.79774714973854,6091.654367132541,0.0,B0100,0.0
161.20000000000002,A1001,A0100,AIM-120C-7,DESTROYED,14662.702479017074,271.79774714973854,6091.654367132541,0.0,B0100,0.0
161.4,A1001,A0100,AIM-120C-7,DESTROYED,14662.702479017074,271.79774714973854,6091.654367132541,0.0,B0100,0.0
161.60000000000002,A1001,A0100,AIM-120C-7,DESTROYED,14662.702479017074,271.79774714973854,6091.654367132541,0.0,B0100,0.0
161.8,A1001,A0100,AIM-120C-7,DESTROYED,14662.702479017074,271.79774714973854,6091.654367132541,0.0,B0100,0.0
162.0,A1001,A0100,AIM-120C-7,DESTROYED,14662.702479017074,271.79774714973854,6091.654367132541,0.0,B0100,0.0
162.20000000000002,A1001,A0100,AIM-120C-7,DESTROYED,14662.702479017074,271.79774714973854,6091.654367132541,0.0,B0100,0.0
162.4,A1001,A0100,AIM-120C-7,DESTROYED,14662.702479017074,271.79774714973854,6091.654367132541,0.0,B0100,0.0
162.60000000000002,A1001,A0100,AIM-120C-7,DESTROYED,14662.702479017074,271.79774714973854,6091.654367132541,0.0,B0100,0.0
162.8,A1001,A0100,AIM-120C-7,DESTROYED,14662.702479017074,271.79774714973854,6091.654367132541,0.0,B0100,0.0
163.0,A1001,A0100,AIM-120C-7,DESTROYED,14662.702479017074,271.79774714973854,6091.654367132541,0.0,B0100,0.0
163.20000000000002,A1001,A0100,AIM-120C-7,DESTROYED,14662.702479017074,271.79774714973854,6091.654367132541,0.0,B0100,0.0
163.4,A1001,A0100,AIM-120C-7,DESTROYED,14662.702479017074,271.79774714973854,6091.654367132541,0.0,B0100,0.0
163.60000000000002,A1001,A0100,AIM-120C-7,DESTROYED,14662.702479017074,271.79774714973854,6091.654367132541,0.0,B0100,0.0
163.8,A1001,A0100,AIM-120C-7,DESTROYED,14662.702479017074,271.79774714973854,6091.654367132541,0.0,B0100,0.0
164.0,A1001,A0100,AIM-120C-7,DESTROYED,14662.702479017074,271.79774714973854,6091.654367132541,0.0,B0100,0.0
164.20000000000002,A1001,A0100,AIM-120C-7,DESTROYED,14662.702479017074,271.79774714973854,6091.654367132541,0.0,B0100,0.0
164.4,A1001,A0100,AIM-120C-7,DESTROYED,14662.702479017074,271.79774714973854,6091.654367132541,0.0,B0100,0.0
164.60000000000002,A1001,A0100,AIM-120C-7,DESTROYED,14662.702479017074,271.79774714973854,6091.654367132541,0.0,B0100,0.0
164.8,A1001,A0100,AIM-120C-7,DESTROYED,14662.702479017074,271.79774714973854,6091.654367132541,0.0,B0100,0.0
165.0,A1001,A0100,AIM-120C-7,DESTROYED,14662.702479017074,271.79774714973854,6091.654367132541,0.0,B0100,0.0
165.20000000000002,A1001,A0100,AIM-120C-7,DESTROYED,14662.702479017074,271.79774714973854,6091.654367132541,0.0,B0100,0.0
165.4,A1001,A0100,AIM-120C-7,DESTROYED,14662.702479017074,271.79774714973854,6091.654367132541,0.0,B0100,0.0
165.60000000000002,A1001,A0100,AIM-120C-7,DESTROYED,14662.702479017074,271.79774714973854,6091.654367132541,0.0,B0100,0.0
165.8,A1001,A0100,AIM-120C-7,DESTROYED,14662.702479017074,271.79774714973854,6091.654367132541,0.0,B0100,0.0
166.0,A1001,A0100,AIM-120C-7,DESTROYED,14662.702479017074,271.79774714973854,6091.654367132541,0.0,B0100,0.0
166.20000000000002,A1001,A0100,AIM-120C-7,DESTROYED,14662.702479017074,271.79774714973854,6091.654367132541,0.0,B0100,0.0
166.4,A1001,A0100,AIM-120C-7,DESTROYED,14662.702479017074,271.79774714973854,6091.654367132541,0.0,B0100,0.0
166.60000000000002,A1001,A0100,AIM-120C-7,DESTROYED,14662.702479017074,271.79774714973854,6091.654367132541,0.0,B0100,0.0
166.8,A1001,A0100,AIM-120C-7,DESTROYED,14662.702479017074,271.79774714973854,6091.654367132541,0.0,B0100,0.0
167.0,A1001,A0100,AIM-120C-7,DESTROYED,14662.702479017074,271.79774714973854,6091.654367132541,0.0,B0100,0.0
167.20000000000002,A1001,A0100,AIM-120C-7,DESTROYED,14662.702479017074,271.79774714973854,6091.654367132541,0.0,B0100,0.0
167.4,A1001,A0100,AIM-120C-7,DESTROYED,14662.702479017074,271.79774714973854,6091.654367132541,0.0,B0100,0.0
167.60000000000002,A1001,A0100,AIM-120C-7,DESTROYED,14662.702479017074,271.79774714973854,6091.654367132541,0.0,B0100,0.0
167.8,A1001,A0100,AIM-120C-7,DESTROYED,14662.702479017074,271.79774714973854,6091.654367132541,0.0,B0100,0.0
168.0,A1001,A0100,AIM-120C-7,DESTROYED,14662.702479017074,271.79774714973854,6091.654367132541,0.0,B0100,0.0
168.20000000000002,A1001,A0100,AIM-120C-7,DESTROYED,14662.702479017074,271.79774714973854,6091.654367132541,0.0,B0100,0.0
168.4,A1001,A0100,AIM-120C-7,DESTROYED,14662.702479017074,271.79774714973854,6091.654367132541,0.0,B0100,0.0
168.60000000000002,A1001,A0100,AIM-120C-7,DESTROYED,14662.702479017074,271.79774714973854,6091.654367132541,0.0,B0100,0.0
168.8,A1001,A0100,AIM-120C-7,DESTROYED,14662.702479017074,271.79774714973854,6091.654367132541,0.0,B0100,0.0
169.0,A1001,A0100,AIM-120C-7,DESTROYED,14662.702479017074,271.79774714973854,6091.654367132541,0.0,B0100,0.0
169.20000000000002,A1001,A0100,AIM-120C-7,DESTROYED,14662.702479017074,271.79774714973854,6091.654367132541,0.0,B0100,0.0
169.4,A1001,A0100,AIM-120C-7,DESTROYED,14662.702479017074,271.79774714973854,6091.654367132541,0.0,B0100,0.0
169.60000000000002,A1001,A0100,AIM-120C-7,DESTROYED,14662.702479017074,271.79774714973854,6091.654367132541,0.0,B0100,0.0
169.8,A1001,A0100,AIM-120C-7,DESTROYED,14662.702479017074,271.79774714973854,6091.654367132541,0.0,B0100,0.0
170.0,A1001,A0100,AIM-120C-7,DESTROYED,14662.702479017074,271.79774714973854,6091.654367132541,0.0,B0100,0.0
170.20000000000002,A1001,A0100,AIM-120C-7,DESTROYED,14662.702479017074,271.79774714973854,6091.654367132541,0.0,B0100,0.0
170.4,A1001,A0100,AIM-120C-7,DESTROYED,14662.702479017074,271.79774714973854,6091.654367132541,0.0,B0100,0.0
170.60000000000002,A1001,A0100,AIM-120C-7,DESTROYED,14662.702479017074,271.79774714973854,6091.654367132541,0.0,B0100,0.0
170.8,A1001,A0100,AIM-120C-7,DESTROYED,14662.702479017074,271.79774714973854,6091.654367132541,0.0,B0100,0.0
171.0,A1001,A0100,AIM-120C-7,DESTROYED,14662.702479017074,271.79774714973854,6091.654367132541,0.0,B0100,0.0
171.20000000000002,A1001,A0100,AIM-120C-7,DESTROYED,14662.702479017074,271.79774714973854,6091.654367132541,0.0,B0100,0.0
171.4,A1001,A0100,AIM-120C-7,DESTROYED,14662.702479017074,271.79774714973854,6091.654367132541,0.0,B0100,0.0
171.60000000000002,A1001,A0100,AIM-120C-7,DESTROYED,14662.702479017074,271.79774714973854,6091.654367132541,0.0,B0100,0.0
171.8,A1001,A0100,AIM-120C-7,DESTROYED,14662.702479017074,271.79774714973854,6091.654367132541,0.0,B0100,0.0
172.0,A1001,A0100,AIM-120C-7,DESTROYED,14662.702479017074,271.79774714973854,6091.654367132541,0.0,B0100,0.0
172.20000000000002,A1001,A0100,AIM-120C-7,DESTROYED,14662.702479017074,271.79774714973854,6091.654367132541,0.0,B0100,0.0
172.4,A1001,A0100,AIM-120C-7,DESTROYED,14662.702479017074,271.79774714973854,6091.654367132541,0.0,B0100,0.0
172.60000000000002,A1001,A0100,AIM-120C-7,DESTROYED,14662.702479017074,271.79774714973854,6091.654367132541,0.0,B0100,0.0
172.8,A1001,A0100,AIM-120C-7,DESTROYED,14662.702479017074,271.79774714973854,6091.654367132541,0.0,B0100,0.0
173.0,A1001,A0100,AIM-120C-7,DESTROYED,14662.702479017074,271.79774714973854,6091.654367132541,0.0,B0100,0.0
173.20000000000002,A1001,A0100,AIM-120C-7,DESTROYED,14662.702479017074,271.79774714973854,6091.654367132541,0.0,B0100,0.0
173.4,A1001,A0100,AIM-120C-7,DESTROYED,14662.702479017074,271.79774714973854,6091.654367132541,0.0,B0100,0.0
173.60000000000002,A1001,A0100,AIM-120C-7,DESTROYED,14662.702479017074,271.79774714973854,6091.654367132541,0.0,B0100,0.0
173.8,A1001,A0100,AIM-120C-7,DESTROYED,14662.702479017074,271.79774714973854,6091.654367132541,0.0,B0100,0.0
174.0,A1001,A0100,AIM-120C-7,DESTROYED,14662.702479017074,271.79774714973854,6091.654367132541,0.0,B0100,0.0
174.20000000000002,A1001,A0100,AIM-120C-7,DESTROYED,14662.702479017074,271.79774714973854,6091.654367132541,0.0,B0100,0.0
174.4,A1001,A0100,AIM-120C-7,DESTROYED,14662.702479017074,271.79774714973854,6091.654367132541,0.0,B0100,0.0
174.60000000000002,A1001,A0100,AIM-120C-7,DESTROYED,14662.702479017074,271.79774714973854,6091.654367132541,0.0,B0100,0.0
174.8,A1001,A0100,AIM-120C-7,DESTROYED,14662.702479017074,271.79774714973854,6091.654367132541,0.0,B0100,0.0
175.0,A1001,A0100,AIM-120C-7,DESTROYED,14662.702479017074,271.79774714973854,6091.654367132541,0.0,B0100,0.0
175.20000000000002,A1001,A0100,AIM-120C-7,DESTROYED,14662.702479017074,271.79774714973854,6091.654367132541,0.0,B0100,0.0
175.4,A1001,A0100,AIM-120C-7,DESTROYED,14662.702479017074,271.79774714973854,6091.654367132541,0.0,B0100,0.0
175.60000000000002,A1001,A0100,AIM-120C-7,DESTROYED,14662.702479017074,271.79774714973854,6091.654367132541,0.0,B0100,0.0
175.8,A1001,A0100,AIM-120C-7,DESTROYED,14662.702479017074,271.79774714973854,6091.654367132541,0.0,B0100,0.0
176.0,A1001,A0100,AIM-120C-7,DESTROYED,14662.702479017074,271.79774714973854,6091.654367132541,0.0,B0100,0.0
176.20000000000002,A1001,A0100,AIM-120C-7,DESTROYED,14662.702479017074,271.79774714973854,6091.654367132541,0.0,B0100,0.0
176.4,A1001,A0100,AIM-120C-7,DESTROYED,14662.702479017074,271.79774714973854,6091.654367132541,0.0,B0100,0.0
176.60000000000002,A1001,A0100,AIM-120C-7,DESTROYED,14662.702479017074,271.79774714973854,6091.654367132541,0.0,B0100,0.0
176.8,A1001,A0100,AIM-120C-7,DESTROYED,14662.702479017074,271.79774714973854,6091.654367132541,0.0,B0100,0.0
177.0,A1001,A0100,AIM-120C-7,DESTROYED,14662.702479017074,271.79774714973854,6091.654367132541,0.0,B0100,0.0
177.20000000000002,A1001,A0100,AIM-120C-7,DESTROYED,14662.702479017074,271.79774714973854,6091.654367132541,0.0,B0100,0.0
177.4,A1001,A0100,AIM-120C-7,DESTROYED,14662.702479017074,271.79774714973854,6091.654367132541,0.0,B0100,0.0
177.60000000000002,A1001,A0100,AIM-120C-7,DESTROYED,14662.702479017074,271.79774714973854,6091.654367132541,0.0,B0100,0.0
177.8,A1001,A0100,AIM-120C-7,DESTROYED,14662.702479017074,271.79774714973854,6091.654367132541,0.0,B0100,0.0
178.0,A1001,A0100,AIM-120C-7,DESTROYED,14662.702479017074,271.79774714973854,6091.654367132541,0.0,B0100,0.0
178.20000000000002,A1001,A0100,AIM-120C-7,DESTROYED,14662.702479017074,271.79774714973854,6091.654367132541,0.0,B0100,0.0
178.4,A1001,A0100,AIM-120C-7,DESTROYED,14662.702479017074,271.79774714973854,6091.654367132541,0.0,B0100,0.0
178.60000000000002,A1001,A0100,AIM-120C-7,DESTROYED,14662.702479017074,271.79774714973854,6091.654367132541,0.0,B0100,0.0
178.8,A1001,A0100,AIM-120C-7,DESTROYED,14662.702479017074,271.79774714973854,6091.654367132541,0.0,B0100,0.0
179.0,A1001,A0100,AIM-120C-7,DESTROYED,14662.702479017074,271.79774714973854,6091.654367132541,0.0,B0100,0.0
179.20000000000002,A1001,A0100,AIM-120C-7,DESTROYED,14662.702479017074,271.79774714973854,6091.654367132541,0.0,B0100,0.0
179.4,A1001,A0100,AIM-120C-7,DESTROYED,14662.702479017074,271.79774714973854,6091.654367132541,0.0,B0100,0.0
179.60000000000002,A1001,A0100,AIM-120C-7,DESTROYED,14662.702479017074,271.79774714973854,6091.654367132541,0.0,B0100,0.0
179.8,A1001,A0100,AIM-120C-7,DESTROYED,14662.702479017074,271.79774714973854,6091.654367132541,0.0,B0100,0.0
180.0,A1001,A0100,AIM-120C-7,DESTROYED,14662.702479017074,271.79774714973854,6091.654367132541,0.0,B0100,0.0
180.20000000000002,A1001,A0100,AIM-120C-7,DESTROYED,14662.702479017074,271.79774714973854,6091.654367132541,0.0,B0100,0.0
180.4,A1001,A0100,AIM-120C-7,DESTROYED,14662.702479017074,271.79774714973854,6091.654367132541,0.0,B0100,0.0
180.60000000000002,A1001,A0100,AIM-120C-7,DESTROYED,14662.702479017074,271.79774714973854,6091.654367132541,0.0,B0100,0.0
180.8,A1001,A0100,AIM-120C-7,DESTROYED,14662.702479017074,271.79774714973854,6091.654367132541,0.0,B0100,0.0
181.0,A1001,A0100,AIM-120C-7,DESTROYED,14662.702479017074,271.79774714973854,6091.654367132541,0.0,B0100,0.0
181.20000000000002,A1001,A0100,AIM-120C-7,DESTROYED,14662.702479017074,271.79774714973854,6091.654367132541,0.0,B0100,0.0
181.4,A1001,A0100,AIM-120C-7,DESTROYED,14662.702479017074,271.79774714973854,6091.654367132541,0.0,B0100,0.0
181.60000000000002,A1001,A0100,AIM-120C-7,DESTROYED,14662.702479017074,271.79774714973854,6091.654367132541,0.0,B0100,0.0
181.8,A1001,A0100,AIM-120C-7,DESTROYED,14662.702479017074,271.79774714973854,6091.654367132541,0.0,B0100,0.0
182.0,A1001,A0100,AIM-120C-7,DESTROYED,14662.702479017074,271.79774714973854,6091.654367132541,0.0,B0100,0.0
182.20000000000002,A1001,A0100,AIM-120C-7,DESTROYED,14662.702479017074,271.79774714973854,6091.654367132541,0.0,B0100,0.0
182.4,A1001,A0100,AIM-120C-7,DESTROYED,14662.702479017074,271.79774714973854,6091.654367132541,0.0,B0100,0.0
182.60000000000002,A1001,A0100,AIM-120C-7,DESTROYED,14662.702479017074,271.79774714973854,6091.654367132541,0.0,B0100,0.0
182.8,A1001,A0100,AIM-120C-7,DESTROYED,14662.702479017074,271.79774714973854,6091.654367132541,0.0,B0100,0.0
183.0,A1001,A0100,AIM-120C-7,DESTROYED,14662.702479017074,271.79774714973854,6091.654367132541,0.0,B0100,0.0
183.20000000000002,A1001,A0100,AIM-120C-7,DESTROYED,14662.702479017074,271.79774714973854,6091.654367132541,0.0,B0100,0.0
183.4,A1001,A0100,AIM-120C-7,DESTROYED,14662.702479017074,271.79774714973854,6091.654367132541,0.0,B0100,0.0
183.60000000000002,A1001,A0100,AIM-120C-7,DESTROYED,14662.702479017074,271.79774714973854,6091.654367132541,0.0,B0100,0.0
183.8,A1001,A0100,AIM-120C-7,DESTROYED,14662.702479017074,271.79774714973854,6091.654367132541,0.0,B0100,0.0
184.0,A1001,A0100,AIM-120C-7,DESTROYED,14662.702479017074,271.79774714973854,6091.654367132541,0.0,B0100,0.0
184.20000000000002,A1001,A0100,AIM-120C-7,DESTROYED,14662.702479017074,271.79774714973854,6091.654367132541,0.0,B0100,0.0
184.4,A1001,A0100,AIM-120C-7,DESTROYED,14662.702479017074,271.79774714973854,6091.654367132541,0.0,B0100,0.0
184.60000000000002,A1001,A0100,AIM-120C-7,DESTROYED,14662.702479017074,271.79774714973854,6091.654367132541,0.0,B0100,0.0
184.8,A1001,A0100,AIM-120C-7,DESTROYED,14662.702479017074,271.79774714973854,6091.654367132541,0.0,B0100,0.0
185.0,A1001,A0100,AIM-120C-7,DESTROYED,14662.702479017074,271.79774714973854,6091.654367132541,0.0,B0100,0.0
185.20000000000002,A1001,A0100,AIM-120C-7,DESTROYED,14662.702479017074,271.79774714973854,6091.654367132541,0.0,B0100,0.0
185.4,A1001,A0100,AIM-120C-7,DESTROYED,14662.702479017074,271.79774714973854,6091.654367132541,0.0,B0100,0.0
185.60000000000002,A1001,A0100,AIM-120C-7,DESTROYED,14662.702479017074,271.79774714973854,6091.654367132541,0.0,B0100,0.0
185.8,A1001,A0100,AIM-120C-7,DESTROYED,14662.702479017074,271.79774714973854,6091.654367132541,0.0,B0100,0.0
186.0,A1001,A0100,AIM-120C-7,DESTROYED,14662.702479017074,271.79774714973854,6091.654367132541,0.0,B0100,0.0
186.20000000000002,A1001,A0100,AIM-120C-7,DESTROYED,14662.702479017074,271.79774714973854,6091.654367132541,0.0,B0100,0.0
186.4,A1001,A0100,AIM-120C-7,DESTROYED,14662.702479017074,271.79774714973854,6091.654367132541,0.0,B0100,0.0
186.60000000000002,A1001,A0100,AIM-120C-7,DESTROYED,14662.702479017074,271.79774714973854,6091.654367132541,0.0,B0100,0.0
186.8,A1001,A0100,AIM-120C-7,DESTROYED,14662.702479017074,271.79774714973854,6091.654367132541,0.0,B0100,0.0
187.0,A1001,A0100,AIM-120C-7,DESTROYED,14662.702479017074,271.79774714973854,6091.654367132541,0.0,B0100,0.0
187.20000000000002,A1001,A0100,AIM-120C-7,DESTROYED,14662.702479017074,271.79774714973854,6091.654367132541,0.0,B0100,0.0
187.4,A1001,A0100,AIM-120C-7,DESTROYED,14662.702479017074,271.79774714973854,6091.654367132541,0.0,B0100,0.0
187.60000000000002,A1001,A0100,AIM-120C-7,DESTROYED,14662.702479017074,271.79774714973854,6091.654367132541,0.0,B0100,0.0
187.8,A1001,A0100,AIM-120C-7,DESTROYED,14662.702479017074,271.79774714973854,6091.654367132541,0.0,B0100,0.0
188.0,A1001,A0100,AIM-120C-7,DESTROYED,14662.702479017074,271.79774714973854,6091.654367132541,0.0,B0100,0.0
188.20000000000002,A1001,A0100,AIM-120C-7,DESTROYED,14662.702479017074,271.79774714973854,6091.654367132541,0.0,B0100,0.0
188.4,A1001,A0100,AIM-120C-7,DESTROYED,14662.702479017074,271.79774714973854,6091.654367132541,0.0,B0100,0.0
188.60000000000002,A1001,A0100,AIM-120C-7,DESTROYED,14662.702479017074,271.79774714973854,6091.654367132541,0.0,B0100,0.0
188.8,A1001,A0100,AIM-120C-7,DESTROYED,14662.702479017074,271.79774714973854,6091.654367132541,0.0,B0100,0.0
189.0,A1001,A0100,AIM-120C-7,DESTROYED,14662.702479017074,271.79774714973854,6091.654367132541,0.0,B0100,0.0
189.20000000000002,A1001,A0100,AIM-120C-7,DESTROYED,14662.702479017074,271.79774714973854,6091.654367132541,0.0,B0100,0.0
189.4,A1001,A0100,AIM-120C-7,DESTROYED,14662.702479017074,271.79774714973854,6091.654367132541,0.0,B0100,0.0
189.60000000000002,A1001,A0100,AIM-120C-7,DESTROYED,14662.702479017074,271.79774714973854,6091.654367132541,0.0,B0100,0.0
189.8,A1001,A0100,AIM-120C-7,DESTROYED,14662.702479017074,271.79774714973854,6091.654367132541,0.0,B0100,0.0
190.0,A1001,A0100,AIM-120C-7,DESTROYED,14662.702479017074,271.79774714973854,6091.654367132541,0.0,B0100,0.0
190.20000000000002,A1001,A0100,AIM-120C-7,DESTROYED,14662.702479017074,271.79774714973854,6091.654367132541,0.0,B0100,0.0
190.4,A1001,A0100,AIM-120C-7,DESTROYED,14662.702479017074,271.79774714973854,6091.654367132541,0.0,B0100,0.0
190.60000000000002,A1001,A0100,AIM-120C-7,DESTROYED,14662.702479017074,271.79774714973854,6091.654367132541,0.0,B0100,0.0
190.8,A1001,A0100,AIM-120C-7,DESTROYED,14662.702479017074,271.79774714973854,6091.654367132541,0.0,B0100,0.0
191.0,A1001,A0100,AIM-120C-7,DESTROYED,14662.702479017074,271.79774714973854,6091.654367132541,0.0,B0100,0.0
191.20000000000002,A1001,A0100,AIM-120C-7,DESTROYED,14662.702479017074,271.79774714973854,6091.654367132541,0.0,B0100,0.0
191.4,A1001,A0100,AIM-120C-7,DESTROYED,14662.702479017074,271.79774714973854,6091.654367132541,0.0,B0100,0.0
191.60000000000002,A1001,A0100,AIM-120C-7,DESTROYED,14662.702479017074,271.79774714973854,6091.654367132541,0.0,B0100,0.0
191.8,A1001,A0100,AIM-120C-7,DESTROYED,14662.702479017074,271.79774714973854,6091.654367132541,0.0,B0100,0.0
192.0,A1001,A0100,AIM-120C-7,DESTROYED,14662.702479017074,271.79774714973854,6091.654367132541,0.0,B0100,0.0
192.20000000000002,A1001,A0100,AIM-120C-7,DESTROYED,14662.702479017074,271.79774714973854,6091.654367132541,0.0,B0100,0.0
192.4,A1001,A0100,AIM-120C-7,DESTROYED,14662.702479017074,271.79774714973854,6091.654367132541,0.0,B0100,0.0
192.60000000000002,A1001,A0100,AIM-120C-7,DESTROYED,14662.702479017074,271.79774714973854,6091.654367132541,0.0,B0100,0.0
192.8,A1001,A0100,AIM-120C-7,DESTROYED,14662.702479017074,271.79774714973854,6091.654367132541,0.0,B0100,0.0
193.0,A1001,A0100,AIM-120C-7,DESTROYED,14662.702479017074,271.79774714973854,6091.654367132541,0.0,B0100,0.0
193.20000000000002,A1001,A0100,AIM-120C-7,DESTROYED,14662.702479017074,271.79774714973854,6091.654367132541,0.0,B0100,0.0
193.4,A1001,A0100,AIM-120C-7,DESTROYED,14662.702479017074,271.79774714973854,6091.654367132541,0.0,B0100,0.0
193.60000000000002,A1001,A0100,AIM-120C-7,DESTROYED,14662.702479017074,271.79774714973854,6091.654367132541,0.0,B0100,0.0
193.8,A1001,A0100,AIM-120C-7,DESTROYED,14662.702479017074,271.79774714973854,6091.654367132541,0.0,B0100,0.0
194.0,A1001,A0100,AIM-120C-7,DESTROYED,14662.702479017074,271.79774714973854,6091.654367132541,0.0,B0100,0.0
194.20000000000002,A1001,A0100,AIM-120C-7,DESTROYED,14662.702479017074,271.79774714973854,6091.654367132541,0.0,B0100,0.0
194.4,A1001,A0100,AIM-120C-7,DESTROYED,14662.702479017074,271.79774714973854,6091.654367132541,0.0,B0100,0.0
194.60000000000002,A1001,A0100,AIM-120C-7,DESTROYED,14662.702479017074,271.79774714973854,6091.654367132541,0.0,B0100,0.0
194.8,A1001,A0100,AIM-120C-7,DESTROYED,14662.702479017074,271.79774714973854,6091.654367132541,0.0,B0100,0.0
195.0,A1001,A0100,AIM-120C-7,DESTROYED,14662.702479017074,271.79774714973854,6091.654367132541,0.0,B0100,0.0
195.20000000000002,A1001,A0100,AIM-120C-7,DESTROYED,14662.702479017074,271.79774714973854,6091.654367132541,0.0,B0100,0.0
195.4,A1001,A0100,AIM-120C-7,DESTROYED,14662.702479017074,271.79774714973854,6091.654367132541,0.0,B0100,0.0
195.60000000000002,A1001,A0100,AIM-120C-7,DESTROYED,14662.702479017074,271.79774714973854,6091.654367132541,0.0,B0100,0.0
195.8,A1001,A0100,AIM-120C-7,DESTROYED,14662.702479017074,271.79774714973854,6091.654367132541,0.0,B0100,0.0
196.0,A1001,A0100,AIM-120C-7,DESTROYED,14662.702479017074,271.79774714973854,6091.654367132541,0.0,B0100,0.0
196.20000000000002,A1001,A0100,AIM-120C-7,DESTROYED,14662.702479017074,271.79774714973854,6091.654367132541,0.0,B0100,0.0
196.4,A1001,A0100,AIM-120C-7,DESTROYED,14662.702479017074,271.79774714973854,6091.654367132541,0.0,B0100,0.0
196.60000000000002,A1001,A0100,AIM-120C-7,DESTROYED,14662.702479017074,271.79774714973854,6091.654367132541,0.0,B0100,0.0
196.8,A1001,A0100,AIM-120C-7,DESTROYED,14662.702479017074,271.79774714973854,6091.654367132541,0.0,B0100,0.0
197.0,A1001,A0100,AIM-120C-7,DESTROYED,14662.702479017074,271.79774714973854,6091.654367132541,0.0,B0100,0.0
197.20000000000002,A1001,A0100,AIM-120C-7,DESTROYED,14662.702479017074,271.79774714973854,6091.654367132541,0.0,B0100,0.0
197.4,A1001,A0100,AIM-120C-7,DESTROYED,14662.702479017074,271.79774714973854,6091.654367132541,0.0,B0100,0.0
197.60000000000002,A1001,A0100,AIM-120C-7,DESTROYED,14662.702479017074,271.79774714973854,6091.654367132541,0.0,B0100,0.0
197.8,A1001,A0100,AIM-120C-7,DESTROYED,14662.702479017074,271.79774714973854,6091.654367132541,0.0,B0100,0.0
198.0,A1001,A0100,AIM-120C-7,DESTROYED,14662.702479017074,271.79774714973854,6091.654367132541,0.0,B0100,0.0
198.20000000000002,A1001,A0100,AIM-120C-7,DESTROYED,14662.702479017074,271.79774714973854,6091.654367132541,0.0,B0100,0.0
198.4,A1001,A0100,AIM-120C-7,DESTROYED,14662.702479017074,271.79774714973854,6091.654367132541,0.0,B0100,0.0
198.60000000000002,A1001,A0100,AIM-120C-7,DESTROYED,14662.702479017074,271.79774714973854,6091.654367132541,0.0,B0100,0.0
198.8,A1001,A0100,AIM-120C-7,DESTROYED,14662.702479017074,271.79774714973854,6091.654367132541,0.0,B0100,0.0
199.0,A1001,A0100,AIM-120C-7,DESTROYED,14662.702479017074,271.79774714973854,6091.654367132541,0.0,B0100,0.0
199.20000000000002,A1001,A0100,AIM-120C-7,DESTROYED,14662.702479017074,271.79774714973854,6091.654367132541,0.0,B0100,0.0
199.4,A1001,A0100,AIM-120C-7,DESTROYED,14662.702479017074,271.79774714973854,6091.654367132541,0.0,B0100,0.0
199.60000000000002,A1001,A0100,AIM-120C-7,DESTROYED,14662.702479017074,271.79774714973854,6091.654367132541,0.0,B0100,0.0
199.8,A1001,A0100,AIM-120C-7,DESTROYED,14662.702479017074,271.79774714973854,6091.654367132541,0.0,B0100,0.0
200.0,A1001,A0100,AIM-120C-7,DESTROYED,14662.702479017074,271.79774714973854,6091.654367132541,0.0,B0100,0.0
200.20000000000002,A1001,A0100,AIM-120C-7,DESTROYED,14662.702479017074,271.79774714973854,6091.654367132541,0.0,B0100,0.0
200.4,A1001,A0100,AIM-120C-7,DESTROYED,14662.702479017074,271.79774714973854,6091.654367132541,0.0,B0100,0.0
200.60000000000002,A1001,A0100,AIM-120C-7,DESTROYED,14662.702479017074,271.79774714973854,6091.654367132541,0.0,B0100,0.0
200.8,A1001,A0100,AIM-120C-7,DESTROYED,14662.702479017074,271.79774714973854,6091.654367132541,0.0,B0100,0.0
201.0,A1001,A0100,AIM-120C-7,DESTROYED,14662.702479017074,271.79774714973854,6091.654367132541,0.0,B0100,0.0
201.20000000000002,A1001,A0100,AIM-120C-7,DESTROYED,14662.702479017074,271.79774714973854,6091.654367132541,0.0,B0100,0.0
201.4,A1001,A0100,AIM-120C-7,DESTROYED,14662.702479017074,271.79774714973854,6091.654367132541,0.0,B0100,0.0
201.60000000000002,A1001,A0100,AIM-120C-7,DESTROYED,14662.702479017074,271.79774714973854,6091.654367132541,0.0,B0100,0.0
201.8,A1001,A0100,AIM-120C-7,DESTROYED,14662.702479017074,271.79774714973854,6091.654367132541,0.0,B0100,0.0
202.0,A1001,A0100,AIM-120C-7,DESTROYED,14662.702479017074,271.79774714973854,6091.654367132541,0.0,B0100,0.0
202.20000000000002,A1001,A0100,AIM-120C-7,DESTROYED,14662.702479017074,271.79774714973854,6091.654367132541,0.0,B0100,0.0
202.4,A1001,A0100,AIM-120C-7,DESTROYED,14662.702479017074,271.79774714973854,6091.654367132541,0.0,B0100,0.0
202.60000000000002,A1001,A0100,AIM-120C-7,DESTROYED,14662.702479017074,271.79774714973854,6091.654367132541,0.0,B0100,0.0
202.8,A1001,A0100,AIM-120C-7,DESTROYED,14662.702479017074,271.79774714973854,6091.654367132541,0.0,B0100,0.0
203.0,A1001,A0100,AIM-120C-7,DESTROYED,14662.702479017074,271.79774714973854,6091.654367132541,0.0,B0100,0.0
203.20000000000002,A1001,A0100,AIM-120C-7,DESTROYED,14662.702479017074,271.79774714973854,6091.654367132541,0.0,B0100,0.0
203.4,A1001,A0100,AIM-120C-7,DESTROYED,14662.702479017074,271.79774714973854,6091.654367132541,0.0,B0100,0.0
203.60000000000002,A1001,A0100,AIM-120C-7,DESTROYED,14662.702479017074,271.79774714973854,6091.654367132541,0.0,B0100,0.0
203.8,A1001,A0100,AIM-120C-7,DESTROYED,14662.702479017074,271.79774714973854,6091.654367132541,0.0,B0100,0.0
204.0,A1001,A0100,AIM-120C-7,DESTROYED,14662.702479017074,271.79774714973854,6091.654367132541,0.0,B0100,0.0
204.20000000000002,A1001,A0100,AIM-120C-7,DESTROYED,14662.702479017074,271.79774714973854,6091.654367132541,0.0,B0100,0.0
204.4,A1001,A0100,AIM-120C-7,DESTROYED,14662.702479017074,271.79774714973854,6091.654367132541,0.0,B0100,0.0
204.60000000000002,A1001,A0100,AIM-120C-7,DESTROYED,14662.702479017074,271.79774714973854,6091.654367132541,0.0,B0100,0.0
204.8,A1001,A0100,AIM-120C-7,DESTROYED,14662.702479017074,271.79774714973854,6091.654367132541,0.0,B0100,0.0
205.0,A1001,A0100,AIM-120C-7,DESTROYED,14662.702479017074,271.79774714973854,6091.654367132541,0.0,B0100,0.0
205.20000000000002,A1001,A0100,AIM-120C-7,DESTROYED,14662.702479017074,271.79774714973854,6091.654367132541,0.0,B0100,0.0
205.4,A1001,A0100,AIM-120C-7,DESTROYED,14662.702479017074,271.79774714973854,6091.654367132541,0.0,B0100,0.0
205.60000000000002,A1001,A0100,AIM-120C-7,DESTROYED,14662.702479017074,271.79774714973854,6091.654367132541,0.0,B0100,0.0
205.8,A1001,A0100,AIM-120C-7,DESTROYED,14662.702479017074,271.79774714973854,6091.654367132541,0.0,B0100,0.0
206.0,A1001,A0100,AIM-120C-7,DESTROYED,14662.702479017074,271.79774714973854,6091.654367132541,0.0,B0100,0.0
206.20000000000002,A1001,A0100,AIM-120C-7,DESTROYED,14662.702479017074,271.79774714973854,6091.654367132541,0.0,B0100,0.0
206.4,A1001,A0100,AIM-120C-7,DESTROYED,14662.702479017074,271.79774714973854,6091.654367132541,0.0,B0100,0.0
206.60000000000002,A1001,A0100,AIM-120C-7,DESTROYED,14662.702479017074,271.79774714973854,6091.654367132541,0.0,B0100,0.0
206.8,A1001,A0100,AIM-120C-7,DESTROYED,14662.702479017074,271.79774714973854,6091.654367132541,0.0,B0100,0.0
207.0,A1001,A0100,AIM-120C-7,DESTROYED,14662.702479017074,271.79774714973854,6091.654367132541,0.0,B0100,0.0
207.20000000000002,A1001,A0100,AIM-120C-7,DESTROYED,14662.702479017074,271.79774714973854,6091.654367132541,0.0,B0100,0.0
207.4,A1001,A0100,AIM-120C-7,DESTROYED,14662.702479017074,271.79774714973854,6091.654367132541,0.0,B0100,0.0
207.60000000000002,A1001,A0100,AIM-120C-7,DESTROYED,14662.702479017074,271.79774714973854,6091.654367132541,0.0,B0100,0.0
207.8,A1001,A0100,AIM-120C-7,DESTROYED,14662.702479017074,271.79774714973854,6091.654367132541,0.0,B0100,0.0
208.0,A1001,A0100,AIM-120C-7,DESTROYED,14662.702479017074,271.79774714973854,6091.654367132541,0.0,B0100,0.0
208.20000000000002,A1001,A0100,AIM-120C-7,DESTROYED,14662.702479017074,271.79774714973854,6091.654367132541,0.0,B0100,0.0
208.4,A1001,A0100,AIM-120C-7,DESTROYED,14662.702479017074,271.79774714973854,6091.654367132541,0.0,B0100,0.0
208.60000000000002,A1001,A0100,AIM-120C-7,DESTROYED,14662.702479017074,271.79774714973854,6091.654367132541,0.0,B0100,0.0
208.8,A1001,A0100,AIM-120C-7,DESTROYED,14662.702479017074,271.79774714973854,6091.654367132541,0.0,B0100,0.0
209.0,A1001,A0100,AIM-120C-7,DESTROYED,14662.702479017074,271.79774714973854,6091.654367132541,0.0,B0100,0.0
209.20000000000002,A1001,A0100,AIM-120C-7,DESTROYED,14662.702479017074,271.79774714973854,6091.654367132541,0.0,B0100,0.0
209.4,A1001,A0100,AIM-120C-7,DESTROYED,14662.702479017074,271.79774714973854,6091.654367132541,0.0,B0100,0.0
209.60000000000002,A1001,A0100,AIM-120C-7,DESTROYED,14662.702479017074,271.79774714973854,6091.654367132541,0.0,B0100,0.0
209.8,A1001,A0100,AIM-120C-7,DESTROYED,14662.702479017074,271.79774714973854,6091.654367132541,0.0,B0100,0.0
210.0,A1001,A0100,AIM-120C-7,DESTROYED,14662.702479017074,271.79774714973854,6091.654367132541,0.0,B0100,0.0
210.20000000000002,A1001,A0100,AIM-120C-7,DESTROYED,14662.702479017074,271.79774714973854,6091.654367132541,0.0,B0100,0.0
210.4,A1001,A0100,AIM-120C-7,DESTROYED,14662.702479017074,271.79774714973854,6091.654367132541,0.0,B0100,0.0
210.60000000000002,A1001,A0100,AIM-120C-7,DESTROYED,14662.702479017074,271.79774714973854,6091.654367132541,0.0,B0100,0.0
210.8,A1001,A0100,AIM-120C-7,DESTROYED,14662.702479017074,271.79774714973854,6091.654367132541,0.0,B0100,0.0
211.0,A1001,A0100,AIM-120C-7,DESTROYED,14662.702479017074,271.79774714973854,6091.654367132541,0.0,B0100,0.0
211.20000000000002,A1001,A0100,AIM-120C-7,DESTROYED,14662.702479017074,271.79774714973854,6091.654367132541,0.0,B0100,0.0
211.4,A1001,A0100,AIM-120C-7,DESTROYED,14662.702479017074,271.79774714973854,6091.654367132541,0.0,B0100,0.0
211.60000000000002,A1001,A0100,AIM-120C-7,DESTROYED,14662.702479017074,271.79774714973854,6091.654367132541,0.0,B0100,0.0
211.8,A1001,A0100,AIM-120C-7,DESTROYED,14662.702479017074,271.79774714973854,6091.654367132541,0.0,B0100,0.0
212.0,A1001,A0100,AIM-120C-7,DESTROYED,14662.702479017074,271.79774714973854,6091.654367132541,0.0,B0100,0.0
212.20000000000002,A1001,A0100,AIM-120C-7,DESTROYED,14662.702479017074,271.79774714973854,6091.654367132541,0.0,B0100,0.0
212.4,A1001,A0100,AIM-120C-7,DESTROYED,14662.702479017074,271.79774714973854,6091.654367132541,0.0,B0100,0.0
212.60000000000002,A1001,A0100,AIM-120C-7,DESTROYED,14662.702479017074,271.79774714973854,6091.654367132541,0.0,B0100,0.0
212.8,A1001,A0100,AIM-120C-7,DESTROYED,14662.702479017074,271.79774714973854,6091.654367132541,0.0,B0100,0.0
213.0,A1001,A0100,AIM-120C-7,DESTROYED,14662.702479017074,271.79774714973854,6091.654367132541,0.0,B0100,0.0
213.20000000000002,A1001,A0100,AIM-120C-7,DESTROYED,14662.702479017074,271.79774714973854,6091.654367132541,0.0,B0100,0.0
213.4,A1001,A0100,AIM-120C-7,DESTROYED,14662.702479017074,271.79774714973854,6091.654367132541,0.0,B0100,0.0
213.60000000000002,A1001,A0100,AIM-120C-7,DESTROYED,14662.702479017074,271.79774714973854,6091.654367132541,0.0,B0100,0.0
213.8,A1001,A0100,AIM-120C-7,DESTROYED,14662.702479017074,271.79774714973854,6091.654367132541,0.0,B0100,0.0
214.0,A1001,A0100,AIM-120C-7,DESTROYED,14662.702479017074,271.79774714973854,6091.654367132541,0.0,B0100,0.0
214.20000000000002,A1001,A0100,AIM-120C-7,DESTROYED,14662.702479017074,271.79774714973854,6091.654367132541,0.0,B0100,0.0
214.4,A1001,A0100,AIM-120C-7,DESTROYED,14662.702479017074,271.79774714973854,6091.654367132541,0.0,B0100,0.0
214.60000000000002,A1001,A0100,AIM-120C-7,DESTROYED,14662.702479017074,271.79774714973854,6091.654367132541,0.0,B0100,0.0
214.8,A1001,A0100,AIM-120C-7,DESTROYED,14662.702479017074,271.79774714973854,6091.654367132541,0.0,B0100,0.0
215.0,A1001,A0100,AIM-120C-7,DESTROYED,14662.702479017074,271.79774714973854,6091.654367132541,0.0,B0100,0.0
215.20000000000002,A1001,A0100,AIM-120C-7,DESTROYED,14662.702479017074,271.79774714973854,6091.654367132541,0.0,B0100,0.0
215.4,A1001,A0100,AIM-120C-7,DESTROYED,14662.702479017074,271.79774714973854,6091.654367132541,0.0,B0100,0.0
215.60000000000002,A1001,A0100,AIM-120C-7,DESTROYED,14662.702479017074,271.79774714973854,6091.654367132541,0.0,B0100,0.0
215.8,A1001,A0100,AIM-120C-7,DESTROYED,14662.702479017074,271.79774714973854,6091.654367132541,0.0,B0100,0.0
216.0,A1001,A0100,AIM-120C-7,DESTROYED,14662.702479017074,271.79774714973854,6091.654367132541,0.0,B0100,0.0
216.20000000000002,A1001,A0100,AIM-120C-7,DESTROYED,14662.702479017074,271.79774714973854,6091.654367132541,0.0,B0100,0.0
216.4,A1001,A0100,AIM-120C-7,DESTROYED,14662.702479017074,271.79774714973854,6091.654367132541,0.0,B0100,0.0
216.60000000000002,A1001,A0100,AIM-120C-7,DESTROYED,14662.702479017074,271.79774714973854,6091.654367132541,0.0,B0100,0.0
216.8,A1001,A0100,AIM-120C-7,DESTROYED,14662.702479017074,271.79774714973854,6091.654367132541,0.0,B0100,0.0
217.0,A1001,A0100,AIM-120C-7,DESTROYED,14662.702479017074,271.79774714973854,6091.654367132541,0.0,B0100,0.0
217.20000000000002,A1001,A0100,AIM-120C-7,DESTROYED,14662.702479017074,271.79774714973854,6091.654367132541,0.0,B0100,0.0
217.4,A1001,A0100,AIM-120C-7,DESTROYED,14662.702479017074,271.79774714973854,6091.654367132541,0.0,B0100,0.0
217.60000000000002,A1001,A0100,AIM-120C-7,DESTROYED,14662.702479017074,271.79774714973854,6091.654367132541,0.0,B0100,0.0
217.8,A1001,A0100,AIM-120C-7,DESTROYED,14662.702479017074,271.79774714973854,6091.654367132541,0.0,B0100,0.0
218.0,A1001,A0100,AIM-120C-7,DESTROYED,14662.702479017074,271.79774714973854,6091.654367132541,0.0,B0100,0.0
218.20000000000002,A1001,A0100,AIM-120C-7,DESTROYED,14662.702479017074,271.79774714973854,6091.654367132541,0.0,B0100,0.0
218.4,A1001,A0100,AIM-120C-7,DESTROYED,14662.702479017074,271.79774714973854,6091.654367132541,0.0,B0100,0.0
218.60000000000002,A1001,A0100,AIM-120C-7,DESTROYED,14662.702479017074,271.79774714973854,6091.654367132541,0.0,B0100,0.0
218.8,A1001,A0100,AIM-120C-7,DESTROYED,14662.702479017074,271.79774714973854,6091.654367132541,0.0,B0100,0.0
219.0,A1001,A0100,AIM-120C-7,DESTROYED,14662.702479017074,271.79774714973854,6091.654367132541,0.0,B0100,0.0
219.20000000000002,A1001,A0100,AIM-120C-7,DESTROYED,14662.702479017074,271.79774714973854,6091.654367132541,0.0,B0100,0.0
219.4,A1001,A0100,AIM-120C-7,DESTROYED,14662.702479017074,271.79774714973854,6091.654367132541,0.0,B0100,0.0
219.60000000000002,A1001,A0100,AIM-120C-7,DESTROYED,14662.702479017074,271.79774714973854,6091.654367132541,0.0,B0100,0.0
219.8,A1001,A0100,AIM-120C-7,DESTROYED,14662.702479017074,271.79774714973854,6091.654367132541,0.0,B0100,0.0
