Time_s,Missile_ID,Launcher_ID,Type,Status,X_m,Y_m,Z_m,Velocity_m_s,Target_ID,Distance_to_Target_km,Data_Type
63.2,B1001,B0100,R-27ER,ACTIVE,36844.28117494664,3638.467321333027,6633.321728658805,296.33171115991433,A0100,59.85755345013406,Trajectory
63.400000000000006,B1001,B0100,R-27ER,ACTIVE,36783.93052311367,3633.4732354638686,6632.732844559511,310.4539945252861,A0100,59.730318490617236,Trajectory
63.6,B1001,B0100,R-27ER,ACTIVE,36720.75919934844,3628.2453738641816,6632.116426531015,324.64187658385475,A0100,59.60024484746018,Trajectory
63.800000000000004,B1001,B0100,R-27ER,ACTIVE,36654.7541843786,3622.782464942015,6631.472346082292,338.89492409218565,A0100,59.46730414010216,Trajectory
64.0,B1001,B0100,R-27ER,ACTIVE,36585.90254796207,3617.0832390783294,6630.800475557707,353.2126792306358,A0100,59.33150311985861,Trajectory
64.2,B1001,B0100,R-27ER,ACTIVE,36514.191453838415,3611.146429158224,6630.100688127805,367.59465901132864,A0100,59.19281182947045,Trajectory
64.4,B1001,B0100,R-27ER,ACTIVE,36439.608164778205,3604.970771226383,6629.372856600145,382.0403547372565,A0100,59.05123604722236,Trajectory
64.60000000000001,B1001,B0100,R-27ER,ACTIVE,36362.14004776363,3598.5550049586864,6628.616854113903,396.5492314020611,A0100,58.9067453441075,Trajectory
64.8,B1001,B0100,R-27ER,ACTIVE,36281.774602185804,3591.897752607811,6627.832551359604,411.1205043532768,A0100,58.7593454625127,Trajectory
65.0,B1001,B0100,R-27ER,ACTIVE,36198.49950312736,3584.9973878912447,6627.019814958671,425.75365701313564,A0100,58.60900612019925,Trajectory
65.2,B1001,B0100,R-27ER,ACTIVE,36112.30248321198,3577.852581193638,6626.178514683669,440.448173308781,A0100,58.4557332369414,Trajectory
65.4,B1001,B0100,R-27ER,ACTIVE,36023.17139577991,3570.462027148924,6625.308520502942,455.2034044293026,A0100,58.29948027633779,Trajectory
65.60000000000001,B1001,B0100,R-27ER,ACTIVE,35931.094226609704,3562.8244262707904,6624.409699450116,470.018672552089,A0100,58.140240328121436,Trajectory
65.8,B1001,B0100,R-27ER,ACTIVE,35836.05909963844,3554.9384860559408,6623.4819192249515,484.8932704186726,A0100,57.97801846692089,Trajectory
66.0,B1001,B0100,R-27ER,ACTIVE,35738.05428289693,3546.80292163492,6622.525052826062,499.8264600599778,A0100,57.812787975316155,Trajectory
66.2,B1001,B0100,R-27ER,ACTIVE,35637.068194664425,3538.4164563212416,6621.538979222806,514.8174722556631,A0100,57.644559148754915,Trajectory
66.4,B1001,B0100,R-27ER,ACTIVE,35533.08940982699,3529.777821927234,6620.5235826676735,529.8655055418203,A0100,57.47330627291805,Trajectory
66.60000000000001,B1001,B0100,R-27ER,ACTIVE,35426.106666361986,3520.8857592525083,6619.478749044378,544.9697259179105,A0100,57.29903753506349,Trajectory
66.8,B1001,B0100,R-27ER,ACTIVE,35316.10887191387,3511.73901847123,6618.404365834172,560.1292661302222,A0100,57.121725446728355,Trajectory
67.0,B1001,B0100,R-27ER,ACTIVE,35203.08511047025,3502.336359704239,6617.300320491283,575.3432251566538,A0100,56.94137721397878,Trajectory
67.2,B1001,B0100,R-27ER,ACTIVE,35087.0246491774,3492.676553419104,6616.166501396762,590.610667511998,A0100,56.75796490378131,Trajectory
67.4,B1001,B0100,R-27ER,ACTIVE,34967.916945256235,3482.7583810424007,6615.002796653499,605.9306226385322,A0100,56.571495791829086,Trajectory
67.60000000000001,B1001,B0100,R-27ER,ACTIVE,34845.75165307894,3472.5806353613343,6613.809095219695,621.3020842517426,A0100,56.38194213017418,Trajectory
67.8,B1001,B0100,R-27ER,ACTIVE,34720.518631335435,3462.1421211677866,6612.585285774405,636.724009677126,A0100,56.189311522893725,Trajectory
68.0,B1001,B0100,R-27ER,ACTIVE,34592.20795037483,3451.44165566043,6611.331257885126,652.1953192417953,A0100,55.99357656197848,Trajectory
68.2,B1001,B0100,R-27ER,ACTIVE,34460.80989962396,3440.478069119078,6610.046900882505,667.7148955622985,A0100,55.79474527314825,Trajectory
68.4,B1001,B0100,R-27ER,ACTIVE,34326.314995200235,3429.2502052917466,6608.73210493468,683.2815829338006,A0100,55.59277418130151,Trajectory
68.60000000000001,B1001,B0100,R-27ER,ACTIVE,34189.07166466388,3417.786801455102,6607.390255258398,690.277775920165,A0100,55.388017390153834,Trajectory
68.8,B1001,B0100,R-27ER,ACTIVE,34051.64884159474,3406.3021393050667,6606.046449137432,688.6740298516279,A0100,55.183069168186066,Trajectory
69.0,B1001,B0100,R-27ER,ACTIVE,33914.545556325495,3394.8376794564083,6604.705552702327,687.077105158436,A0100,54.978415605552144,Trajectory
69.2,B1001,B0100,R-27ER,ACTIVE,33777.76047172499,3383.393092000092,6603.36754511253,685.4869598263323,A0100,54.774080964440245,Trajectory
69.4,B1001,B0100,R-27ER,ACTIVE,33641.29225897554,3371.968048485079,6602.032411476904,683.9035516551174,A0100,54.57004402240884,Trajectory
69.60000000000001,B1001,B0100,R-27ER,ACTIVE,33505.139597560694,3360.5622218685153,6600.700142042893,682.3268387199108,A0100,54.36632474465815,Trajectory
69.8,B1001,B0100,R-27ER,ACTIVE,33369.301175303786,3349.1752862910676,6599.370731180406,680.7567789047414,A0100,54.16290679386859,Trajectory
70.0,B1001,B0100,R-27ER,ACTIVE,33233.77568838968,3337.8069170572035,6598.044173415213,679.1933303484333,A0100,53.95980826827196,Trajectory
70.2,B1001,B0100,R-27ER,ACTIVE,33098.56184135619,3326.456790463401,6596.720463295119,677.6364513668323,A0100,53.757010909032516,Trajectory
70.4,B1001,B0100,R-27ER,ACTIVE,32963.65834704131,3315.124583824168,6595.399593640346,676.0861005673297,A0100,53.55453174059278,Trajectory
70.60000000000001,B1001,B0100,R-27ER,ACTIVE,32829.063926558156,3303.8099752885855,6594.081556488359,674.5422368354897,A0100,53.35235182944323,Trajectory
70.8,B1001,B0100,R-27ER,ACTIVE,32694.777309223125,3292.5126438882035,6592.766341799638,673.0048193168906,A0100,53.15048801915709,Trajectory
71.0,B1001,B0100,R-27ER,ACTIVE,32560.797232535788,3281.232269338422,6591.453938598505,671.4738074709136,A0100,52.94892120097414,Trajectory
71.2,B1001,B0100,R-27ER,ACTIVE,32427.122442099484,3269.9685321036445,6590.144333752946,669.9491609787168,A0100,52.74766822736151,Trajectory
71.4,B1001,B0100,R-27ER,ACTIVE,32293.751691615318,3258.721113167605,6588.837513044069,668.4308398065206,A0100,52.5466929250498,Trajectory
71.60000000000001,B1001,B0100,R-27ER,ACTIVE,32160.683742763653,3247.4896943298327,6587.533458018662,666.9188048974021,A0100,52.34599894654695,Trajectory
71.8,B1001,B0100,R-27ER,ACTIVE,32027.9173648577,3236.2739588286913,6586.2321500162825,665.4130185041518,A0100,52.14560221956334,Trajectory
72.0,B1001,B0100,R-27ER,ACTIVE,31895.45133464747,3225.073591469605,6584.9335752031975,664.9899980112834,A0100,51.94548679211617,Trajectory
72.2,B1001,B0100,R-27ER,ACTIVE,31761.889751226925,3213.7702628671386,6583.624051116716,676.4187348221656,A0100,51.74427352856423,Trajectory
72.4,B1001,B0100,R-27ER,ACTIVE,31626.050449476938,3202.2635894280043,6582.291992450295,687.8595016308043,A0100,51.5407617575088,Trajectory
72.60000000000001,B1001,B0100,R-27ER,ACTIVE,31487.93114665191,3190.5529620512452,6580.937380997643,699.3114326845312,A0100,51.3349685122769,Trajectory
72.8,B1001,B0100,R-27ER,ACTIVE,31347.529734377127,3178.637782009326,6579.560200394197,710.7736467677357,A0100,51.12687527955018,Trajectory
73.0,B1001,B0100,R-27ER,ACTIVE,31204.844281721817,3166.517461160258,6578.160434284598,722.2452473160016,A0100,50.91649820925713,Trajectory
73.2,B1001,B0100,R-27ER,ACTIVE,31059.895191048512,3154.125306053065,6576.737687978688,733.5459104403255,A0100,50.70383429607429,Trajectory
73.2,B1002,B0100,R-27ER,ACTIVE,38493.36357390696,1324.9098966002225,6745.352473836028,333.1145189758157,A0100,57.99268095485967,Trajectory
73.4,B1001,B0100,R-27ER,ACTIVE,30912.705302749717,3141.4051308990843,6575.292083597144,744.8535275789335,A0100,50.48891892674206,Trajectory
73.4,B1002,B0100,R-27ER,ACTIVE,38425.52960341002,1321.5984094276075,6744.568368972243,347.2682936598945,A0100,57.85717187865485,Trajectory
73.60000000000001,B1001,B0100,R-27ER,ACTIVE,30763.27415469351,3128.3543420011347,6573.820569910003,756.1621290063856,A0100,50.271733858477155,Trajectory
73.60000000000001,B1002,B0100,R-27ER,ACTIVE,38354.862633917015,1318.1481283082828,6743.7515130521815,361.4855973987591,A0100,57.718816150614934,Trajectory
73.8,B1001,B0100,R-27ER,ACTIVE,30611.601762286024,3114.9698346457317,6572.3234215385455,767.4724814770749,A0100,50.052296585525134,Trajectory
73.8,B1002,B0100,R-27ER,ACTIVE,38281.350026409804,1314.5582542442594,6742.901756079677,375.7659678553338,A0100,57.577618194423415,Trajectory
74.0,B1001,B0100,R-27ER,ACTIVE,30457.68855669125,3101.248015306842,6570.797888286407,778.7820953515939,A0100,49.830589534723345,Trajectory
74.0,B1002,B0100,R-27ER,ACTIVE,38204.9792367298,1310.8279879622526,6742.018948360212,390.1089180150729,A0100,57.43354844292864,Trajectory
74.2,B1001,B0100,R-27ER,ACTIVE,30301.534959883826,3087.1857741835693,6569.245143842143,790.093187191906,A0100,49.60663064156034,Trajectory
74.2,B1002,B0100,R-27ER,ACTIVE,38125.73782125567,1306.9565227647531,6741.102939535065,404.51389558998017,A0100,57.28661148995235,Trajectory
74.4,B1001,B0100,R-27ER,ACTIVE,30143.141341784758,3072.780480463547,6567.664228602255,801.4010654706057,A0100,49.380385272117884,Trajectory
74.4,B1002,B0100,R-27ER,ACTIVE,38043.613484037036,1302.9428035230223,6740.153574360502,418.98017909175996,A0100,57.13676113477196,Trajectory
74.60000000000001,B1001,B0100,R-27ER,ACTIVE,29982.508621248628,3058.029043976068,6566.053571647265,812.7072608765174,A0100,49.15185829958473,Trajectory
74.60000000000001,B1002,B0100,R-27ER,ACTIVE,37958.594029345826,1298.7858667240052,6739.1706959199155,433.5073859677994,A0100,56.983990428163814,Trajectory
74.8,B1001,B0100,R-27ER,ACTIVE,29819.63787034701,3042.9281329432542,6564.415385447661,824.007530761611,A0100,48.92106709719774,Trajectory
74.8,B1002,B0100,R-27ER,ACTIVE,37870.667354718105,1294.484857532482,6738.15414997897,448.0949233617923,A0100,56.82830359609528,Trajectory
75.0,B1001,B0100,R-27ER,ACTIVE,29654.530764913132,3027.473972658272,6562.751399618421,835.3069589956754,A0100,48.68799832866333,Trajectory
75.0,B1002,B0100,R-27ER,ACTIVE,37779.82147879932,1290.0389229957314,6737.103787896227,462.7421707106583,A0100,56.66967423207201,Trajectory
75.2,B1001,B0100,R-27ER,ACTIVE,29487.187125555844,3011.667085238595,6561.066404650747,846.6041950332674,A0100,48.45267361238072,Trajectory
75.2,B1002,B0100,R-27ER,ACTIVE,37686.044546913385,1285.447212386644,6736.019467390082,477.44847917952933,A0100,56.508111590554776,Trajectory
75.4,B1001,B0100,R-27ER,ACTIVE,29317.607968506538,2995.5059545745885,6559.358698148772,857.8952419058407,A0100,48.21508007387603,Trajectory
75.4,B1002,B0100,R-27ER,ACTIVE,37589.3248368295,1280.708877276306,6734.901051772709,492.21317071990745,A0100,56.34359062616063,Trajectory
75.60000000000001,B1001,B0100,R-27ER,ACTIVE,29145.795180126668,2978.987736122683,6557.629122374225,869.178897527929,A0100,47.97523840605895,Trajectory
75.60000000000001,B1002,B0100,R-27ER,ACTIVE,37489.6507646641,1275.8230717551808,6733.748406201638,507.0355377819634,A0100,56.17611830981844,Trajectory
75.8,B1001,B0100,R-27ER,ACTIVE,28971.75149903514,2962.1083676128687,6555.873862678366,880.4513878003038,A0100,47.73313477863188,Trajectory
75.8,B1002,B0100,R-27ER,ACTIVE,37387.01089085173,1270.7889525751593,6732.561397602663,521.9148426659035,A0100,56.005667508298814,Trajectory
76.0,B1001,B0100,R-27ER,ACTIVE,28795.479220090365,2944.8652893897997,6554.092139846292,891.7143099534385,A0100,47.48878899128408,Trajectory
76.0,B1002,B0100,R-27ER,ACTIVE,37281.393926222394,1265.6056794649132,6731.339893028965,536.8503169980727,A0100,55.83224412983962,Trajectory
76.2,B1001,B0100,R-27ER,ACTIVE,28616.979697870243,2927.258216330118,6552.285215370851,902.9684039868865,A0100,47.242185385096505,Trajectory
76.2,B1002,B0100,R-27ER,ACTIVE,37172.788738199255,1260.2724152839749,6730.0837606110545,551.8411610893525,A0100,55.65582054935172,Trajectory
76.4,B1001,B0100,R-27ER,ACTIVE,28436.255778710864,2909.2842615809736,6550.454665533753,914.2108517614067,A0100,46.993344055689235,Trajectory
76.4,B1002,B0100,R-27ER,ACTIVE,37061.18435710819,1254.7883263718088,6728.792868352764,566.8865433096443,A0100,55.47640269884184,Trajectory
76.60000000000001,B1001,B0100,R-27ER,ACTIVE,28253.741051913756,2890.9836800077014,6548.6026267327525,916.7916570101124,A0100,46.74268317407405,Trajectory
76.60000000000001,B1002,B0100,R-27ER,ACTIVE,36946.56998262887,1249.152582694176,6727.4670852694135,581.9855994810914,A0100,55.29396306331118,Trajectory
76.80000000000001,B1001,B0100,R-27ER,ACTIVE,28071.64886178408,2872.5765696654307,6546.74993896257,913.2070341320036,A0100,46.49244459579278,Trajectory
76.80000000000001,B1002,B0100,R-27ER,ACTIVE,36828.93499034999,1243.3643582139987,6726.106280257712,597.1374321944769,A0100,55.10850784888803,Trajectory
77.0,B1001,B0100,R-27ER,ACTIVE,27890.283217592925,2854.0911864066684,6544.900107257332,909.6474177414095,A0100,46.24291623896721,Trajectory
77.0,B1002,B0100,R-27ER,ACTIVE,36708.26893847985,1237.4228310277947,6724.710323270685,612.341110242477,A0100,54.920009820177114,Trajectory
77.2,B1001,B0100,R-27ER,ACTIVE,27709.6391912576,2835.527330477763,6543.051753872188,906.1106054196147,A0100,45.994110720734646,Trajectory
77.2,B1002,B0100,R-27ER,ACTIVE,36584.56157465104,1231.3271837566663,6723.279084197374,627.5956678837953,A0100,54.72847554513406,Trajectory
77.4,B1001,B0100,R-27ER,ACTIVE,27529.713451063657,2816.881675126155,6541.20334849523,902.5878248462686,A0100,45.746006863822174,Trajectory
77.4,B1002,B0100,R-27ER,ACTIVE,36457.80284289298,1225.0766036719588,6721.812434047611,642.9001043212057,A0100,54.533878134095154,Trajectory
77.60000000000001,B1001,B0100,R-27ER,ACTIVE,27350.50317237821,2798.1504985658207,6539.355369237077,899.0871383816011,A0100,45.49861913117448,Trajectory
77.60000000000001,B1002,B0100,R-27ER,ACTIVE,36327.98289068757,1218.6702831062632,6720.310243830222,658.2533829121138,A0100,54.33622457370108,Trajectory
77.80000000000001,B1001,B0100,R-27ER,ACTIVE,27172.003933700533,2779.333067962098,6537.504480192949,895.6057359376927,A0100,45.25190829322231,Trajectory
77.80000000000001,B1002,B0100,R-27ER,ACTIVE,36195.09207621054,1212.1074195538768,6718.772385635302,673.654430653845,A0100,54.13547146662819,Trajectory
78.0,B1001,B0100,R-27ER,ACTIVE,26994.21199723689,2760.427669609053,6535.649256284729,892.1509135523872,A0100,45.00587423345459,Trajectory
78.0,B1002,B0100,R-27ER,ACTIVE,36059.12097561025,1205.387216351844,6717.198729598875,689.1021381834887,A0100,53.93161414065321,Trajectory
78.2,B1001,B0100,R-27ER,ACTIVE,26817.121992715798,2741.4350783797977,6533.792853216275,888.71872081464,A0100,44.76052806719086,Trajectory
78.2,B1002,B0100,R-27ER,ACTIVE,35920.06039019581,1198.5088836136104,6715.589147862459,704.5953595270631,A0100,53.72465939525411,Trajectory
78.4,B1001,B0100,R-27ER,ACTIVE,26640.730587164184,2722.3524130760047,6531.9367818674045,885.3040227576408,A0100,44.515851677700724,Trajectory
78.4,B1002,B0100,R-27ER,ACTIVE,35778.25982612211,1191.48938736763,6713.947669424948,711.5167064622776,A0100,53.51494292702677,Trajectory
78.60000000000001,B1001,B0100,R-27ER,ACTIVE,26465.033532096073,2703.1789235538176,6530.085256800854,881.9136096342922,A0100,44.271862498306305,Trajectory
78.60000000000001,B1002,B0100,R-27ER,ACTIVE,35636.2940910721,1184.455918221496,6712.304090744167,709.838236793827,A0100,53.30506397004893,Trajectory
78.80000000000001,B1001,B0100,R-27ER,ACTIVE,26290.027071109103,2683.912927735979,6528.237527552042,878.5437711522799,A0100,44.02854319177202,Trajectory
78.80000000000001,B1002,B0100,R-27ER,ACTIVE,35494.663253087034,1177.4330240311363,6710.664197513567,708.1669997991957,A0100,53.095510351714026,Trajectory
79.0,B1001,B0100,R-27ER,ACTIVE,26115.70697525389,2664.553772237391,6526.393863042266,875.1947405204999,A0100,43.78590847344287,Trajectory
79.0,B1002,B0100,R-27ER,ACTIVE,35353.36588211855,1170.4204295554705,6709.027970425571,706.5029494476382,A0100,52.886299099294035,Trajectory
79.2,B1001,B0100,R-27ER,ACTIVE,25942.068779901816,2645.101553686454,6524.554945300894,871.8730251209009,A0100,43.54393794825089,Trajectory
79.2,B1002,B0100,R-27ER,ACTIVE,35212.400557326204,1163.4178601976516,6707.395390355748,704.8460398790513,A0100,52.67741335728824,Trajectory
79.4,B1001,B0100,R-27ER,ACTIVE,25769.10765251286,2625.5566574769714,6522.720630339791,868.5695383607967,A0100,43.302644516935835,Trajectory
79.4,B1002,B0100,R-27ER,ACTIVE,35071.76586703352,1156.425042007488,6705.766436586547,703.1962255177618,A0100,52.468868784838676,Trajectory
79.60000000000001,B1001,B0100,R-27ER,ACTIVE,25596.820860118263,2605.9159754066986,6520.88978781031,865.2854821027196,A0100,43.06200827664489,Trajectory
79.60000000000001,B1002,B0100,R-27ER,ACTIVE,34931.46040869254,1149.441701488669,6704.14108774702,701.5534610796586,A0100,52.26064770380389,Trajectory
79.80000000000001,B1001,B0100,R-27ER,ACTIVE,25425.20412470491,2586.179349140324,6519.0603633209375,862.0199216490619,A0100,42.82204238946826,Trajectory
79.80000000000001,B1002,B0100,R-27ER,ACTIVE,34791.48278881706,1142.4675656343065,6702.519320508786,699.9177015473247,A0100,52.052765515624245,Trajectory
80.0,B1001,B0100,R-27ER,ACTIVE,25254.25500968306,2566.3429984384416,6517.232112312283,858.7679161750099,A0100,42.58272686240242,Trajectory
80.0,B1002,B0100,R-27ER,ACTIVE,34651.831622948586,1135.5023617235577,6700.901110729777,698.2889022366714,A0100,51.84520430343888,Trajectory
80.2,B1001,B0100,R-27ER,ACTIVE,25083.97109005684,2546.4036867422087,6515.402753480239,855.5357696513158,A0100,42.344076401344445,Trajectory
80.2,B1002,B0100,R-27ER,ACTIVE,34512.505535581164,1128.5458173795198,6699.286432225722,696.6670187000999,A0100,51.63797944229285,Trajectory
80.4,B1001,B0100,R-27ER,ACTIVE,24914.348981271676,2526.359737369267,6513.570790280856,852.3202214873655,A0100,42.10607008796881,Trajectory
80.4,B1002,B0100,R-27ER,ACTIVE,34373.503160133216,1121.5976603522754,6697.675257952227,695.0520068503894,A0100,51.43107292575954,Trajectory
80.60000000000001,B1001,B0100,R-27ER,ACTIVE,24745.384560396004,2506.21126991253,6511.735972700929,849.1293912678323,A0100,41.86872137310992,Trajectory
80.60000000000001,B1002,B0100,R-27ER,ACTIVE,34234.823138866836,1114.6576185962836,6696.067558782272,693.44382280345,A0100,51.22450016608986,Trajectory
80.80000000000001,B1001,B0100,R-27ER,ACTIVE,24577.074373184467,2485.9566563007966,6509.897027785198,845.9531396503513,A0100,41.63199195954579,Trajectory
80.80000000000001,B1002,B0100,R-27ER,ACTIVE,34096.46412287245,1107.7254200233715,6694.463304583193,691.8424230056611,A0100,51.0182261472934,Trajectory
81.0,B1001,B0100,R-27ER,ACTIVE,24409.41602459048,2465.5928558088335,6508.051818366474,842.7956695996467,A0100,41.395882517125564,Trajectory
81.0,B1002,B0100,R-27ER,ACTIVE,33958.42477195406,1100.8007928642187,6692.862460982743,690.2477649324155,A0100,50.81225390376847,Trajectory
81.2,B1001,B0100,R-27ER,ACTIVE,24242.4056806506,2445.119172374665,6506.2038051598265,839.6566903988817,A0100,41.16040534308552,Trajectory
81.2,B1002,B0100,R-27ER,ACTIVE,33820.703754280476,1093.883466274516,6691.264993558633,688.6598074699862,A0100,50.606597898450836,Trajectory
81.4,B1001,B0100,R-27ER,ACTIVE,24076.03966398184,2424.5348317884864,6504.354730078376,836.5365260192715,A0100,40.92554227623873,Trajectory
81.4,B1002,B0100,R-27ER,ACTIVE,33683.299746167286,1086.9731704186208,6689.670873069186,687.0785096821241,A0100,50.40124264796976,Trajectory
81.60000000000001,B1001,B0100,R-27ER,ACTIVE,23910.313991443756,2403.8397108603467,6502.509132022277,833.4375513501133,A0100,40.69131109267066,Trajectory
81.60000000000001,B1002,B0100,R-27ER,ACTIVE,33546.211432018084,1080.0696364404566,6688.080076141078,685.5038308825611,A0100,50.196207978767184,Trajectory
81.80000000000001,B1001,B0100,R-27ER,ACTIVE,23745.226038879773,2383.0311116589282,6500.665124714501,830.3528376846888,A0100,40.457695741190484,Trajectory
81.80000000000001,B1002,B0100,R-27ER,ACTIVE,33409.43750437993,1073.1725961732827,6686.492584139876,685.0122850642626,A0100,49.99148001687621,Trajectory
82.0,B1001,B0100,R-27ER,ACTIVE,23580.772681587052,2362.1076691235967,6498.825598698762,827.2885379722666,A0100,40.22471190968292,Trajectory
82.0,B1002,B0100,R-27ER,ACTIVE,33271.578849103265,1066.2112122934677,6684.892151818475,696.3720932923904,A0100,49.78567619099951,Trajectory
82.2,B1001,B0100,R-27ER,ACTIVE,23416.951125553573,2341.067118194246,6496.98862836962,824.2347958902142,A0100,39.99234073406121,Trajectory
82.2,B1002,B0100,R-27ER,ACTIVE,33131.4507589401,1059.125344234841,6683.265018446703,707.7428810837341,A0100,49.57759496122587,Trajectory
82.4,B1001,B0100,R-27ER,ACTIVE,23253.758923699686,2319.9071756547605,6495.152338379747,821.1997161548749,A0100,39.76059710024923,Trajectory
82.4,B1002,B0100,R-27ER,ACTIVE,32989.05113962849,1051.914496956584,6681.611148163854,719.1237909449222,A0100,49.36725121283572,Trajectory
82.60000000000001,B1001,B0100,R-27ER,ACTIVE,23091.192804501385,2298.6268618235817,6493.31899614906,818.1855754814793,A0100,39.5294609119866,Trajectory
82.60000000000001,B1002,B0100,R-27ER,ACTIVE,32844.378069863116,1044.5781794947634,6679.930506200362,730.5139502883748,A0100,49.15462688007233,Trajectory
82.80000000000001,B1001,B0100,R-27ER,ACTIVE,22929.24957984024,2277.224870285381,6491.485423070674,815.1814045074419,A0100,39.2989462011199,Trajectory
82.80000000000001,B1002,B0100,R-27ER,ACTIVE,32697.42980430797,1037.1159051100565,6678.22305749483,741.9124713720149,A0100,48.93973693586953,Trajectory
83.0,B1001,B0100,R-27ER,ACTIVE,22767.927471940457,2255.6979356135685,6489.650437084124,812.1979747780891,A0100,39.069033732744046,Trajectory
83.0,B1002,B0100,R-27ER,ACTIVE,32548.224376440256,1029.4624107413454,6676.483942816638,753.1403021319231,A0100,48.72257915143494,Trajectory
83.2,B1001,B0100,R-27ER,ACTIVE,22607.222817790393,2234.04573290343,6487.814688130613,809.2264329246193,A0100,38.83973723511923,Trajectory
83.2,B1002,B0100,R-27ER,ACTIVE,32396.78347775449,1021.5598688901504,6674.708908544554,764.3700294519551,A0100,48.50318844927417,Trajectory
83.4,B1001,B0100,R-27ER,ACTIVE,22447.1344104934,2212.263637641777,6485.979550747787,806.2679823495263,A0100,38.6110377249793,Trajectory
83.4,B1002,B0100,R-27ER,ACTIVE,32243.10620128971,1013.4075361793522,6672.89812995244,775.605615317063,A0100,48.28154726854582,Trajectory
83.60000000000001,B1001,B0100,R-27ER,ACTIVE,22287.659590706826,2190.350216061849,6484.1418025945495,803.3281039330186,A0100,38.38294987168956,Trajectory
83.60000000000001,B1002,B0100,R-27ER,ACTIVE,32087.192604991305,1005.0018615034683,6671.052734942768,786.8376850207001,A0100,48.05767214692298,Trajectory
83.80000000000001,B1001,B0100,R-27ER,ACTIVE,22128.795880444082,2168.303432458566,6482.297895337234,800.4003877438065,A0100,38.15543620602654,Trajectory
83.80000000000001,B1002,B0100,R-27ER,ACTIVE,31929.044334006885,996.3365364019178,6669.168017803847,798.0649414350884,A0100,47.83153055025366,Trajectory
84.0,B1001,B0100,R-27ER,ACTIVE,21970.5406641272,2146.121789451019,6480.445559024826,797.4876886196358,A0100,37.928496989121975,Trajectory
84.0,B1002,B0100,R-27ER,ACTIVE,31768.66186524997,987.4090021037568,6667.242276329463,809.2942392251572,A0100,47.60312674008138,Trajectory
84.2,B1001,B0100,R-27ER,ACTIVE,21812.892018116527,2123.802101493215,6478.587935730311,794.5895619128787,A0100,37.702146054177284,Trajectory
84.2,B1002,B0100,R-27ER,ACTIVE,31606.0450918547,978.2179874864211,6665.2774573621,820.523227708456,A0100,47.372476159398865,Trajectory
84.4,B1001,B0100,R-27ER,ACTIVE,21655.847369661136,2101.3424180046545,6476.728884836365,791.7039421148824,A0100,37.47636629569864,Trajectory
84.4,B1002,B0100,R-27ER,ACTIVE,31441.19427862382,968.7616776632292,6663.2773556449365,831.7506667916703,A0100,47.13956485639014,Trajectory
84.60000000000001,B1001,B0100,R-27ER,ACTIVE,21499.404494784878,2078.740629802404,6474.871968510432,788.8379362520395,A0100,37.251177042014156,Trajectory
84.60000000000001,B1002,B0100,R-27ER,ACTIVE,31274.110523461524,959.036830386113,6661.244854501727,842.9729840987637,A0100,46.90441489098669,Trajectory
84.80000000000001,B1001,B0100,R-27ER,ACTIVE,21343.560473134916,2055.9957057496454,6473.0179397371,785.9857135188319,A0100,37.02656229326239,Trajectory
84.80000000000001,B1002,B0100,R-27ER,ACTIVE,31104.79538845243,949.0398091790114,6659.180775218573,854.1882497608224,A0100,46.66701519520518,Trajectory
85.0,B1001,B0100,R-27ER,ACTIVE,21188.313278256137,2033.1051189156924,6471.166632835434,783.1435327112014,A0100,36.8025386343674,Trajectory
85.0,B1002,B0100,R-27ER,ACTIVE,30933.249554147464,938.7700156623727,6657.0834082435085,865.4010337731798,A0100,46.42738468739029,Trajectory
85.2,B1001,B0100,R-27ER,ACTIVE,21033.66147335508,2010.0656050364998,6469.317275522326,780.316974293938,A0100,36.57908850879632,Trajectory
85.2,B1002,B0100,R-27ER,ACTIVE,30759.475183844086,928.2232847579239,6654.954288622963,876.6040311528773,A0100,46.18551005238686,Trajectory
85.4,B1001,B0100,R-27ER,ACTIVE,20879.60342773619,1986.8739963630467,6467.469742070794,777.501872907975,A0100,36.35622749525518,Trajectory
85.4,B1002,B0100,R-27ER,ACTIVE,30583.474189641638,917.3969944844375,6652.792974098559,887.7971230136029,A0100,45.94140991130668,Trajectory
85.60000000000001,B1001,B0100,R-27ER,ACTIVE,20726.137052811722,1963.5282456249736,6465.621738842639,774.6963518001713,A0100,36.13393654663599,Trajectory
85.60000000000001,B1002,B0100,R-27ER,ACTIVE,30405.248902814572,906.2882010905047,6650.597606396404,898.981158194945,A0100,45.695070240009834,Trajectory
85.80000000000001,B1001,B0100,R-27ER,ACTIVE,20573.26076486923,1940.0256297321312,6463.774708734718,771.9100573425899,A0100,35.91223116454454,Trajectory
85.80000000000001,B1002,B0100,R-27ER,ACTIVE,30224.801827003055,894.893800308413,6648.367707396304,910.1503988283624,A0100,45.44650996939993,Trajectory
86.0,B1001,B0100,R-27ER,ACTIVE,20420.971907066523,1916.3649701709387,6461.926058322899,769.1308161547381,A0100,35.691091446888095,Trajectory
86.0,B1002,B0100,R-27ER,ACTIVE,30042.13619706307,883.2100416590118,6646.100475265895,921.3069820786875,A0100,45.19571560059498,Trajectory
86.2,B1001,B0100,R-27ER,ACTIVE,20269.269739948915,1892.5420499451998,6460.077069619854,766.3663018526258,A0100,35.470533623605576,Trajectory
86.2,B1002,B0100,R-27ER,ACTIVE,29857.25499307631,871.2339251999593,6643.797009935006,932.4498945429298,A0100,44.94270655300278,Trajectory
86.4,B1001,B0100,R-27ER,ACTIVE,20118.15233531456,1868.5548118757306,6458.2236500817,763.611876671651,A0100,35.250538187158014,Trajectory
86.4,B1002,B0100,R-27ER,ACTIVE,29670.593124676365,858.9907501526039,6641.459708319509,934.9275487778073,A0100,44.68790184627221,Trajectory
86.60000000000001,B1001,B0100,R-27ER,ACTIVE,19967.617770376764,1844.401354376306,6456.365071912859,760.8718608505524,A0100,35.031120535592244,Trajectory
86.60000000000001,B1002,B0100,R-27ER,ACTIVE,29484.37062297414,846.6233340945622,6639.117094060081,931.2422634093283,A0100,44.43354295073633,Trajectory
86.80000000000001,B1001,B0100,R-27ER,ACTIVE,19817.66553972026,1820.0768877472244,6454.500220843697,758.1400023870267,A0100,34.81224472366347,Trajectory
86.80000000000001,B1002,B0100,R-27ER,ACTIVE,29298.89118225364,834.1516347584242,6636.771749443628,927.5867698348654,A0100,44.17990034073009,Trajectory
87.0,B1001,B0100,R-27ER,ACTIVE,19668.294486536837,1795.5785009174072,6452.625009938896,755.4217571346144,A0100,34.593912054122455,Trajectory
87.0,B1002,B0100,R-27ER,ACTIVE,29114.150455740048,821.5739835756784,6634.421010195314,923.9497546742545,A0100,43.92697319445977,Trajectory
87.2,B1001,B0100,R-27ER,ACTIVE,19519.502688463814,1770.9038408180443,6450.743420228886,752.7093366929045,A0100,34.37613650020159,Trajectory
87.2,B1002,B0100,R-27ER,ACTIVE,28930.14390568538,808.8895045866958,6632.065573928538,920.3374422609235,A0100,43.67477251597861,Trajectory
87.4,B1001,B0100,R-27ER,ACTIVE,19371.28955538041,1746.0488512848028,6448.857330347751,750.0116610796132,A0100,34.15890273696981,Trajectory
87.4,B1002,B0100,R-27ER,ACTIVE,28746.866617025713,796.097831557058,6629.708722238237,916.7510382385257,A0100,43.42327930814371,Trajectory
87.60000000000001,B1001,B0100,R-27ER,ACTIVE,19223.653758259934,1721.0103457091773,6446.974221736322,747.3251972393466,A0100,33.94223093958547,Trajectory
87.60000000000001,B1002,B0100,R-27ER,ACTIVE,28564.313988410053,783.1979384262162,6627.353674444165,913.1866195396209,A0100,43.17251012316538,Trajectory
87.80000000000001,B1001,B0100,R-27ER,ACTIVE,19076.59325762984,1695.786996973444,6445.094412104969,744.6515159212627,A0100,33.72610596661738,Trajectory
87.80000000000001,B1002,B0100,R-27ER,ACTIVE,28382.481011620886,770.1902805067123,6625.000955805016,909.6493216333669,A0100,42.922447655702534,Trajectory
88.0,B1001,B0100,R-27ER,ACTIVE,18930.10742664522,1670.3747487341573,6443.217339711672,741.9849700243662,A0100,33.51054563893274,Trajectory
88.0,B1002,B0100,R-27ER,ACTIVE,28201.364288015124,757.071350768587,6622.652804318539,906.1239933483195,A0100,42.67310662398644,Trajectory
88.2,B1001,B0100,R-27ER,ACTIVE,18784.195337811198,1644.7704974245962,6441.342532960708,739.3297407534129,A0100,33.295532906144786,Trajectory
88.2,B1002,B0100,R-27ER,ACTIVE,28020.96072037173,743.8382234040354,6620.307968218611,902.6224992160296,A0100,42.424468501645684,Trajectory
88.4,B1001,B0100,R-27ER,ACTIVE,18638.855936744832,1618.9712782649158,6439.469544271874,736.6846248164715,A0100,33.08108398003063,Trajectory
88.4,B1002,B0100,R-27ER,ACTIVE,27841.26539761812,730.4913025221572,6617.966672910032,899.1464154314796,A0100,42.17654531370413,Trajectory
88.60000000000001,B1001,B0100,R-27ER,ACTIVE,18494.08915573324,1592.9723661305036,6437.596502107005,734.045867428487,A0100,32.86718150822323,Trajectory
88.60000000000001,B1002,B0100,R-27ER,ACTIVE,27662.27387518826,717.0301580458178,6615.626143532367,895.6905922863366,A0100,41.92931640122939,Trajectory
88.80000000000001,B1001,B0100,R-27ER,ACTIVE,18349.89384767983,1566.771471141288,6435.720874492041,731.4202365808572,A0100,32.6538415024358,Trajectory
88.80000000000001,B1002,B0100,R-27ER,ACTIVE,27483.983035729732,703.4517650519883,6613.285072296945,892.2548700867256,A0100,41.68279511546166,Trajectory
89.0,B1001,B0100,R-27ER,ACTIVE,18206.269806733344,1540.364184563235,6433.840855011476,728.8011495409097,A0100,32.4410461074601,Trajectory
89.0,B1002,B0100,R-27ER,ACTIVE,27306.388688743253,689.7551973140907,6610.943129856136,888.8353716600362,A0100,41.43696070894609,Trajectory
89.2,B1001,B0100,R-27ER,ACTIVE,18063.215814654803,1513.7483202095793,6431.956238822745,726.1927231440551,A0100,32.22881137353154,Trajectory
89.2,B1002,B0100,R-27ER,ACTIVE,27129.48774131204,675.9376618114211,6608.601318969644,885.4381441875137,A0100,41.19182661167362,Trajectory
89.4,B1001,B0100,R-27ER,ACTIVE,17920.732562636458,1486.9180641016885,6430.064540860523,723.5891464132815,A0100,32.017102491123055,Trajectory
89.4,B1002,B0100,R-27ER,ACTIVE,26953.276352296343,661.9978801745576,6606.257548944124,882.0582566292925,A0100,40.94735499092205,Trajectory
89.60000000000001,B1001,B0100,R-27ER,ACTIVE,17778.819331255378,1459.8707052098173,6428.16318264085,720.9977332173263,A0100,31.805920934910134,Trajectory
89.60000000000001,B1002,B0100,R-27ER,ACTIVE,26777.75119462237,647.9338092735633,6603.909367482766,878.6983651430567,A0100,40.7035457050283,Trajectory
89.80000000000001,B1001,B0100,R-27ER,ACTIVE,17637.476308619764,1432.6012125293196,6426.254376468581,718.4098779005233,A0100,31.59528229762463,Trajectory
89.80000000000001,B1002,B0100,R-27ER,ACTIVE,26602.909341351944,633.7422895050323,6601.55596601295,875.3534823862401,A0100,40.46041105374007,Trajectory
90.0,B1001,B0100,R-27ER,ACTIVE,17496.70418237038,1405.1041871921634,6424.3409662254,715.8314592201082,A0100,31.385172434363714,Trajectory
90.0,B1002,B0100,R-27ER,ACTIVE,26428.746514151007,619.4232923412626,6599.201212725792,872.0358571100758,A0100,40.21793270372196,Trajectory
90.2,B1001,B0100,R-27ER,ACTIVE,17356.502703320053,1377.375583481931,6422.429866941191,713.257874564429,A0100,31.175612551368715,Trajectory
90.2,B1002,B0100,R-27ER,ACTIVE,26255.258462364814,604.9760799144566,6596.850243057197,868.7357327570548,A0100,39.97612764333831,Trajectory
90.4,B1001,B0100,R-27ER,ACTIVE,17216.871500914687,1349.4121754330754,6420.523706632398,710.6934221087402,A0100,30.96658928332979,Trajectory
90.4,B1002,B0100,R-27ER,ACTIVE,26082.44252635456,590.3972758440273,6594.504418003755,865.4517602700621,A0100,39.7349808689855,Trajectory
90.60000000000001,B1001,B0100,R-27ER,ACTIVE,17077.811819323524,1321.207740122749,6418.622834983197,708.133409309702,A0100,30.758122043611518,Trajectory
90.60000000000001,B1002,B0100,R-27ER,ACTIVE,25910.295433733947,575.6849850261647,6592.163684520134,862.1840535277717,A0100,39.49450724935192,Trajectory
90.80000000000001,B1001,B0100,R-27ER,ACTIVE,16939.324304709153,1292.7575205667333,6416.725221882605,705.5798451892597,A0100,30.55019530667562,Trajectory
90.80000000000001,B1002,B0100,R-27ER,ACTIVE,25738.814829986073,560.8355741514762,6589.825748592406,858.9308874691267,A0100,39.25468899727523,Trajectory
91.0,B1001,B0100,R-27ER,ACTIVE,16801.409588146347,1264.0568226092748,6414.829583889018,703.0335994189587,A0100,30.342826694414494,Trajectory
91.0,B1002,B0100,R-27ER,ACTIVE,25567.997161691594,545.8481274358576,6587.491409069096,855.6999541754084,A0100,39.01553934395304,Trajectory
91.2,B1001,B0100,R-27ER,ACTIVE,16664.06808272736,1235.1013646070317,6412.934015965052,700.4915267224284,A0100,30.13599952129503,Trajectory
91.2,B1002,B0100,R-27ER,ACTIVE,25397.83908776566,530.7211001906871,6585.158995345476,852.4884381553323,A0100,38.77703871114975,Trajectory
91.4,B1001,B0100,R-27ER,ACTIVE,16527.300904361186,1205.8858264219018,6411.038606303441,697.9560962139485,A0100,29.92973167999433,Trajectory
91.4,B1002,B0100,R-27ER,ACTIVE,25228.336143436503,515.4553872279363,6582.827865109836,849.2955747840078,A0100,38.53919929848066,Trajectory
91.60000000000001,B1001,B0100,R-27ER,ACTIVE,16391.109250550813,1176.4048609833721,6409.139427180952,695.4253933983537,A0100,29.724006725943102,Trajectory
91.60000000000001,B1002,B0100,R-27ER,ACTIVE,25059.485438192423,500.0489810780486,6580.495710891385,846.124762985086,A0100,38.30200158444143,Trajectory
91.80000000000001,B1001,B0100,R-27ER,ACTIVE,16255.493534976242,1146.654613395049,6407.2359381193155,692.9018125339848,A0100,29.518842091114486,Trajectory
91.80000000000001,B1002,B0100,R-27ER,ACTIVE,24891.28391969563,484.49950863854616,6578.16267160649,842.9622291877349,A0100,38.06545898556443,Trajectory
92.0,B1001,B0100,R-27ER,ACTIVE,16120.455600664076,1116.628695809234,6405.325512814989,690.3796720935387,A0100,29.314221639038845,Trajectory
92.0,B1002,B0100,R-27ER,ACTIVE,24723.72994635401,468.80277586556196,6575.826506368187,839.8169317317789,A0100,37.82955289055413,Trajectory
92.2,B1001,B0100,R-27ER,ACTIVE,15985.997515846075,1086.3206244744376,6403.407879960777,687.8617633262919,A0100,29.11016431663389,Trajectory
92.2,B1002,B0100,R-27ER,ACTIVE,24556.82015587973,452.95789312811047,6573.4867369146705,836.6929835399202,A0100,37.594296583039004,Trajectory
92.4,B1001,B0100,R-27ER,ACTIVE,15852.120285020968,1055.7260391096852,6401.478206367979,685.3485040456875,A0100,28.90663558807839,Trajectory
92.4,B1002,B0100,R-27ER,ACTIVE,24390.551516001105,436.9629264914888,6571.140497693768,833.5759212379174,A0100,37.35965273620118,Trajectory
92.60000000000001,B1001,B0100,R-27ER,ACTIVE,15718.827037074756,1024.836776252673,6399.534169323518,682.8357668626509,A0100,28.703640136496965,Trajectory
92.60000000000001,B1002,B0100,R-27ER,ACTIVE,24224.92269289023,420.8134289096559,6568.785894511005,830.478658114135,A0100,37.1256227775964,Trajectory
92.80000000000001,B1001,B0100,R-27ER,ACTIVE,15586.119582957708,993.6471575096663,6397.579596353217,680.3318879404644,A0100,28.501195351533344,Trajectory
92.80000000000001,B1002,B0100,R-27ER,ACTIVE,24059.929980684512,404.50888047621964,6566.426313346865,827.397443599155,A0100,36.89221849265703,Trajectory
93.0,B1001,B0100,R-27ER,ACTIVE,15453.997707213835,962.1547576417055,6395.620693969464,677.8360547630091,A0100,28.29928668511057,Trajectory
93.0,B1002,B0100,R-27ER,ACTIVE,23895.57067980857,388.0470805600818,6564.064337876393,824.3346491624104,A0100,36.65942294887379,Trajectory
93.2,B1001,B0100,R-27ER,ACTIVE,15322.461280628175,930.3572841082283,6393.664902457986,675.3524252728419,A0100,28.09793581140826,Trajectory
93.2,B1002,B0100,R-27ER,ACTIVE,23731.84172164609,371.4263575550731,6561.704821632133,821.2860711912264,A0100,36.427254294226366,Trajectory
93.4,B1001,B0100,R-27ER,ACTIVE,15191.509389138553,898.2539436846972,6391.713865001427,672.8796981335075,A0100,27.897129132943462,Trajectory
93.4,B1002,B0100,R-27ER,ACTIVE,23568.74131239647,354.64287928846346,6559.348589413527,818.2508979303218,A0100,36.1956983046579,Trajectory
93.60000000000001,B1001,B0100,R-27ER,ACTIVE,15061.142497187211,865.8417242264438,6389.77003931365,670.4166122331691,A0100,27.696885843546507,Trajectory
93.60000000000001,B1002,B0100,R-27ER,ACTIVE,23406.266620326925,337.6952642927056,6556.994790355366,815.2318020637364,A0100,35.96477034399393,Trajectory
93.80000000000001,B1001,B0100,R-27ER,ACTIVE,14931.359614064919,833.1203380228736,6387.831312747073,667.9643082088431,A0100,27.497189364753574,Trajectory
93.80000000000001,B1002,B0100,R-27ER,ACTIVE,23244.41567354308,320.58017221871893,6554.64268568431,812.2237373863472,A0100,35.73445297128433,Trajectory
94.0,B1001,B0100,R-27ER,ACTIVE,14802.160956981288,800.0874856507546,6385.8957193510905,665.5216354741395,A0100,27.298057405721774,Trajectory
94.0,B1002,B0100,R-27ER,ACTIVE,23083.18629590689,303.295142695012,6552.291560210086,809.2320474487268,A0100,35.504760727572844,Trajectory
94.2,B1001,B0100,R-27ER,ACTIVE,14673.546298829906,766.7417486833539,6383.96138502515,663.0891929131647,A0100,27.09947306894555,Trajectory
94.2,B1002,B0100,R-27ER,ACTIVE,22922.57701134783,285.83595876462084,6549.939052517961,806.2484923507367,A0100,35.275675622858685,Trajectory
94.4,B1001,B0100,R-27ER,ACTIVE,14545.516013400838,733.0806665577119,6382.028763665864,660.6656859542787,A0100,26.901454110691905,Trajectory
94.4,B1002,B0100,R-27ER,ACTIVE,22762.58536928971,268.2007532236189,6547.587248208002,803.2804637972833,A0100,35.04721179538223,Trajectory
94.60000000000001,B1001,B0100,R-27ER,ACTIVE,14418.070785263453,699.1015559276647,6380.093801823384,658.250039009424,A0100,26.70398399094338,Trajectory
94.60000000000001,B1002,B0100,R-27ER,ACTIVE,22603.21010622837,250.3853567466376,6545.23329316773,800.3270355979548,A0100,34.81935108969912,Trajectory
94.80000000000001,B1001,B0100,R-27ER,ACTIVE,14291.210153415972,664.8037909086099,6378.154152960075,655.8475449292891,A0100,26.507079927207133,Trajectory
94.80000000000001,B1002,B0100,R-27ER,ACTIVE,22444.448673377225,232.38815405809746,6542.875190640537,797.3857115272734,A0100,34.59210755101808,Trajectory
95.0,B1001,B0100,R-27ER,ACTIVE,14164.933791699656,630.1864170382182,6376.205347858984,653.4537027456483,A0100,26.31070673824292,Trajectory
95.0,B1002,B0100,R-27ER,ACTIVE,22286.300472815936,214.20361948044092,6540.510704856383,794.4521667060419,A0100,34.36544602976412,Trajectory
95.2,B1001,B0100,R-27ER,ACTIVE,14039.24239168951,595.2471002928341,6374.243067650391,651.0704806378986,A0100,26.114867339081762,Trajectory
95.2,B1002,B0100,R-27ER,ACTIVE,22128.763411411695,195.82985943927227,6538.1370024394255,791.5346620369846,A0100,34.139367073780896,Trajectory
95.4,B1001,B0100,R-27ER,ACTIVE,13914.13656982605,559.9830004444033,6372.274677694628,648.693129580068,A0100,25.91957837499635,Trajectory
95.4,B1002,B0100,R-27ER,ACTIVE,21971.83482214579,177.26545007048497,6535.757018350762,788.6320845749855,A0100,33.913883311347746,Trajectory
95.60000000000001,B1001,B0100,R-27ER,ACTIVE,13789.615628474825,524.3940423560589,6370.306405740664,646.331762721189,A0100,25.724825351574623,Trajectory
95.60000000000001,B1002,B0100,R-27ER,ACTIVE,21815.513347244552,158.50634533037845,6533.3740094447585,785.7414153214494,A0100,33.68897901319668,Trajectory
95.80000000000001,B1001,B0100,R-27ER,ACTIVE,13665.678584882826,488.48016977961976,6368.348019794833,643.9799669446752,A0100,25.53062963068144,Trajectory
95.80000000000001,B1002,B0100,R-27ER,ACTIVE,21659.79671261996,139.55035947154502,6530.995031846152,782.8610155475343,A0100,33.46467316629876,Trajectory
96.0,B1001,B0100,R-27ER,ACTIVE,13542.325904995272,452.23958088701875,6366.400515614457,641.6367378354981,A0100,25.336979385413198,Trajectory
96.0,B1002,B0100,R-27ER,ACTIVE,21504.684345579084,120.39246796853188,6528.620917310803,779.9942654249168,A0100,33.240952861252445,Trajectory
96.2,B1001,B0100,R-27ER,ACTIVE,13419.557590056173,415.67136330864935,6364.466351354121,639.304320984467,A0100,25.1438937828591,Trajectory
96.2,B1002,B0100,R-27ER,ACTIVE,21350.173893861516,101.03105053555794,6526.254744450916,777.1373190441088,A0100,33.017833944996646,Trajectory
96.4,B1001,B0100,R-27ER,ACTIVE,13297.373541984265,378.77487775487515,6362.543173007012,636.9823854741468,A0100,24.95135749988765,Trajectory
96.4,B1002,B0100,R-27ER,ACTIVE,21196.26511106074,81.46062543681357,6523.893610112476,774.2883277126351,A0100,32.79530057893529,Trajectory
96.60000000000001,B1001,B0100,R-27ER,ACTIVE,13175.774797635715,341.5477343610067,6360.628322929762,634.6678811268396,A0100,24.759389236936983,Trajectory
96.60000000000001,B1002,B0100,R-27ER,ACTIVE,21042.95715626914,61.6770101945096,6521.536157859879,771.4486165821146,A0100,32.57336845075644,Trajectory
96.80000000000001,B1001,B0100,R-27ER,ACTIVE,13054.76188954479,303.98857163252103,6358.719875074651,632.363444659683,A0100,24.567973281116537,Trajectory
96.80000000000001,B1002,B0100,R-27ER,ACTIVE,20890.24891357675,41.676831570689785,6519.180100006241,768.6217336976541,A0100,32.35202003359423,Trajectory
97.0,B1001,B0100,R-27ER,ACTIVE,12934.335530288705,266.0956030267464,6356.816872649666,630.0651463582101,A0100,24.377127986829436,Trajectory
97.0,B1002,B0100,R-27ER,ACTIVE,20738.138681344408,21.45772656174286,6516.824172055095,765.8063315512993,A0100,32.131270083229175,Trajectory
97.2,B1001,B0100,R-27ER,ACTIVE,12814.49638706675,227.86753849329983,6354.91589945342,627.7776932774063,A0100,24.186837403378043,Trajectory
97.2,B1002,B0100,R-27ER,ACTIVE,20586.62565037589,1.0158151500354031,6514.464998166807,763.0025001227763,A0100,31.911100948645355,Trajectory
97.4,B1001,B0100,R-27ER,ACTIVE,12695.245043529605,189.30294325855627,6353.017357336419,625.4976431686471,A0100,23.997119940383218,Trajectory
97.4,B1002,B0100,R-27ER,ACTIVE,20435.707892666196,-19.65076287932757,6512.104755520081,760.2108335793611,A0100,31.69152727864211,Trajectory
97.60000000000001,B1001,B0100,R-27ER,ACTIVE,12576.582787974163,150.39966990238284,6351.11663270087,623.2242062140288,A0100,23.80795997695404,Trajectory
97.60000000000001,B1002,B0100,R-27ER,ACTIVE,20285.384232900684,-40.54493002966154,6509.740175533237,757.4331147053646,A0100,31.4725309201675,Trajectory
97.80000000000001,B1001,B0100,R-27ER,ACTIVE,12458.510891426402,111.15575807070518,6349.212451943202,620.9629298624906,A0100,23.61937674230259,Trajectory
97.80000000000001,B1002,B0100,R-27ER,ACTIVE,20135.65258788258,-61.66793623725493,6507.371116510656,754.6700683874465,A0100,31.254126494191812,Trajectory
98.0,B1001,B0100,R-27ER,ACTIVE,12341.030897395161,71.56866133687423,6347.3004863245405,618.7046098605714,A0100,23.43133698542944,Trajectory
98.0,B1002,B0100,R-27ER,ACTIVE,19986.510677903156,-83.02056567769617,6504.99510438868,751.9182489331046,A0100,31.0362772835702,Trajectory
98.2,B1001,B0100,R-27ER,ACTIVE,12224.143995523751,31.637063057633952,6345.37426435988,616.4588724809424,A0100,23.243844775740328,Trajectory
98.2,B1002,B0100,R-27ER,ACTIVE,19837.95758420882,-104.60606816479988,6502.6092149032265,749.1774355704259,A0100,30.81898475976486,Trajectory
98.4,B1001,B0100,R-27ER,ACTIVE,12107.849113120197,-8.637836536245896,6343.439414752009,614.2236510849608,A0100,23.05691617012561,Trajectory
98.4,B1002,B0100,R-27ER,ACTIVE,19689.990845314627,-126.42462178290057,6500.216350101041,746.4573668315633,A0100,30.602261968776645,Trajectory
98.60000000000001,B1001,B0100,R-27ER,ACTIVE,11992.147151847781,-49.257671347936274,6341.5039353387065,611.9954926057671,A0100,22.87053865392202,Trajectory
98.60000000000001,B1002,B0100,R-27ER,ACTIVE,19542.607901702613,-148.47686020990125,6497.820179836129,743.747983172456,A0100,30.386092247363045,Trajectory
98.80000000000001,B1001,B0100,R-27ER,ACTIVE,11877.040461968461,-90.2258690008384,6339.577517138498,609.7740725291944,A0100,22.684737056885204,Trajectory
98.80000000000001,B1002,B0100,R-27ER,ACTIVE,19395.806989045614,-170.76449576345263,6495.42962833568,741.0557668413798,A0100,30.170495235511112,Trajectory
99.0,B1001,B0100,R-27ER,ACTIVE,11762.529272593762,-131.54237246894084,6337.663175406496,607.564055648323,A0100,22.499499966998528,Trajectory
99.0,B1002,B0100,R-27ER,ACTIVE,19249.58473583818,-193.28585684083137,6493.0446987714995,738.3784931883862,A0100,29.955455673082668,Trajectory
99.2,B1001,B0100,R-27ER,ACTIVE,11648.612929476367,-173.20591776151994,6335.7624402373185,605.3643917617916,A0100,22.314846686372224,Trajectory
99.2,B1002,B0100,R-27ER,ACTIVE,19103.939608277684,-216.04278162144868,6490.666363963202,735.7156091870545,A0100,29.740990278121885,Trajectory
99.4,B1001,B0100,R-27ER,ACTIVE,11535.29431715531,-215.22022657982544,6333.874139574269,603.1671991876946,A0100,22.13076509714038,Trajectory
99.4,B1002,B0100,R-27ER,ACTIVE,18958.87003990643,-239.0369473083205,6488.293388556186,733.0649679515615,A0100,29.527082159438596,Trajectory
99.60000000000001,B1001,B0100,R-27ER,ACTIVE,11422.574642071339,-257.58614635038595,6331.9999602370035,600.9825396628592,A0100,21.94731186649742,Trajectory
99.60000000000001,B1002,B0100,R-27ER,ACTIVE,18814.37388177575,-262.2688087410647,6485.924924960926,730.4253952490296,A0100,29.31378268914574,Trajectory
99.80000000000001,B1001,B0100,R-27ER,ACTIVE,11310.453279134115,-300.3022389501139,6330.150493997361,598.8110395560224,A0100,21.764486345536827,Trajectory
99.80000000000001,B1002,B0100,R-27ER,ACTIVE,18670.450884591435,-285.7426015489238,6483.568727040383,727.7972057267292,A0100,29.101089666047898,Trajectory
100.0,B1001,B0100,R-27ER,ACTIVE,11198.929178087577,-343.3665096808843,6328.348044255352,596.6434947294156,A0100,21.582286123198838,Trajectory
100.0,B1002,B0100,R-27ER,ACTIVE,18527.098310319685,-309.4573951467585,6481.238917520455,725.1846790592931,A0100,28.888997239997742,Trajectory
100.2,B1001,B0100,R-27ER,ACTIVE,11088.00552239371,-386.7821633751779,6326.590559952276,594.485336392758,A0100,21.40068054182527,Trajectory
100.2,B1002,B0100,R-27ER,ACTIVE,18384.314454282743,-333.4143843462075,6478.934029375959,722.5807081281498,A0100,28.67747166476351,Trajectory
100.4,B1001,B0100,R-27ER,ACTIVE,10977.681028580411,-430.54615747334026,6324.849611533458,592.3451466953143,A0100,21.21974797493462,Trajectory
100.4,B1002,B0100,R-27ER,ACTIVE,18242.09829525151,-357.61519890157405,6476.636811274458,719.9950843931938,A0100,28.466590578202624,Trajectory
100.60000000000001,B1001,B0100,R-27ER,ACTIVE,10867.954098674109,-474.65559970439955,6323.114060313078,590.2138058158291,A0100,21.039465230931583,Trajectory
100.60000000000001,B1002,B0100,R-27ER,ACTIVE,18100.446303368863,-382.05715792412553,6474.342674992724,717.4286006884632,A0100,28.25632607522851,Trajectory
100.80000000000001,B1001,B0100,R-27ER,ACTIVE,10758.826825868884,-519.1123785861314,6321.3872427674605,588.0940050482516,A0100,20.859812474380163,Trajectory
100.80000000000001,B1002,B0100,R-27ER,ACTIVE,17959.356553782527,-406.74099885418053,6472.0517362398,714.8735955365147,A0100,28.046652639019214,Trajectory
101.0,B1001,B0100,R-27ER,ACTIVE,10650.296024330895,-563.9113449886291,6319.678949029072,585.9918061069249,A0100,20.68085292892406,Trajectory
101.0,B1002,B0100,R-27ER,ACTIVE,17818.825446671937,-431.66384726967556,6469.768451817969,712.3384406114043,A0100,27.837631116307417,Trajectory
101.2,B1001,B0100,R-27ER,ACTIVE,10542.359891852102,-609.0490215072334,6317.977120871221,583.903115858045,A0100,20.502572157379888,Trajectory
101.2,B1002,B0100,R-27ER,ACTIVE,17678.850741159586,-456.8253277751009,6467.486096845042,709.8177508904325,A0100,27.629246375938507,Trajectory
101.4,B1001,B0100,R-27ER,ACTIVE,10435.016788653456,-654.5215494848003,6316.25498906685,581.8285485694402,A0100,20.325003209290724,Trajectory
101.4,B1002,B0100,R-27ER,ACTIVE,17539.430865401882,-482.2257339734799,6465.189190720772,707.3065706502626,A0100,27.421528757192778,Trajectory
101.60000000000001,B1001,B0100,R-27ER,ACTIVE,10328.266680869681,-700.3280602374045,6314.510437544261,579.7649529907034,A0100,20.148089162421936,Trajectory
101.60000000000001,B1002,B0100,R-27ER,ACTIVE,17400.564965606955,-507.8671501511846,6462.877793222833,704.8133878065482,A0100,27.214417007048816,Trajectory
101.80000000000001,B1001,B0100,R-27ER,ACTIVE,10222.102073190192,-746.4547464740562,6312.768611665218,577.681144403624,A0100,19.97188191661949,Trajectory
101.80000000000001,B1002,B0100,R-27ER,ACTIVE,17262.24856550842,-533.7458215891462,6460.564693996286,702.3392428258379,A0100,27.007962372438453,Trajectory
102.0,B1001,B0100,R-27ER,ACTIVE,10116.222763742173,-792.0900249598965,6311.065909247611,575.202140178127,A0100,19.79607871834777,Trajectory
102.0,B1002,B0100,R-27ER,ACTIVE,17124.479009461924,-559.8613202339454,6458.266139678439,699.8770544285571,A0100,26.802086958225665,Trajectory
102.2,B1001,B0100,R-27ER,ACTIVE,10010.458468205516,-836.7453910238024,6309.416655637914,572.7749785234956,A0100,19.620546821425304,Trajectory
102.2,B1002,B0100,R-27ER,ACTIVE,16987.25417872401,-586.2133516190501,6455.9910480783,697.4281275399004,A0100,26.596787354366704,Trajectory
102.4,B1001,B0100,R-27ER,ACTIVE,9904.817813188522,-880.45140106701,6307.790500771272,570.4023547307264,A0100,19.445331278712647,Trajectory
102.4,B1002,B0100,R-27ER,ACTIVE,16850.57342850932,-612.8034678305053,6453.712309548575,694.9875282860987,A0100,26.392106583531024,Trajectory
102.60000000000001,B1001,B0100,R-27ER,ACTIVE,9799.309819226313,-923.2415682242543,6306.136797384693,568.0855769031677,A0100,19.270452435577404,Trajectory
102.60000000000001,B1002,B0100,R-27ER,ACTIVE,16714.438500749497,-639.6350353928005,6451.38749103839,692.5393280210749,A0100,26.18806154085715,Trajectory
102.80000000000001,B1001,B0100,R-27ER,ACTIVE,9693.942851283076,-965.1493739940348,6304.417399292827,565.8104930536368,A0100,19.095757381903763,Trajectory
102.80000000000001,B1002,B0100,R-27ER,ACTIVE,16578.852542424665,-666.7116034575199,6448.9820136422295,690.1068949477286,A0100,25.98450075050547,Trajectory
103.0,B1001,B0100,R-27ER,ACTIVE,9588.718298585032,-1006.172872903322,6302.6445704968,563.5225662548552,A0100,18.921080006952703,Trajectory
103.0,B1002,B0100,R-27ER,ACTIVE,16443.80397266151,-694.0154243540634,6446.50609715427,687.7454541356474,A0100,25.781253580278808,Trajectory
103.2,B1001,B0100,R-27ER,ACTIVE,9483.634969317673,-1046.286091392385,6300.873099611123,561.2204234508646,A0100,18.746581663730286,Trajectory
103.2,B1002,B0100,R-27ER,ACTIVE,16309.268398339513,-721.5111930111731,6444.004862720699,685.4655129084658,A0100,25.5784554962638,Trajectory
103.4,B1001,B0100,R-27ER,ACTIVE,9378.69573734077,-1085.4821390121972,6299.170061569317,558.9270229471365,A0100,18.572352654470993,Trajectory
103.4,B1002,B0100,R-27ER,ACTIVE,16175.227641438518,-749.1731695844052,6441.536574768138,683.2253526391829,A0100,25.376172450493286,Trajectory
103.60000000000001,B1001,B0100,R-27ER,ACTIVE,9273.906385791966,-1123.771049580885,6297.57994774285,556.6592272986579,A0100,18.39835027726815,Trajectory
103.60000000000001,B1002,B0100,R-27ER,ACTIVE,16041.672803721463,-776.9860778417437,6439.146838500593,681.0013566703641,A0100,25.17435122159396,Trajectory
103.80000000000001,B1001,B0100,R-27ER,ACTIVE,9169.272943381282,-1161.171289582981,6296.099809044905,554.4297071250021,A0100,18.22458235344604,Trajectory
103.80000000000001,B1002,B0100,R-27ER,ACTIVE,15908.599298328416,-804.9442528838815,6436.836581179458,678.8033643557495,A0100,24.972995657293694,Trajectory
104.0,B1001,B0100,R-27ER,ACTIVE,9064.80050506692,-1197.7027757020592,6294.688313398303,552.2394190176182,A0100,18.05101654400165,Trajectory
104.0,B1002,B0100,R-27ER,ACTIVE,15776.001252429116,-833.0434797943446,6434.568440482595,676.636285239137,A0100,24.772068406089904,Trajectory
104.2,B1001,B0100,R-27ER,ACTIVE,8960.494125885452,-1233.3859621151337,6293.302127509062,550.0884070503923,A0100,17.877655762064926,Trajectory
104.2,B1002,B0100,R-27ER,ACTIVE,15643.874722295055,-861.2812571707829,6432.303064202745,674.4800224638711,A0100,24.571565674573826,Trajectory
104.4,B1001,B0100,R-27ER,ACTIVE,8856.358872467677,-1268.2438618720535,6291.916966319738,547.9757567376231,A0100,17.704483608769273,Trajectory
104.4,B1002,B0100,R-27ER,ACTIVE,15512.217278042734,-889.6553604575423,6430.020441737657,672.3420051027135,A0100,24.371465584029036,Trajectory
104.60000000000001,B1001,B0100,R-27ER,ACTIVE,8752.399185914952,-1302.2984961365034,6290.52997765973,545.9002273869438,A0100,17.531515251676314,Trajectory
104.60000000000001,B1002,B0100,R-27ER,ACTIVE,15381.025660821932,-918.1636194828269,6427.718246229357,670.2150875965149,A0100,24.171778185880658,Trajectory
104.80000000000001,B1001,B0100,R-27ER,ACTIVE,8648.619154358485,-1335.5721739213407,6289.144781837883,543.8619268898542,A0100,17.3587440141908,Trajectory
104.80000000000001,B1002,B0100,R-27ER,ACTIVE,15250.29683010849,-946.8039925681986,6425.396193236709,668.1050362578429,A0100,23.97249318711144,Trajectory
105.0,B1001,B0100,R-27ER,ACTIVE,8545.022545216316,-1368.0874065959465,6287.7674728943,541.860372568758,A0100,17.186197480933984,Trajectory
105.0,B1002,B0100,R-27ER,ACTIVE,15120.028765792274,-975.5774415792697,6423.06308119436,666.0057136824953,A0100,23.773635711264212,Trajectory
105.2,B1001,B0100,R-27ER,ACTIVE,8441.612859949684,-1399.8660909198534,6286.3982256762165,539.894357240858,A0100,17.013864924301917,Trajectory
105.2,B1002,B0100,R-27ER,ACTIVE,14990.218855495004,-1004.4826430450851,6420.718484356634,663.9209131014301,A0100,23.57519306223609,Trajectory
105.4,B1001,B0100,R-27ER,ACTIVE,8338.393357479083,-1430.9304661150052,6285.037908478306,537.9651154965405,A0100,16.84176914837092,Trajectory
105.4,B1002,B0100,R-27ER,ACTIVE,14860.86456885619,-1033.5185503991831,6418.360370863621,661.8456537559244,A0100,23.377185392802897,Trajectory
105.60000000000001,B1001,B0100,R-27ER,ACTIVE,8235.367062573516,-1461.3032943417284,6283.680379132387,536.0710684583536,A0100,16.669875660610092,Trajectory
105.60000000000001,B1002,B0100,R-27ER,ACTIVE,14731.966347343814,-1062.689331515947,6415.986130869125,659.7733287536211,A0100,23.179579435378443,Trajectory
105.80000000000001,B1001,B0100,R-27ER,ACTIVE,8132.5367618141945,-1491.0069564137514,6282.3161351917515,534.2122148744274,A0100,16.49818792161849,Trajectory
105.80000000000001,B1002,B0100,R-27ER,ACTIVE,14603.524226948979,-1091.9972032755015,6413.585846862805,657.7096006886088,A0100,22.98237899557509,Trajectory
106.0,B1001,B0100,R-27ER,ACTIVE,8029.904734566778,-1520.0613717694373,6280.939132036649,532.3834478122164,A0100,16.326706433242386,Trajectory
106.0,B1002,B0100,R-27ER,ACTIVE,14475.53645297511,-1121.4414624036485,6411.153022710589,655.6600662134388,A0100,22.785582793585878,Trajectory
106.2,B1001,B0100,R-27ER,ACTIVE,7927.472854520661,-1548.4848848579672,6279.555436064032,530.5853786481771,A0100,16.155452690880033,Trajectory
106.2,B1002,B0100,R-27ER,ACTIVE,14347.999250563906,-1151.019557488662,6408.693712045432,653.6237297611724,A0100,22.589208968048,Trajectory
106.4,B1001,B0100,R-27ER,ACTIVE,7825.242737619817,-1576.2951773660263,6278.173475571282,528.8162678849086,A0100,15.984486734529584,Trajectory
106.4,B1002,B0100,R-27ER,ACTIVE,14220.911432689445,-1180.7335117919215,6406.214986297918,651.6001418604566,A0100,22.393317440731785,Trajectory
106.60000000000001,B1001,B0100,R-27ER,ACTIVE,7723.215829045009,-1603.5095878665438,6276.8031663608135,527.0730484048466,A0100,15.813863260035669,Trajectory
106.60000000000001,B1002,B0100,R-27ER,ACTIVE,14094.267978424181,-1210.578215736855,6403.7251535677515,649.5964642259053,A0100,22.19795920529165,Trajectory
106.80000000000001,B1001,B0100,R-27ER,ACTIVE,7621.39353865948,-1630.1441012180433,6275.452383225892,525.3580244070857,A0100,15.643466840018165,Trajectory
106.80000000000001,B1002,B0100,R-27ER,ACTIVE,13968.066493948358,-1240.5534544896325,6401.231698709478,647.6033851969108,A0100,22.003017727887016,Trajectory
107.0,B1001,B0100,R-27ER,ACTIVE,7519.777203429039,-1656.2179538843623,6274.129573219809,523.6723346672303,A0100,15.473310862196994,Trajectory
107.0,B1002,B0100,R-27ER,ACTIVE,13842.304202002217,-1270.657934167228,6398.74462436227,645.621306350071,A0100,21.808505012348714,Trajectory
107.2,B1001,B0100,R-27ER,ACTIVE,7418.367918747959,-1681.7490767614165,6272.834304271858,522.012397741537,A0100,15.303380792394211,Trajectory
107.2,B1002,B0100,R-27ER,ACTIVE,13716.980635334912,-1300.8939845384139,6396.267648109736,643.6487668758693,A0100,21.61440803549998,Trajectory
107.4,B1001,B0100,R-27ER,ACTIVE,7317.1666740008795,-1706.7540986684833,6271.567058251767,520.379825071444,A0100,15.133694881662642,Trajectory
107.4,B1002,B0100,R-27ER,ACTIVE,13592.093997008893,-1331.261537620416,6393.801991777991,641.6815657885721,A0100,21.420744452924424,Trajectory
107.60000000000001,B1001,B0100,R-27ER,ACTIVE,7216.174294526656,-1731.2512824490593,6270.323728775398,518.7757144255426,A0100,14.964236527234934,Trajectory
107.60000000000001,B1002,B0100,R-27ER,ACTIVE,13467.643968248556,-1361.7626226393104,6391.345747495923,639.726402419109,A0100,21.22749923742311,Trajectory
107.80000000000001,B1001,B0100,R-27ER,ACTIVE,7115.391336750664,-1755.2576308184675,6269.103027251959,517.1959980328337,A0100,14.795022157377232,Trajectory
107.80000000000001,B1002,B0100,R-27ER,ACTIVE,13343.628103789937,-1392.3958487663836,6388.896224658654,637.780225623502,A0100,21.03468788629495,Trajectory
108.0,B1001,B0100,R-27ER,ACTIVE,7014.8183053808725,-1778.789625672608,6267.901067988508,515.6427747411892,A0100,14.626034162781538,Trajectory
108.0,B1002,B0100,R-27ER,ACTIVE,13220.046329483705,-1423.1639162562005,6386.4499503987145,635.8380019747572,A0100,20.842294633777204,Trajectory
108.2,B1001,B0100,R-27ER,ACTIVE,6914.4554866944045,-1801.8645752438497,6266.715604636236,514.1149086382004,A0100,14.457288375625556,Trajectory
108.2,B1002,B0100,R-27ER,ACTIVE,13096.897911071455,-1454.0680952991402,6384.006574099668,633.9063907094298,A0100,20.650336163447697,Trajectory
108.4,B1001,B0100,R-27ER,ACTIVE,6814.303040346025,-1824.4976184079455,6265.542188311246,512.6106532606012,A0100,14.288766759413294,Trajectory
108.4,B1002,B0100,R-27ER,ACTIVE,12974.181748827039,-1485.1090253491197,6381.561411622745,631.9841787964208,A0100,20.45879556860747,Trajectory
108.60000000000001,B1001,B0100,R-27ER,ACTIVE,6714.361012173052,-1846.7046141052338,6264.379386799714,511.13117584634637,A0100,14.120484941267701,Trajectory
108.60000000000001,B1002,B0100,R-27ER,ACTIVE,12851.896185929132,-1516.2865354637756,6379.112303945094,630.0692298990878,A0100,20.26768855623269,Trajectory
108.80000000000001,B1001,B0100,R-27ER,ACTIVE,6614.629302596369,-1868.5012083156457,6263.223052879215,509.6747855854462,A0100,13.952424578477682,Trajectory
108.80000000000001,B1002,B0100,R-27ER,ACTIVE,12730.040276806174,-1547.601325641823,6376.656137236887,628.1666535708054,A0100,20.076998315634903,Trajectory
109.0,B1001,B0100,R-27ER,ACTIVE,6515.107697834678,-1889.9025531310263,6262.071736177496,508.24154081302214,A0100,13.784601088702974,Trajectory
109.0,B1002,B0100,R-27ER,ACTIVE,12608.591507682377,-1578.9213019068477,6374.197409438492,625.9625119337991,A0100,19.88672709453159,Trajectory
109.2,B1001,B0100,R-27ER,ACTIVE,6415.795927275163,-1910.9229300926186,6260.920120951202,506.8308496170998,A0100,13.616996060304935,Trajectory
109.2,B1002,B0100,R-27ER,ACTIVE,12487.467896955113,-1609.5713475284424,6371.763822449521,623.4920391916323,A0100,19.696814226670043,Trajectory
109.4,B1001,B0100,R-27ER,ACTIVE,6316.693531920569,-1931.5778557539568,6259.767907197391,505.44291045774816,A0100,13.44962469145665,Trajectory
109.4,B1002,B0100,R-27ER,ACTIVE,12366.663221186105,-1639.4810499299354,6369.358389089058,621.0700660269674,A0100,19.507272734828607,Trajectory
109.60000000000001,B1001,B0100,R-27ER,ACTIVE,6217.8000229909385,-1951.8811175387,6258.609936136097,504.07460808211823,A0100,13.282451488998264,Trajectory
109.60000000000001,B1002,B0100,R-27ER,ACTIVE,12246.177535406669,-1668.67618440906,6366.975515720294,618.6932205751269,A0100,19.318066647731957,Trajectory
109.80000000000001,B1001,B0100,R-27ER,ACTIVE,6119.114933818572,-1971.8449495014154,6257.44021073892,502.72623339826924,A0100,13.115479799250371,Trajectory
109.80000000000001,B1002,B0100,R-27ER,ACTIVE,12126.010748340721,-1697.1807220018168,6364.608249732193,616.3604356468512,A0100,19.129197785963793,Trajectory
110.0,B1001,B0100,R-27ER,ACTIVE,6020.637475055363,-1991.4816049164513,6256.2650826522,501.39726502054094,A0100,12.948724309258079,Trajectory
110.0,B1002,B0100,R-27ER,ACTIVE,12006.162378405426,-1725.0183777329173,6362.260551788551,614.0696054778467,A0100,18.94067912804987,Trajectory
110.2,B1001,B0100,R-27ER,ACTIVE,5922.366799150537,-2010.8034024552496,6255.0929310582405,500.0864072507687,A0100,12.782168954222913,Trajectory
110.2,B1002,B0100,R-27ER,ACTIVE,11886.631773469111,-1752.212053294121,6359.938482759129,611.8189913384767,A0100,18.75249362372951,Trajectory
110.4,B1001,B0100,R-27ER,ACTIVE,5824.302142733055,-2029.8217363722292,6253.9347426840895,498.7937985419243,A0100,12.615833191094676,Trajectory
110.4,B1002,B0100,R-27ER,ACTIVE,11767.418193708003,-1778.7836542180937,6357.651221336359,609.6088825611633,A0100,18.5646594929879,Trajectory
110.60000000000001,B1001,B0100,R-27ER,ACTIVE,5726.442765034588,-2048.547287327622,6252.791457650622,497.517356689206,A0100,12.449702771093731,Trajectory
110.60000000000001,B1002,B0100,R-27ER,ACTIVE,11648.520728097361,-1804.7545067539868,6355.399843165701,607.4336804452772,A0100,18.37716177394789,Trajectory
110.80000000000001,B1001,B0100,R-27ER,ACTIVE,5628.787918617934,-2066.991621918387,6251.664919363422,496.2589335779619,A0100,12.283794494526285,Trajectory
110.80000000000001,B1002,B0100,R-27ER,ACTIVE,11529.938519321226,-1830.1444434852763,6353.1837445667525,605.2962336610934,A0100,18.19001591100986,Trajectory
111.0,B1001,B0100,R-27ER,ACTIVE,5531.336770288936,-2085.1652622481374,6250.551856963957,495.01596767340885,A0100,12.118091267393915,Trajectory
111.0,B1002,B0100,R-27ER,ACTIVE,11411.670485680039,-1854.9731417310954,6350.998760473624,603.1941540050587,A0100,18.00320391206086,Trajectory
111.2,B1001,B0100,R-27ER,ACTIVE,5434.088487585745,-2103.0793885302905,6249.450084708451,493.7916077525813,A0100,11.95260845284986,Trajectory
111.2,B1002,B0100,R-27ER,ACTIVE,11293.715436210146,-1879.260024514352,6348.843387945975,601.128214612433,A0100,17.81673953451308,Trajectory
111.4,B1001,B0100,R-27ER,ACTIVE,5337.042121670281,-2120.745157144553,6248.3546485699535,492.58363908649955,A0100,11.78732804271343,Trajectory
111.4,B1002,B0100,R-27ER,ACTIVE,11176.071954593861,-1903.0252228232423,6346.714095453304,599.0964283642157,A0100,17.630603730203852,Trajectory
111.60000000000001,B1001,B0100,R-27ER,ACTIVE,5240.196674350212,-2138.173722235606,6247.264431753327,491.39212268249787,A0100,11.622264975919641,Trajectory
111.60000000000001,B1002,B0100,R-27ER,ACTIVE,11058.73861003438,-1926.2871493359316,6344.607986892194,597.0988201861093,A0100,17.44480983534431,Trajectory
111.80000000000001,B1001,B0100,R-27ER,ACTIVE,5143.551207907628,-2155.3750121975977,6246.173963059019,490.216356945158,A0100,11.457401155464545,Trajectory
111.80000000000001,B1002,B0100,R-27ER,ACTIVE,10941.713810621271,-1949.0646643382413,6342.520992079004,595.1347582457287,A0100,17.259338596214707,Trajectory
112.0,B1001,B0100,R-27ER,ACTIVE,5047.104679466262,-2172.3593893109355,6245.0820149137035,489.05689882789306,A0100,11.292751467573359,Trajectory
112.0,B1002,B0100,R-27ER,ACTIVE,10824.995871512048,-1971.3755171637492,6340.451701269854,593.202410615458,A0100,17.07420315318276,Trajectory
112.2,B1001,B0100,R-27ER,ACTIVE,4950.856061761253,-2189.13711301197,6243.98382648093,487.91218616098655,A0100,11.128297675627373,Trajectory
112.2,B1002,B0100,R-27ER,ACTIVE,10708.58306835192,-1993.2371690436257,6338.395577415908,591.3010204060753,A0100,16.889384216893134,Trajectory
112.4,B1001,B0100,R-27ER,ACTIVE,4854.804239329496,-2205.7184292633583,6242.879242081896,486.7836767194494,A0100,10.964054614582357,Trajectory
112.4,B1002,B0100,R-27ER,ACTIVE,10592.473580243633,-2014.6662655436066,6336.351090650182,589.42920591587,A0100,16.704894900480266,Trajectory
112.60000000000001,B1001,B0100,R-27ER,ACTIVE,4758.948223157297,-2222.11249907985,6241.762151341579,485.66792842884433,A0100,10.799987114794613,Trajectory
112.60000000000001,B1002,B0100,R-27ER,ACTIVE,10476.665628656001,-2035.678932893284,6334.312976604044,587.5876893396477,A0100,16.520699175312323,Trajectory
112.80000000000001,B1001,B0100,R-27ER,ACTIVE,4663.287180219264,-2238.3276747386312,6240.625041270351,484.56508285428544,A0100,10.636098362767331,Trajectory
112.80000000000001,B1002,B0100,R-27ER,ACTIVE,10361.157301447245,-2056.291546849264,6332.2739950601535,585.7739515744864,A0100,16.33679821907341,Trajectory
113.0,B1001,B0100,R-27ER,ACTIVE,4567.819722591426,-2254.371196551896,6239.477092794696,483.47672628519,A0100,10.472402614273424,Trajectory
113.0,B1002,B0100,R-27ER,ACTIVE,10245.946589627994,-2076.517699775486,6330.240602370177,583.9856541976768,A0100,16.153204532386386,Trajectory
113.2,B1001,B0100,R-27ER,ACTIVE,4472.5444002110235,-2270.2514324451495,6238.329518398696,482.3997896026939,A0100,10.308883846365132,Trajectory
113.2,B1002,B0100,R-27ER,ACTIVE,10131.031460630358,-2096.3713161122287,6328.220588983078,582.2225689662589,A0100,15.969901118108004,Trajectory
113.4,B1001,B0100,R-27ER,ACTIVE,4377.460205769858,-2285.974176122958,6237.1949839368635,481.3334491225947,A0100,10.145561689859171,Trajectory
113.4,B1002,B0100,R-27ER,ACTIVE,10016.409953330402,-2115.8654163733577,6326.223624135616,580.4826395268145,A0100,15.786906000492431,Trajectory
113.60000000000001,B1001,B0100,R-27ER,ACTIVE,4282.566152977962,-2301.54678630434,6236.0745361765885,480.2793706445403,A0100,9.98242256439116,Trajectory
113.60000000000001,B1002,B0100,R-27ER,ACTIVE,9902.080202238554,-2135.012763039684,6324.251573521524,578.766855667326,A0100,15.604204879831693,Trajectory
113.80000000000001,B1001,B0100,R-27ER,ACTIVE,4187.861219182739,-2316.9764763946587,6234.968838638479,479.23597169594757,A0100,9.81948318664584,Trajectory
113.80000000000001,B1002,B0100,R-27ER,ACTIVE,9788.040162930052,-2153.8276753115265,6322.304175223706,577.0770668391332,A0100,15.421812706130888,Trajectory
114.0,B1001,B0100,R-27ER,ACTIVE,4093.3443676876677,-2332.270774280821,6233.874113194744,478.2054160105744,A0100,9.656726920109667,Trajectory
114.0,B1002,B0100,R-27ER,ACTIVE,9674.287861711857,-2172.321918225439,6320.378337820538,575.4078173221217,A0100,15.239711923018152,Trajectory
114.2,B1001,B0100,R-27ER,ACTIVE,3999.0145000329817,-2347.4373154128493,6232.789592409907,477.1866639924624,A0100,9.494168966946347,Trajectory
114.2,B1002,B0100,R-27ER,ACTIVE,9560.821373302919,-2190.5078422538713,6318.472934828482,573.7639427956573,A0100,15.05791620103214,Trajectory
114.4,B1001,B0100,R-27ER,ACTIVE,3904.8705609823132,-2362.4830871133618,6231.709709914766,476.179102580031,A0100,9.33179187694185,Trajectory
114.4,B1002,B0100,R-27ER,ACTIVE,9447.638545568829,-2208.3984939668753,6316.583092235219,572.1424637677374,A0100,14.876406927080502,Trajectory
114.60000000000001,B1001,B0100,R-27ER,ACTIVE,3810.9114381325285,-2377.416321959675,6230.631768590034,475.1847663869528,A0100,9.169610509701023,Trajectory
114.60000000000001,B1002,B0100,R-27ER,ACTIVE,9334.737237968042,-2226.006615874529,6314.707694925742,570.5438058996933,A0100,14.695197261064104,Trajectory
114.80000000000001,B1001,B0100,R-27ER,ACTIVE,3717.1361315438576,-2392.2431317043547,6229.550515743909,474.1990930709694,A0100,9.007607308335837,Trajectory
114.80000000000001,B1002,B0100,R-27ER,ACTIVE,9222.115406856052,-2243.3434023798072,6312.841330388426,568.9648891511922,A0100,14.514268597560159,Trajectory
115.0,B1001,B0100,R-27ER,ACTIVE,3623.543577421108,-2406.971097472767,6228.465266173209,473.22666067095207,A0100,8.84579717363255,Trajectory
115.0,B1002,B0100,R-27ER,ACTIVE,9109.771054567562,-2260.4197637410753,6310.982433277987,567.4085011799988,A0100,14.333634267107541,Trajectory
115.2,B1001,B0100,R-27ER,ACTIVE,3530.1327643162344,-2421.607727134034,6227.371272665568,472.2634995785881,A0100,8.684162396902417,Trajectory
115.2,B1002,B0100,R-27ER,ACTIVE,8997.701978491772,-2277.248299339719,6309.126153810747,565.8739797361291,A0100,14.153275416281376,Trajectory
115.4,B1001,B0100,R-27ER,ACTIVE,3436.902770334957,-2436.1596698924436,6226.266007073949,471.31206729234225,A0100,8.522718055541278,Trajectory
115.4,B1002,B0100,R-27ER,ACTIVE,8885.906083249041,-2293.839390430892,6307.271222052464,564.359388094575,A0100,13.97320531783199,Trajectory
115.60000000000001,B1001,B0100,R-27ER,ACTIVE,3343.8529469158793,-2450.6342588248185,6225.142618288166,470.3654436580262,A0100,8.36142966579227,Trajectory
115.60000000000001,B1002,B0100,R-27ER,ACTIVE,8774.381221714762,-2310.204900601949,6305.412924804736,562.8649599735288,A0100,13.793388321982503,Trajectory
115.80000000000001,B1001,B0100,R-27ER,ACTIVE,3250.9833104261584,-2465.035835392345,6223.992627029124,469.42570419860715,A0100,8.200301257346426,Trajectory
115.80000000000001,B1002,B0100,R-27ER,ACTIVE,8663.125464660108,-2326.3544762258025,6303.544743883217,561.3868004309921,A0100,13.613826046681208,Trajectory
116.0,B1001,B0100,R-27ER,ACTIVE,3158.291924961834,-2479.369610719318,6222.826479882656,468.50241608743,A0100,8.039346454190307,Trajectory
116.0,B1002,B0100,R-27ER,ACTIVE,8552.136757846478,-2342.2961866155647,6301.672693649171,559.9278935469619,A0100,13.434531243888692,Trajectory
116.2,B1001,B0100,R-27ER,ACTIVE,3065.776789265851,-2493.639005347214,6221.6576668931975,467.5864931644446,A0100,7.878549134394495,Trajectory
116.2,B1002,B0100,R-27ER,ACTIVE,8441.412788094616,-2358.039166267818,6299.80709155679,558.4844053815897,A0100,13.255487280266355,Trajectory
116.4,B1001,B0100,R-27ER,ACTIVE,2973.4372591617634,-2507.8479117271277,6220.504385083983,466.6738029496915,A0100,7.71792943945909,Trajectory
116.4,B1002,B0100,R-27ER,ACTIVE,8330.951788010076,-2373.5899365288474,6297.959513285534,557.0546243473202,A0100,13.076712847120765,Trajectory
116.60000000000001,B1001,B0100,R-27ER,ACTIVE,2881.2726193103626,-2522.0010898503424,6219.367609517577,465.7716482262428,A0100,7.557474647226884,Trajectory
116.60000000000001,B1002,B0100,R-27ER,ACTIVE,8220.751887874836,-2388.9572442646518,6296.131504734927,555.6421953871518,A0100,12.89819444234696,Trajectory
116.80000000000001,B1001,B0100,R-27ER,ACTIVE,2789.2821820527006,-2536.1042890587323,6218.248877508078,464.87462860001034,A0100,7.397201787393593,Trajectory
116.80000000000001,B1002,B0100,R-27ER,ACTIVE,8110.811163242417,-2404.149619697314,6294.324252279896,554.2450802839518,A0100,12.719947464876828,Trajectory
117.0,B1001,B0100,R-27ER,ACTIVE,2697.4649270644154,-2550.1604916577053,6217.143717934515,463.9879636598614,A0100,7.237094735080012,Trajectory
117.0,B1002,B0100,R-27ER,ACTIVE,8001.127795705491,-2419.174543576955,6292.533737810491,552.8639279522588,A0100,12.541955133458053,Trajectory
117.2,B1001,B0100,R-27ER,ACTIVE,2605.8199512426827,-2564.174997352886,6216.051114579418,463.1089944655632,A0100,7.077168865986684,Trajectory
117.2,B1002,B0100,R-27ER,ACTIVE,7891.699844491097,-2434.0404354602983,6290.758311416846,551.4993608086451,A0100,12.364231279829196,Trajectory
117.4,B1001,B0100,R-27ER,ACTIVE,2514.3460088827874,-2578.1535545124607,6214.963316918163,462.2421210890146,A0100,6.917406822230449,Trajectory
117.4,B1002,B0100,R-27ER,ACTIVE,7782.525354620146,-2448.7557003973006,6288.992808670951,550.1503254826513,A0100,12.186758082169147,Trajectory
117.60000000000001,B1001,B0100,R-27ER,ACTIVE,2423.042102259868,-2592.1011407967235,6213.878533943589,461.3818626618864,A0100,6.75782361525119,Trajectory
117.60000000000001,B1002,B0100,R-27ER,ACTIVE,7673.602301412541,-2463.329464323125,6287.235590780542,548.8186034636195,A0100,12.009548964252657,Trajectory
117.80000000000001,B1001,B0100,R-27ER,ACTIVE,2331.9084753411626,-2606.022196260147,6212.789192039212,460.5191515967468,A0100,6.598403201696565,Trajectory
117.80000000000001,B1002,B0100,R-27ER,ACTIVE,7564.928814848376,-2477.7690840901487,6285.482349786733,547.4999205801837,A0100,11.832586021045733,Trajectory
118.0,B1001,B0100,R-27ER,ACTIVE,2240.9456535562945,-2619.9212378339953,6211.693882661861,459.65811809588746,A0100,6.4391620931762334,Trajectory
118.0,B1002,B0100,R-27ER,ACTIVE,7456.50313076522,-2492.081572542311,6283.73107430623,546.1965525133364,A0100,11.655882959940783,Trajectory
118.2,B1001,B0100,R-27ER,ACTIVE,2150.155571317965,-2633.803488072839,6210.585148332813,458.78979068904766,A0100,6.280085793271961,Trajectory
118.2,B1002,B0100,R-27ER,ACTIVE,7348.323492318873,-2506.274246756528,6281.976596208446,544.905803921383,A0100,11.479421901354257,Trajectory
118.4,B1001,B0100,R-27ER,ACTIVE,2059.539304893188,-2647.6738142532367,6209.461683864603,457.92199661577706,A0100,6.121191360559821,Trajectory
118.4,B1002,B0100,R-27ER,ACTIVE,7240.388019504079,-2520.355064982696,6280.218507235913,543.6320458076563,A0100,11.303216425065168,Trajectory
118.60000000000001,B1001,B0100,R-27ER,ACTIVE,1969.098850098658,-2661.5365571809307,6208.314329362212,457.0417093102191,A0100,5.962447139522957,Trajectory
118.60000000000001,B1002,B0100,R-27ER,ACTIVE,7132.695188836575,-2534.331025595071,6278.449473932166,542.3673948874509,A0100,11.127231860133007,Trajectory
118.80000000000001,B1001,B0100,R-27ER,ACTIVE,1878.8367698674544,-2675.395398185915,6207.132220557865,456.1633848244314,A0100,5.803859452354656,Trajectory
118.80000000000001,B1002,B0100,R-27ER,ACTIVE,7025.243817044562,-2548.2092256804685,6276.661950643287,541.1174016355849,A0100,10.95147056223187,Trajectory
119.0,B1001,B0100,R-27ER,ACTIVE,1788.750532047178,-2689.252133849913,6205.930215074911,455.3030568096437,A0100,5.6454413691156695,Trajectory
119.0,B1002,B0100,R-27ER,ACTIVE,6918.031488549004,-2561.994792378674,6274.8657739818,539.8804455989939,A0100,10.775945019234916,Trajectory
119.2,B1001,B0100,R-27ER,ACTIVE,1698.8377295493917,-2703.10811179892,6204.726139920694,454.4461427848464,A0100,5.487176582707459,Trajectory
119.2,B1002,B0100,R-27ER,ACTIVE,6811.056266525033,-2575.690930516071,6273.071724360762,538.6526526957737,A0100,10.600639378944424,Trajectory
119.4,B1001,B0100,R-27ER,ACTIVE,1609.0990445547254,-2716.9647786631463,6203.544096137622,453.5802783238038,A0100,5.329086723630987,Trajectory
119.4,B1002,B0100,R-27ER,ACTIVE,6704.316772188856,-2589.3028726363486,6271.294754341251,537.4340597552712,A0100,10.425572854883432,Trajectory
119.60000000000001,B1001,B0100,R-27ER,ACTIVE,1519.5353028154223,-2730.823986536913,6202.389838666151,452.7178866632187,A0100,5.171161065042466,Trajectory
119.60000000000001,B1002,B0100,R-27ER,ACTIVE,6597.811487181865,-2602.836416523097,6269.536558803576,536.2270114176278,A0100,10.25073276076408,Trajectory
119.80000000000001,B1001,B0100,R-27ER,ACTIVE,1430.1468353203152,-2744.6886625496854,6201.263183763423,451.85463635272765,A0100,5.013417684088958,Trajectory
119.80000000000001,B1002,B0100,R-27ER,ACTIVE,6491.539018727165,-2616.29701648557,6267.798483752976,535.0311721637838,A0100,10.076135112124577,Trajectory
120.0,B1001,B0100,R-27ER,ACTIVE,1340.933608194224,-2758.562238256566,6200.155822846901,450.9967416598242,A0100,4.855841524287061,Trajectory
120.0,B1002,B0100,R-27ER,ACTIVE,6385.497712631533,-2629.6897056151606,6266.076519256352,533.8481910620335,A0100,9.901763600283102,Trajectory
120.2,B1001,B0100,R-27ER,ACTIVE,1251.8957177121442,-2772.4472468399376,6199.066377523089,450.1382756931404,A0100,4.698448988721844,Trajectory
120.2,B1002,B0100,R-27ER,ACTIVE,6279.685984995856,-2643.019356449348,6264.36910125913,532.6744234138874,A0100,9.72763249688394,Trajectory
120.4,B1001,B0100,R-27ER,ACTIVE,1163.033615204336,-2786.3472858198343,6197.9836032037565,449.28225876013596,A0100,4.541224603367944,Trajectory
120.4,B1002,B0100,R-27ER,ACTIVE,6174.102133247215,-2656.291712546393,6262.670016226052,531.5138950460602,A0100,9.553724510464116,Trajectory
120.60000000000001,B1001,B0100,R-27ER,ACTIVE,1074.3481575105172,-2800.2668103358424,6196.905395599292,448.42228536842345,A0100,4.384185167625394,Trajectory
120.60000000000001,B1002,B0100,R-27ER,ACTIVE,6068.744538131546,-2669.512055134617,6260.977118021636,530.3647987833657,A0100,9.380053562903697,Trajectory
120.80000000000001,B1001,B0100,R-27ER,ACTIVE,985.840634092421,-2814.2096852226664,6195.820097299405,447.5624709886008,A0100,4.227315759573793,Trajectory
120.80000000000001,B1002,B0100,R-27ER,ACTIVE,5963.611814068346,-2682.6861896078376,6259.284336737829,529.2263610029698,A0100,9.20660242593873,Trajectory
121.0,B1001,B0100,R-27ER,ACTIVE,897.511632957887,-2828.1791972703513,6194.7247143954555,446.69987375853293,A0100,4.070632929517964,Trajectory
121.0,B1002,B0100,R-27ER,ACTIVE,5858.702486006863,-2695.8191637988175,6257.5907350609,528.0970089511221,A0100,9.033385139448564,Trajectory
121.2,B1001,B0100,R-27ER,ACTIVE,809.3630589624472,-2842.18024227507,6193.609440279044,445.83354007798084,A0100,3.914122209200508,Trajectory
121.2,B1002,B0100,R-27ER,ACTIVE,5754.016408908947,-2708.916659221965,6255.88924899245,526.9708018418701,A0100,8.860385604330764,Trajectory
121.4,B1001,B0100,R-27ER,ACTIVE,721.395773888837,-2856.2165810137735,6192.4722099675755,444.96666521699353,A0100,3.757800434306784,Trajectory
121.4,B1002,B0100,R-27ER,ACTIVE,5649.552801750529,-2721.9834242983684,6254.179348399298,525.850733793509,A0100,8.687618584532046,Trajectory
121.60000000000001,B1001,B0100,R-27ER,ACTIVE,633.6118047561835,-2870.2922606972525,6191.299636456264,444.08838830011786,A0100,3.6016358872821006,Trajectory
121.60000000000001,B1002,B0100,R-27ER,ACTIVE,5545.313003277502,-2735.023768379525,6252.452607434533,524.7186853885881,A0100,8.51505235359846,Trajectory
121.80000000000001,B1001,B0100,R-27ER,ACTIVE,546.0129173490382,-2884.4082593009093,6190.076832827811,443.21727666846635,A0100,3.4456339419814035,Trajectory
121.80000000000001,B1002,B0100,R-27ER,ACTIVE,5441.299070321031,-2748.041159620719,6250.700273658974,523.5905763721189,A0100,8.342692448182992,Trajectory
122.0,B1001,B0100,R-27ER,ACTIVE,458.5950731737604,-2898.562683074395,6188.828493096572,442.36459474887926,A0100,3.289806354958039,Trajectory
122.0,B1002,B0100,R-27ER,ACTIVE,5337.508263687336,-2761.039127615085,6248.933534415523,522.4849377649136,A0100,8.170551066238122,Trajectory
122.2,B1001,B0100,R-27ER,ACTIVE,371.3554703083085,-2912.7547273394025,6187.585411430794,441.5143404938061,A0100,3.13413668082642,Trajectory
122.2,B1002,B0100,R-27ER,ACTIVE,5233.9372595859195,-2774.0196688154456,6247.168004059277,521.3848428498916,A0100,7.998611136994816,Trajectory
122.4,B1001,B0100,R-27ER,ACTIVE,284.295011793407,-2926.9834764832444,6186.386705256253,440.6515459536258,A0100,2.97864702846135,Trajectory
122.4,B1002,B0100,R-27ER,ACTIVE,5130.5868827766035,-2786.984796757767,6245.4219512942,520.2743306396221,A0100,7.826894249678584,Trajectory
122.60000000000001,B1001,B0100,R-27ER,ACTIVE,197.4141058804529,-2941.249684916322,6185.235629339786,439.79482476350637,A0100,2.8233264201525103,Trajectory
122.60000000000001,B1002,B0100,R-27ER,ACTIVE,5027.457579144806,-2799.9364088059033,6243.698790082441,519.1690509479911,A0100,7.655390013134182,Trajectory
122.80000000000001,B1001,B0100,R-27ER,ACTIVE,110.71336068787178,-2955.5553662539423,6184.135528153319,438.9365597488645,A0100,2.66819323070836,Trajectory
122.80000000000001,B1002,B0100,R-27ER,ACTIVE,4924.549993818611,-2812.878972209833,6242.000288047666,518.0636240631085,A0100,7.484116481683219,Trajectory
123.0,B1001,B0100,R-27ER,ACTIVE,24.191505769686998,-2969.9020351298495,6183.067289876577,438.0896387323053,A0100,2.513231208288939,Trajectory
123.0,B1002,B0100,R-27ER,ACTIVE,4821.8631183339985,-2825.814891401916,6240.318535997451,516.9658729507843,A0100,7.313058125850725,Trajectory
123.2,B1001,B0100,R-27ER,ACTIVE,-62.151211646273396,-2984.29307603713,6182.027151679058,437.2411309399344,A0100,2.3584568040916536,Trajectory
123.2,B1002,B0100,R-27ER,ACTIVE,4719.396944749111,-2838.7473816904408,6238.652871371548,515.8691941707385,A0100,7.142230822865839,Trajectory
123.4,B1001,B0100,R-27ER,ACTIVE,-148.31482959517308,-2998.7306526682287,6180.993870922017,436.3970632176806,A0100,2.2038540574029444,Trajectory
123.4,B1002,B0100,R-27ER,ACTIVE,4617.151277881447,-2851.679393788883,6236.994355988176,514.7754056561797,A0100,6.971618915433559,Trajectory
123.60000000000001,B1001,B0100,R-27ER,ACTIVE,-234.29840820317355,-3013.219289898438,6179.962907787689,435.5503308190781,A0100,2.049439820604583,Trajectory
123.60000000000001,B1002,B0100,R-27ER,ACTIVE,4515.126602519501,-2864.6150905026097,6235.341584398361,513.6806703268678,A0100,6.801238462983228,Trajectory
123.80000000000001,B1001,B0100,R-27ER,ACTIVE,-320.10063105090734,-3027.7613111175656,6178.912482583928,434.7005852316457,A0100,1.8951991808453101,Trajectory
123.80000000000001,B1002,B0100,R-27ER,ACTIVE,4413.323713807598,-2877.558132609777,6233.686354770771,512.5861187636756,A0100,6.631074497758286,Trajectory
124.0,B1001,B0100,R-27ER,ACTIVE,-405.7203918070476,-3042.3612461143193,6177.84046708265,433.84943909912806,A0100,1.741149164197345,Trajectory
124.0,B1002,B0100,R-27ER,ACTIVE,4311.743127836483,-2890.5126307165565,6232.028744341943,511.48994074242756,A0100,6.461143098242029,Trajectory
124.2,B1001,B0100,R-27ER,ACTIVE,-491.1554872296858,-3057.0215045729096,6176.724774186205,432.98978249442257,A0100,1.5872755941414731,Trajectory
124.2,B1002,B0100,R-27ER,ACTIVE,4210.38580292504,-2903.481820203297,6230.359807264078,510.3908789100085,A0100,6.291429341961802,Trajectory
124.4,B1001,B0100,R-27ER,ACTIVE,-576.4044177821444,-3071.748615678329,6175.567716612276,432.13060971809034,A0100,1.4335958635823445,Trajectory
124.4,B1002,B0100,R-27ER,ACTIVE,4109.252774644814,-2916.470585997382,6228.677447990519,509.2925141440826,A0100,6.12194980649281,Trajectory
124.60000000000001,B1001,B0100,R-27ER,ACTIVE,-661.4634231203243,-3086.5453466587273,6174.338197580856,431.24244552631126,A0100,1.2800797223025424,Trajectory
124.60000000000001,B1002,B0100,R-27ER,ACTIVE,4008.3455009234353,-2929.482654153257,6226.971278236753,508.1852714883104,A0100,5.952672737766842,Trajectory
124.80000000000001,B1001,B0100,R-27ER,ACTIVE,-746.3290164034142,-3101.407933734174,6173.004478531966,430.3754142295153,A0100,1.1267341952639482,Trajectory
124.80000000000001,B1002,B0100,R-27ER,ACTIVE,3907.6653406974897,-2942.5193287854217,6225.22953755357,507.08360654383443,A0100,5.783602866123253,Trajectory
125.0,B1001,B0100,R-27ER,ACTIVE,-831.0137034807246,-3116.3277260826767,6171.649378675154,429.5518439942662,A0100,0.9735634502410254,Trajectory
125.0,B1002,B0100,R-27ER,ACTIVE,3807.2092212628604,-2955.5804929242754,6223.468868269003,505.9965228798804,A0100,5.614752297084,Trajectory
125.2,B1001,B0100,R-27ER,ACTIVE,-915.520989321897,-3131.296475662464,6170.361449926629,428.6794302564869,A0100,0.8205512736676779,Trajectory
125.2,B1002,B0100,R-27ER,ACTIVE,3706.974884987095,-2968.6668544148365,6221.7100326147765,504.9146885822852,A0100,5.446105161410499,Trajectory
125.4,B1001,B0100,R-27ER,ACTIVE,-999.836927553426,-3146.3061349832706,6169.251069096778,427.7416791170743,A0100,0.6677338121792247,Trajectory
125.4,B1002,B0100,R-27ER,ACTIVE,3606.9625702687053,-2981.7796399533404,6219.98018549692,503.82633205909485,A0100,5.277682615007332,Trajectory
125.60000000000001,B1001,B0100,R-27ER,ACTIVE,-1083.9651346221729,-3161.356086371561,6168.282256592593,426.8738238264258,A0100,0.515095788363895,Trajectory
125.60000000000001,B1002,B0100,R-27ER,ACTIVE,3507.1722751801935,-2994.920095298602,6218.281804592351,502.7437146845431,A0100,5.109473859959961,Trajectory
125.80000000000001,B1001,B0100,R-27ER,ACTIVE,-1167.9093137010555,-3176.4474228257254,6167.433993265666,426.01948004338624,A0100,0.36265119307870824,Trajectory
125.80000000000001,B1002,B0100,R-27ER,ACTIVE,3407.604036533687,-3008.089922908609,6216.61790706897,501.6599842144732,A0100,4.94149644276145,Trajectory
126.0,B1001,B0100,R-27ER,ACTIVE,-1251.6790312956193,-3191.57433266409,6166.581268604106,425.20643687424536,A0100,0.21037537648396185,Trajectory
126.0,B1002,B0100,R-27ER,ACTIVE,3308.257499226773,-3021.2918922436534,6214.977947552047,500.5836967515261,A0100,4.773735407510504,Trajectory
126.2,B1001,B0100,R-27ER,ACTIVE,-1335.278998998114,-3206.7201815661633,6165.735848471216,424.3381164349123,A0100,0.05828511138493549,Trajectory
126.2,B1002,B0100,R-27ER,ACTIVE,3209.1322121037,-3034.5277291911298,6213.359507784826,499.50867868038017,A0100,4.606206264802625,Trajectory
