Time_s,Agent_ID,X_m,Y_m,Z_m,Velocity_m_s,Heading_deg,Pitch_deg,Roll_deg,Action_Type
0.0,A0100,-44585.73503398639,0.0017141581956821028,9844.39867296003,249.9455899798032,0.07260931819816845,0.4454100623803631,1.7513940771223453,accelerate
0.2,A0100,-44535.77000258413,0.019779951147938846,9844.405035189855,249.40223729806235,359.8853807920537,1.9637854653342848,2.268459090511643,accelerate
0.4,A0100,-44485.89410630614,0.043252505998680135,9844.50629778328,248.6899640912278,359.85115230186744,3.439458553444287,1.39584990962595,accelerate
0.6000000000000001,A0100,-44436.078633349854,0.08011852437630296,9844.670023381646,248.04603219834198,359.9934469832714,4.6893084164156305,4.999435622364322,accelerate
0.8,A0100,-44386.34135505112,0.16374009470746387,9845.006990442522,247.48411106341314,359.8282459783202,5.00189100596894,6.408451189740287,accelerate
1.0,A0100,-44336.74946147675,0.29434640598265105,9845.658907384248,247.40083503782472,359.26019603308816,2.422617400594703,0.6523865849512699,accelerate
1.2000000000000002,A0100,-44287.31595571746,0.39898333413657383,9846.519159853093,246.80672692879457,359.39040049478075,-0.980437524336864,-5.251574734166636,accelerate
1.4000000000000001,A0100,-44237.9351938822,0.4858027644258982,9847.074011392453,246.50762674211197,359.92253229658525,-3.7046286476901775,-2.9189378545400055,accelerate
1.6,A0100,-44188.576262806135,0.5895997397674364,9847.026101828935,246.12276839834664,359.79868284722914,-3.854824785226925,-1.4523535382743034,accelerate
1.8,A0100,-44139.32042147386,0.6761689185259456,9846.644941883418,246.15747984819464,359.69275511302527,-0.7847374969315972,-1.8432700800094677,accelerate
2.0,A0100,-44090.09690477455,0.7541100973867287,9846.098174413639,245.38815073587872,359.77172540058785,3.2838915596846774,2.0044914612046205,accelerate
2.2,A0100,-44040.9135130532,0.8497227204788942,9845.759907861026,243.69436651935084,359.7341353700399,6.800712514415834,3.4819463385683838,accelerate
2.4000000000000004,A0100,-43991.846203547415,0.9732847636805673,9846.029742494398,242.26354200014433,359.73842752764523,8.90791587373011,1.4428131899357535,accelerate
2.6,A0100,-43942.89645717283,1.110607967057149,9846.841058196145,242.21412665727917,359.77481959468287,8.67097425220585,0.9377120032249229,accelerate
2.8000000000000003,A0100,-43894.0424519435,1.2542798368958756,9848.027389532108,243.41931469301576,359.7177260114356,5.774875555590534,1.039286739698221,accelerate
3.0,A0100,-43845.220438551376,1.3983152888940822,9849.314009517504,244.11003507892212,359.62326521408204,2.338475875219301,1.3737229364309318,accelerate
3.2,A0100,-43796.3789166409,1.5346295395866036,9850.352722541556,244.27475228562017,359.5960678999181,-1.1439858635620161,3.504651524920027,accelerate
3.4000000000000004,A0100,-43747.498032828466,1.6610068013069395,9850.83401241254,243.81204798380892,359.2238273009927,-3.8181649624626424,4.7018450173753825,accelerate
3.6,A0100,-43698.66480221294,1.7659422968063154,9850.911173349265,243.76620659665673,358.9525010358061,-2.9094336140779604,0.5211881845656915,accelerate
3.8000000000000003,A0100,-43649.85392846414,1.8418469098905916,9850.757574092408,244.05197045710992,359.11207833520797,0.6094783077525516,-1.2080902089135181,accelerate
4.0,A0100,-43601.00900918042,1.9041416022773774,9850.564098231765,243.24609166648094,359.06237351319237,4.6054731476698665,-1.033933538203908,accelerate
4.2,A0100,-43552.18024912208,1.9277975434306427,9850.749894504474,242.07491503582688,359.0777847603778,7.361681034704234,-1.6269686228605893,accelerate
4.4,A0100,-43503.38675222127,1.9261872584102093,9851.331523568628,242.00689785088542,359.15249368823663,7.502703825542763,0.5341546892818523,accelerate
4.6000000000000005,A0100,-43454.642752624786,1.9146127212734427,9852.257045484224,243.14660102446652,359.1047371948379,4.713608467565213,1.6772160373423786,accelerate
4.800000000000001,A0100,-43405.89827488151,1.8963542195378977,9853.242002064853,243.76622414650782,359.0129340375918,1.301209569439388,2.565511228821047,accelerate
5.0,A0100,-43357.142039035425,1.8675805855928047,9854.02598030001,243.45209322657118,358.72825385312336,-2.1593363167724404,1.3749704857059573,accelerate
5.2,A0100,-43308.409891980526,1.807232590563217,9854.430625264267,242.805324095371,358.8128482236422,-4.813981525468224,0.6946253517961448,accelerate
5.4,A0100,-43259.70676260279,1.7298075912185595,9854.251966494854,243.03716894279162,358.84009393678537,-3.8616415251721548,1.3759023640575034,accelerate
5.6000000000000005,A0100,-43211.03975225934,1.627956675420137,9853.835720424497,243.24998990453028,358.7152614748426,-0.4089799339716433,-2.58986240506259,accelerate
5.800000000000001,A0100,-43162.37487324291,1.4812837852878147,9853.483618079525,242.6496896952076,358.72333201369077,3.6515684525640077,-4.115369329689601,accelerate
6.0,A0100,-43113.67945538357,1.2950119873858057,9853.32172483532,241.35956712986552,358.7775270242268,7.1703176274101805,-0.3276874504640053,accelerate
6.2,A0100,-43065.01048350021,1.0941245494504983,9853.618914942257,240.2035940132231,358.79878748030785,9.14583973344948,3.294010324720366,accelerate
6.4,A0100,-43016.435427994096,0.9106972662484623,9854.464868257173,241.2581710940643,358.69224970203265,7.191273659878078,4.837622519078878,accelerate
6.6000000000000005,A0100,-42967.906584908065,0.7532041852209659,9855.639127186709,242.24981260724826,358.33611374838995,3.8879328490960883,3.288211661742145,accelerate
6.800000000000001,A0100,-42919.42038520015,0.5827672384111793,9856.967308720788,242.4034842450757,358.2276477333821,0.3843151967394681,-0.4602403052284384,accelerate
7.0,A0100,-42870.91264600455,0.3802891630366503,9857.942087425745,242.2231137145081,358.54718689801706,-3.0272704566741924,0.9892023002782084,accelerate
7.2,A0100,-42822.37292368093,0.159711585547484,9858.209855016483,241.59734100242557,358.4738157289826,-5.545201346997819,2.75171213454049,accelerate
7.4,A0100,-42773.89359524827,-0.09365084648379707,9857.952779018275,241.70224511794976,358.32357863784443,-4.570452404489655,-0.7930681880200351,accelerate
7.6000000000000005,A0100,-42725.44411402028,-0.38251022288022796,9857.361919219553,242.3075854996566,358.4915840249949,-1.2151824302827,-2.011285029441409,accelerate
7.800000000000001,A0100,-42676.948464353896,-0.6903543468179123,9856.579857331531,241.9730939748344,358.73359852840906,2.8767065210297114,2.2247278163034983,accelerate
8.0,A0100,-42628.422195977604,-0.9889851041298243,9855.99857471682,240.61617446550363,358.82595879839255,6.477863110110953,4.3269006118817845,accelerate
8.200000000000001,A0100,-42579.94865445474,-1.256679171910946,9856.01955704635,239.44127281935235,358.92907278822804,8.555944087532275,2.779398896475373,accelerate
8.4,A0100,-42531.542767326566,-1.504636028130335,9856.502661204073,240.4334521845648,358.96391540862146,6.7845303448853285,2.5829970446105563,accelerate
8.6,A0100,-42483.156403851826,-1.7406216068266076,9857.229349522831,241.61952874048757,358.8802113491785,3.558800743690418,3.0411904407908907,accelerate
8.8,A0100,-42434.75396829611,-1.9759634765287046,9857.915713766113,242.06640193655022,358.72225951913543,0.11728764889320507,3.8189595067630466,accelerate
9.0,A0100,-42386.34053684932,-2.2212695874368364,9858.338220437452,241.6244982076103,358.3929292540593,-2.7689063096583424,2.6478685418645767,accelerate
9.200000000000001,A0100,-42337.985096464465,-2.4929615792316326,9858.51940351131,241.45740728609664,358.22803943476293,-2.1197392973946747,-1.8718562604998585,accelerate
9.4,A0100,-42289.650800631636,-2.806654032836377,9858.537920482599,241.58502375882608,358.33189206360936,1.3819735153869532,-3.388744175376433,accelerate
9.600000000000001,A0100,-42241.27332910778,-3.1505086469769594,9858.51665756815,240.77669674861573,358.48427873269793,5.32045836123153,0.6785237268027389,accelerate
9.8,A0100,-42192.893742910994,-3.5004716436560557,9858.794748930977,239.54802784218265,358.5953715419773,7.922110925548423,4.547042306290075,accelerate
10.0,A0100,-42144.58430303651,-3.82096971545252,9859.548201708238,240.00314357138288,358.5332685468407,6.929440396114674,6.24619918799009,accelerate
10.200000000000001,A0100,-42096.32015179166,-4.103370378881664,9860.60930943265,240.8824703065988,358.13485231814076,3.901189038355634,4.833589982943245,accelerate
10.4,A0100,-42048.09924569276,-4.386162423434143,9861.832345644829,241.0576455846891,357.94856133374014,0.46566999131686154,1.2497873635579217,accelerate
10.600000000000001,A0100,-41999.85691261792,-4.702089261645597,9862.71853784639,240.91339619674483,358.18056615166194,-2.957567992613385,2.7995313630895127,accelerate
10.8,A0100,-41951.58232584276,-5.047793540965358,9862.91341142678,240.29180242025575,358.04051895632654,-5.519607557693848,4.72221009917388,accelerate
11.0,A0100,-41903.367972752836,-5.431759945131489,9862.595302257216,240.3547582436925,357.9258672267885,-4.643100067211716,1.3682966477651217,accelerate
11.200000000000001,A0100,-41855.18516391094,-5.85124140507105,9861.946403594162,240.9709096594376,358.2277344109813,-1.3712198774697786,0.2558637339313585,accelerate
11.4,A0100,-41806.968202359705,-6.283520562985359,9861.150885794763,240.54539196272182,358.3342672089143,2.698177347934693,0.9239755171570109,accelerate
11.600000000000001,A0100,-41758.747560975964,-6.737242369712476,9860.664366546893,239.24602860818123,358.3613286375438,6.346101868561972,-0.8698751406922537,accelerate
11.8,A0100,-41710.53756481762,-7.216829531505937,9860.58555386895,238.0904395484184,358.5422039724947,8.582041607651458,0.47452799607216173,accelerate
12.0,A0100,-41662.297572010306,-7.706276692904794,9860.780433736489,239.76290527096026,358.9442308749246,6.942980624826841,6.600299052517808,accelerate
12.200000000000001,A0100,-41613.87422677222,-8.17442818930067,9860.908720467456,241.71693778950024,359.45279110495176,4.730329470651845,19.52786018724122,accelerate
12.4,A0100,-41565.22610094011,-8.602006183933554,9860.799907365064,242.9922717214627,0.2176966805068672,4.075412750071629,38.76252019542327,accelerate
12.600000000000001,A0100,-41516.33934964519,-8.99388814411941,9860.402613834163,244.20154226267618,1.064215779216418,3.5413373602222444,62.93161095493406,accelerate
12.8,A0100,-41467.2093553601,-9.380406731637777,9859.692892783209,245.51189010205033,1.775169470899502,2.6590288719069473,91.16956518040942,accelerate
13.0,A0100,-41417.830240063624,-9.832046565512428,9858.687426319204,246.96314512051458,2.124232385771585,1.4587403400610865,123.02364042538814,accelerate
13.200000000000001,A0100,-41368.195494025225,-10.390735566652438,9857.48328603073,248.4722442911296,1.9960320489191028,0.19032332729314821,157.64634470381526,accelerate
13.4,A0100,-41318.31399384016,-10.972012876598455,9856.179340537465,249.90992465434627,1.4395583746289213,-0.8256550574790686,-166.79346628679914,accelerate
13.600000000000001,A0100,-41268.18976811419,-11.418371144281991,9854.79793105903,251.29405336335338,0.6471810809197842,-1.4383948703603067,-131.81259829731528,accelerate
13.8,A0100,-41217.81569271544,-11.596682402254373,9853.231215801345,252.63574932442776,359.8120271774601,-1.646422713845285,-98.32741671449944,accelerate
14.0,A0100,-41167.18931994013,-11.529886229320255,9851.309249173686,253.86490064733394,359.12534506035814,-1.4925456719870644,-66.79755730553191,accelerate
14.200000000000001,A0100,-41116.321190480056,-11.354236771599972,9848.955948119601,255.00287491314808,358.833707392474,-1.107201745924671,-36.77198087070198,accelerate
