Time_s,Missile_ID,Launcher_ID,Target_ID,X_m,Y_m,Z_m,Velocity_m_s,Status,Data_Type,Range_to_Target_km
121.2,A2001,A0200,B0100,-17520.50038734163,143.97779389498828,7812.562165845417,400.0,BOOST,Trajectory,44.95199129925927
121.4,A2001,A0200,B0100,-17439.130380023227,141.48672268479908,7816.753711899628,416.76605849956917,BOOST,Trajectory,44.85796902907508
121.60000000000001,A2001,A0200,B0100,-17354.40147156976,138.90654073900205,7821.386622431772,433.5970000894981,BOOST,Trajectory,44.76085718025559
121.80000000000001,A2001,A0200,B0100,-17266.287096726952,136.29852202800637,7825.893403252237,450.5064022290078,BOOST,Trajectory,44.66057531134209
122.0,A2001,A0200,B0100,-17174.772313868867,133.664388640734,7830.267329352422,467.49348167242107,BOOST,Trajectory,44.55712521989426
122.2,A2001,A0200,B0100,-17079.84230723109,131.00582550497586,7834.501871855096,484.557457688933,BOOST,Trajectory,44.45050305736292
122.4,A2001,A0200,B0100,-16981.48238978176,128.32448431913502,7838.590679214038,501.69754815040636,BOOST,Trajectory,44.340703442490515
122.60000000000001,A2001,A0200,B0100,-16879.67800648708,125.6219870044602,7842.527560630347,518.9129660289078,BOOST,Trajectory,44.22772010951426
122.60000000000001,A1001,A0100,B0100,-17189.145077553923,-418.71764117423555,7809.941530606445,417.0415463010382,BOOST,Trajectory,44.54281168758367
122.80000000000001,A2001,A0200,B0100,-16774.414737938376,122.89992895899158,7846.306471420955,536.202916272398,BOOST,Trajectory,44.11154511437897
122.80000000000001,A1001,A0100,B0100,-17104.30812038617,-421.46023098777005,7805.950400869409,434.14729952281965,BOOST,Trajectory,44.445874232283124
123.0,A2001,A0200,B0100,-16665.67830431187,120.15988222031594,7849.921500131031,553.5665930097344,BOOST,Trajectory,43.9921594342664
123.0,A1001,A0100,B0100,-17016.05279877394,-424.212086676109,7801.643529814538,451.3290691181606,BOOST,Trajectory,44.34574453019185
123.2,A2001,A0200,B0100,-16553.454569636862,117.40339827356767,7853.366857174161,571.0031770863814,BOOST,Trajectory,43.8695293259871
123.2,A1001,A0100,B0100,-16924.36448003638,-426.9708699416165,7797.016107797774,468.5861386138894,BOOST,Trajectory,44.24238783875188
123.2,A2002,A0200,B0100,-17064.09863440364,132.92659102283133,7809.660969453928,416.968120333257,BOOST,Trajectory,44.36775344982993
123.4,A2001,A0200,B0100,-16437.72954634617,114.63201040186667,7856.63686484056,588.5118338183014,BOOST,Trajectory,43.743622155317354
123.4,A1001,A0100,B0100,-16829.228661267545,-429.73430240041165,7792.0634357527715,485.9177721529137,BOOST,Trajectory,44.13577051933158
123.4,A2002,A0200,B0100,-16979.20822240163,130.06067274580002,7808.080275243098,433.9989366171624,BOOST,Trajectory,44.27152654761562
123.60000000000001,A2001,A0200,B0100,-16318.489400092014,111.8472358798891,7859.72594853786,606.0917109536288,BOOST,Trajectory,43.614396350761545
123.60000000000001,A1001,A0100,B0100,-16730.630974897354,-432.50015920062367,7786.780916613477,503.32321179964487,BOOST,Trajectory,44.02585061827649
123.60000000000001,A2002,A0200,B0100,-16890.90827728517,127.1649179839998,7806.234225122283,451.10656014031207,BOOST,Trajectory,44.172058441553155
123.80000000000001,A2001,A0200,B0100,-16195.720454724466,109.05057936521887,7862.628630009152,623.7419375086521,BOOST,Trajectory,43.48181453827089
123.80000000000001,A1001,A0100,B0100,-16628.55719448769,-435.2662619950076,7781.164048955818,520.8016751834466,BOOST,Trajectory,43.912590686981645
123.80000000000001,A2002,A0200,B0100,-16799.184060534208,124.24125816986678,7804.117380658201,468.2902532605875,BOOST,Trajectory,44.06931044320032
124.0,A2001,A0200,B0100,-16069.409197457839,106.24353659403592,7865.339521700935,641.4616210801643,BOOST,Trajectory,43.3458784626341
124.0,A1001,A0100,B0100,-16522.993240822525,-438.0304720716441,7775.208421981721,538.3523528909594,BOOST,Trajectory,43.79599155880128
124.0,A2002,A0200,B0100,-16704.020962809158,121.29158023256501,7801.724448222608,485.5492658261166,BOOST,Trajectory,43.96328282879598
124.2,A2001,A0200,B0100,-15939.542284499481,103.42759634864463,7867.853320200104,659.2498452227524,BOOST,Trajectory,43.20656855756725
124.2,A1001,A0100,B0100,-16413.92518852771,-440.79068559322786,7768.909709745963,555.9744059701926,BOOST,Trajectory,43.67603253964176
124.2,A2002,A0200,B0100,-16605.404508602278,118.31773212445137,7799.050266970966,502.882831676361,BOOST,Trajectory,43.85395450921136
124.4,A2001,A0200,B0100,-15806.106546999474,100.60424174887476,7870.164800007927,677.1056681538861,BOOST,Trajectory,43.063810017802496
124.4,A1001,A0100,B0100,-16301.339273048095,-443.5448298322533,7762.263665841984,573.6669641774406,BOOST,Trajectory,43.5526384381883
124.4,A2002,A0200,B0100,-16503.320361309517,115.32152721542842,7796.089798043099,520.290166168191,BOOST,Trajectory,43.7412493805526
124.60000000000001,A2001,A0200,B0100,-15669.08899694272,97.7749527212736,7872.268810108859,695.0281233418751,BOOST,Trajectory,42.91753658823754
124.60000000000001,A1001,A0100,B0100,-16185.221897610782,-446.2908585154621,7755.266120938412,591.4291249070341,BOOST,Trajectory,43.42574312523162
124.60000000000001,A2002,A0200,B0100,-16397.754328356736,112.3047494481755,7792.838117250212,537.7704648825073,BOOST,Trajectory,43.62509987791409
124.60000000000001,A1002,A0100,B0100,-16772.18392471893,-427.0489241368201,7805.559391309402,417.05598239226634,BOOST,Trajectory,44.01258472711102
124.80000000000001,A2001,A0200,B0100,-15528.476833274677,94.94120950948862,7874.160270712373,713.0162144349251,BOOST,Trajectory,42.76772792599301
124.80000000000001,A1001,A0100,B0100,-16065.559640583977,-449.02674638747266,7747.912980575072,609.259948853817,BOOST,Trajectory,43.29532565944639
124.80000000000001,A2002,A0200,B0100,-16288.692366678733,109.26915918436487,7789.2904085595455,555.3228989006581,BOOST,Trajectory,43.5054838339316
124.80000000000001,A1002,A0100,B0100,-16687.34316208339,-428.69468509985404,7800.989228915879,434.1809157786453,BOOST,Trajectory,43.91691368271367
125.0,A2001,A0200,B0100,-15384.257448946308,92.10449582412541,7875.8341669172,731.068911385555,BOOST,Trajectory,42.614366300493046
125.0,A1001,A0100,B0100,-15942.339263863445,-451.75048435413504,7740.200220019779,627.158456342665,BOOST,Trajectory,43.1613677626067
125.0,A2002,A0200,B0100,-16176.120589127739,106.2164984137086,7785.441955099401,572.946610922517,BOOST,Trajectory,43.38238152715248
125.0,A1002,A0100,B0100,-16599.082666084807,-430.32029981192096,7796.083479837026,451.3819075732734,BOOST,Trajectory,43.817836895363016
125.2,A2001,A0200,B0100,-15236.418438512339,89.26630224287446,7877.285541786109,749.1851474071357,BOOST,Trajectory,42.45745880164808
125.2,A1001,A0100,B0100,-15815.547721888628,-454.4600745698361,7732.123878609324,645.1236243660495,BOOST,Trajectory,43.02387486466699
125.2,A2002,A0200,B0100,-16060.025271467863,103.14849596210172,7781.28813003806,590.6407120761522,BOOST,Trajectory,43.255797563982426
125.2,A1002,A0100,B0100,-16507.387815035036,-431.9235479926139,7790.837387995494,468.65823811028355,BOOST,Trajectory,43.71535779506065
125.4,A2001,A0200,B0100,-15084.94760655994,86.42812801951783,7878.509487123817,767.3638140454368,BOOST,Trajectory,42.29701663905025
125.4,A1001,A0100,B0100,-15685.172171513492,-457.15352726588924,7723.68005188438,663.1543829620036,BOOST,Trajectory,42.8828559797261
125.4,A2002,A0200,B0100,-15940.392860196702,100.06687092650776,7776.824385602414,608.404277767022,BOOST,Trajectory,43.12574050374597
125.4,A1002,A0100,B0100,-16412.244117361126,-433.5022503128801,7785.246310527743,486.00916360721357,BOOST,Trajectory,43.60948332158023
125.60000000000001,A2001,A0200,B0100,-14929.832976564001,83.59148196101965,7879.501134865596,785.6037630911652,BOOST,Trajectory,42.133025996407
125.60000000000001,A1001,A0100,B0100,-15551.199982240052,-459.8288586505331,7714.864884354643,681.2496155699816,BOOST,Trajectory,42.7382959870424
125.60000000000001,A2002,A0200,B0100,-15817.209980779917,96.97333500703078,7772.046243021605,626.2363479757412,BOOST,Trajectory,42.9921943774322
125.60000000000001,A1002,A0100,B0100,-16313.63721838231,-435.0542631398638,7779.305703864518,503.4339149919169,BOOST,Trajectory,43.50019629176842
125.80000000000001,A2001,A0200,B0100,-14771.062799311807,80.75788384914776,7880.2556525521195,803.903807341885,BOOST,Trajectory,41.965477771951136
125.80000000000001,A1001,A0100,B0100,-15413.61874606129,-462.484088403716,7705.674566280672,699.4081588001144,BOOST,Trajectory,42.59018439296093
125.80000000000001,A2002,A0200,B0100,-15690.463445572774,93.86959520567167,7766.949286737098,644.1359269135635,BOOST,Trajectory,42.85514798074052
125.80000000000001,A1002,A0100,B0100,-16211.552906898121,-436.57747333231856,7773.011114633009,520.9316964841132,BOOST,Trajectory,43.38748410542418
126.0,A2001,A0200,B0100,-14608.625561363802,77.9288654528763,7880.768240103958,822.2627196599157,BOOST,Trajectory,41.794369351434376
126.0,A1001,A0100,B0100,-15272.4162873831,-465.1172376942464,7696.10533174437,717.6288010970429,BOOST,Trajectory,42.43851718227443
126.0,A2002,A0200,B0100,-15560.140261844635,90.75735598095179,7761.529160124289,662.1019815880225,BOOST,Trajectory,42.714596605711556
126.0,A1002,A0100,B0100,-16105.977121932332,-438.06979392809274,7766.35817256142,538.5016835647255,BOOST,Trajectory,43.271340578357375
126.2,A2001,A0200,B0100,-14442.509993701447,75.1059713030749,7881.034127216323,840.6792316889106,BOOST,Trajectory,41.61970609446412
126.2,A1001,A0100,B0100,-15127.580673183847,-467.7263275375771,7686.153457344825,735.9102810907211,BOOST,Trajectory,42.28329832643543
126.2,A2002,A0200,B0100,-15426.227640034498,87.63832104474979,7755.781562032499,680.1334401399504,BOOST,Trajectory,42.57054349781472
126.2,A1002,A0100,B0100,-15996.895959734851,-439.5291604877359,7759.342584619618,556.1430208697544,BOOST,Trajectory,43.1517674377304
126.2,B1001,B0100,A0200,26578.137710393345,1199.8485948195707,1181.5120737549087,263.64364842028857,BOOST,Trajectory,43.576015605637444
126.4,A2001,A0200,B0100,-14272.70508061493,72.29075938289205,7881.048571136658,859.1520323641697,BOOST,Trajectory,41.44149975161047
126.4,A1001,A0100,B0100,-14979.100223474843,-470.3093773320805,7675.815261286619,754.2512857667357,BOOST,Trajectory,42.12453819609628
126.4,A2002,A0200,B0100,-15288.71300228376,84.51419496691824,7749.702243884917,698.2291900530832,BOOST,Trajectory,42.4229982553578
126.4,A1002,A0100,B0100,-15884.295681077485,-440.95352788694436,7751.960130072978,573.8548200678883,BOOST,Trajectory,43.02877272634625
126.4,B1001,B0100,A0200,26524.79688840858,1198.5141456861957,1189.708479352085,277.34014717228985,BOOST,Trajectory,43.48099348271144
126.60000000000001,A2001,A0200,B0100,-14099.200068863625,69.48480177403049,7880.806854688653,877.6797663245662,BOOST,Trajectory,41.25976189364645
126.60000000000001,A1001,A0100,B0100,-14826.963522098036,-472.8644035236712,7665.087102726449,772.6504485628458,BOOST,Trajectory,41.96224696610093
126.60000000000001,A2002,A0200,B0100,-15147.58399127395,81.38668464003847,7743.287007182755,716.3880763191806,BOOST,Trajectory,42.27197025163676
126.60000000000001,A1002,A0100,B0100,-15768.162718863714,-442.34086746859674,7744.206656239918,591.6361577716851,BOOST,Trajectory,42.90236420440966
126.60000000000001,B1001,B0100,A0200,26468.744742711082,1197.1117604163478,1198.3218972447585,291.08818941416314,BOOST,Trajectory,43.38311358250399
126.80000000000001,A2001,A0200,B0100,-13921.984477124734,66.68968521723593,7880.3042844762795,896.2610323035667,BOOST,Trajectory,41.074497971346595
126.80000000000001,A1001,A0100,B0100,-14671.159427874547,-475.3894184286135,7653.96538131315,791.1063474698939,BOOST,Trajectory,41.79642865901745
126.80000000000001,A2002,A0200,B0100,-15002.828479380749,78.25750057463252,7736.531701330602,734.6088996196027,BOOST,Trajectory,42.11746269301501
126.80000000000001,A1002,A0100,B0100,-15648.483686058375,-443.68916455030114,7736.078074825155,609.4860735187826,BOOST,Trajectory,42.77254339129787
126.80000000000001,B1001,B0100,A0200,26409.971238448106,1195.641130719069,1207.3540665078337,304.88644411678234,BOOST,Trajectory,43.282317595644194
127.0,A2001,A0200,B0100,-13741.048105734835,63.90701153699603,7879.536189245047,914.8943815462827,BOOST,Trajectory,40.885700448206315
127.0,A1001,A0100,B0100,-14511.6770861051,-477.8824292534775,7642.446536899302,809.6175031696666,BOOST,Trajectory,41.62707426179506
127.0,A2002,A0200,B0100,-14854.434578145683,75.12835798551644,7729.432221745477,752.890414552942,BOOST,Trajectory,41.95946576413935
127.0,A1002,A0100,B0100,-15525.245383935006,-444.99641629775783,7727.57035875382,627.4035678346122,BOOST,Trajectory,42.63929868589631
127.0,B1001,B0100,A0200,26348.466604603702,1194.101952934828,1216.8066739685587,318.7335504397658,BOOST,Trajectory,43.17874008772587
127.2,A2001,A0200,B0100,-13556.381046711698,61.1383978483957,7878.497918433357,933.5783163460272,BOOST,Trajectory,40.693354547624686
127.2,A1001,A0100,B0100,-14348.505940404146,-480.3414373836603,7630.5270494569195,828.1823773022712,BOOST,Trajectory,41.4541674834574
127.2,A2002,A0200,B0100,-14702.390648051138,72.00097759759501,7721.984508268677,771.231327983726,BOOST,Trajectory,41.797962377960566
127.2,A1002,A0100,B0100,-15398.434810624885,-446.2606300101951,7718.679539493588,645.3876004299507,BOOST,Trajectory,42.50261112261269
127.2,B1001,B0100,A0200,26284.221341380984,1192.4939283504496,1226.6813574019034,332.62811064902564,BOOST,Trajectory,43.07237468925148
127.4,A2001,A0200,B0100,-13367.97369405851,58.38547658975565,7877.184840893783,952.3112883574167,BOOST,Trajectory,40.49745319807504
127.4,A1001,A0100,B0100,-14181.635744870755,-482.76443789424627,7618.2034391763955,846.7993704868773,BOOST,Trajectory,41.277699765168265
127.4,A2002,A0200,B0100,-14546.685308599866,68.87708622128847,7714.184543847641,789.6302972038341,BOOST,Trajectory,41.632943078271666
127.4,A1002,A0100,B0100,-15268.03916996788,-447.479821752458,7709.401704805866,663.437088270292,BOOST,Trajectory,42.36246935660087
127.4,B1001,B0100,A0200,26217.226227925974,1190.816763124318,1236.9797089887682,346.56869374612467,BOOST,Trajectory,42.963131014966734
127.60000000000001,A2001,A0200,B0100,-13175.816754405925,55.64989563820848,7875.592343663651,971.0916967166521,BOOST,Trajectory,40.298006305651846
127.60000000000001,A1001,A0100,B0100,-14011.056576666011,-485.1494190321228,7605.472266630956,865.4668201033129,BOOST,Trajectory,41.09767959140182
127.60000000000001,A2002,A0200,B0100,-14387.307448751533,65.75841735496573,7706.028353358263,808.085927918135,BOOST,Trajectory,41.46441531682148
127.60000000000001,A1002,A0100,B0100,-15134.045880713269,-448.65201507154967,7699.7329967761825,681.5509035142096,BOOST,Trajectory,42.2188789670158
127.60000000000001,B1001,B0100,A0200,26147.472329243,1189.0701685899944,1247.7032767155606,360.55383358266073,BOOST,Trajectory,42.85107334024544
127.80000000000001,A2001,A0200,B0100,-12979.901258008444,52.93331863541099,7873.715830795444,989.917886120792,BOOST,Trajectory,40.09503603537979
127.80000000000001,A1001,A0100,B0100,-13836.758849022892,-487.49436154497346,7592.330133015336,884.1829979814069,BOOST,Trajectory,40.91412776807132
127.80000000000001,A2002,A0200,B0100,-14224.24623773396,62.64671194368464,7697.5120025664,826.5967721769782,BOOST,Trajectory,41.292398725541226
127.80000000000001,A1002,A0100,B0100,-14996.442586087796,-449.77523966165955,7689.669610103161,699.7278714131511,BOOST,Trajectory,42.07185772664639
127.80000000000001,B1001,B0100,A0200,26074.9510052293,1187.2538618566848,1258.8535719795866,374.58202179417225,BOOST,Trajectory,42.73632462810841
128.0,A2001,A0200,B0100,-12780.218570108493,50.23742550972877,7871.550722234064,1008.7881448977572,BOOST,Trajectory,39.88855803319606
128.0,A1001,A0100,B0100,-13658.733324703859,-489.797237865233,7578.773680447626,902.9461081344655,BOOST,Trajectory,40.72705855041009
128.0,A2002,A0200,B0100,-14057.49113624178,59.543719285124574,7688.631597209323,845.161326332573,BOOST,Trajectory,41.11690634167005
128.0,A1002,A0100,B0100,-14855.217163742356,-450.84752997383697,7679.207790611608,717.9667682518012,BOOST,Trajectory,41.92141673835381
128.0,B1001,B0100,A0200,25999.653919862503,1185.3675667596488,1270.432076707777,388.65171503333966,BOOST,Trajectory,42.6188890617356
128.20000000000002,A2001,A0200,B0100,-12576.760402666405,47.5639129580634,7869.092452722432,1027.7007031277028,BOOST,Trajectory,39.67857366248188
128.20000000000002,A1001,A0100,B0100,-13476.971129887514,-492.05601137022876,7564.799592320178,921.7542846329239,BOOST,Trajectory,40.536471837624426
128.20000000000002,A2002,A0200,B0100,-13887.031908014927,56.45119785591228,7679.383282177146,863.7780290865198,BOOST,Trajectory,40.93793684346502
128.20000000000002,A1002,A0100,B0100,-14710.35773606696,-451.86692397622227,7668.343833957739,736.2663193893042,BOOST,Trajectory,41.76755263242298
128.20000000000002,B1001,B0100,A0200,25921.57304754411,1183.4110132683838,1282.4402448670737,402.7612842494153,BOOST,Trajectory,42.498673845920074
128.4,A2001,A0200,B0100,-12369.518826406453,44.914494895624955,7866.336470953626,1046.6537319672195,BOOST,Trajectory,39.465058210742306
128.4,A1001,A0100,B0100,-13291.463768428437,-494.2686357037059,7550.404593914911,940.6055901301798,BOOST,Trajectory,40.34234289751396
128.4,A2002,A0200,B0100,-13712.858631748064,53.37091606910214,7669.763241002044,882.4452603239187,BOOST,Trajectory,40.755463513414135
128.4,A1002,A0100,B0100,-14561.852680830067,-452.8314620421433,7657.074084719785,754.6251978339554,BOOST,Trajectory,41.610237361258626
128.4,B1001,B0100,A0200,25840.70081334422,1181.3838260750435,1294.8798309583428,416.908486673275,BOOST,Trajectory,42.37561414334172
128.6,A2001,A0200,B0100,-12158.486282463604,42.29090446293493,7863.278241466721,1065.6453466817782,BOOST,Trajectory,39.247975212836906
128.6,A1001,A0100,B0100,-13102.203135944985,-496.43305260265396,7535.585455711042,959.4980160994822,BOOST,Trajectory,40.14463565684809
128.6,A2002,A0200,B0100,-13534.96171274965,50.30465450073758,7659.767698054982,901.1613422289925,BOOST,Trajectory,40.56944787001767
128.6,A1002,A0100,B0100,-14409.69064167779,-453.7391844473734,7645.394938217719,773.0420242592909,BOOST,Trajectory,41.44943135506876
128.6,B1001,B0100,A0200,25757.029946407216,1179.2856662597865,1307.7524578194918,431.0923212867943,BOOST,Trajectory,42.249733222290445
128.8,A2001,A0200,B0100,-11943.65559435073,39.69489685495194,7859.9132463001115,1084.6735982289988,BOOST,Trajectory,39.027297208946734
128.8,A1001,A0100,B0100,-12909.181534448504,-498.5471889478814,7520.338996495357,978.4294760520578,BOOST,Trajectory,39.94332136531958
128.8,A2002,A0200,B0100,-13353.331895006799,47.25420887667578,7649.392920570461,919.92453262658,BOOST,Trajectory,40.37985914275497
128.8,A1002,A0100,B0100,-14253.860539071671,-454.5881281735286,7633.302842235256,791.5153615710644,BOOST,Trajectory,41.28510198198224
128.8,B1001,B0100,A0200,25670.55340178023,1177.1162670231818,1321.0595014570936,445.3111537778619,BOOST,Trajectory,42.12094583690425
129.0,A2001,A0200,B0100,-11725.019981716072,37.12825163229305,7856.236982810042,1103.7364670788425,BOOST,Trajectory,38.802999229764346
129.0,A1001,A0100,B0100,-12712.391688676793,-500.60895435156647,7504.662082812047,997.3977999197772,BOOST,Trajectory,39.73837372748284
129.0,A2002,A0200,B0100,-13167.96027483407,44.22139252695898,7638.635217053562,938.7330197414038,BOOST,Trajectory,40.18666875413304
129.0,A1002,A0100,B0100,-14094.351582614368,-455.3763242936739,7620.79429526346,810.0437104063217,BOOST,Trajectory,41.11721881961077
129.0,B1001,B0100,A0200,25581.264456713892,1174.8753679246943,1334.8022765438452,459.56333630318954,BOOST,Trajectory,41.98921229668282
129.20000000000002,A2001,A0200,B0100,-11502.573075042743,34.59277540040933,7852.24496047238,1122.831858502573,BOOST,Trajectory,38.57506859766397
129.20000000000002,A1001,A0100,B0100,-12511.826763419822,-502.61623841907146,7488.55162747764,1016.4007296587804,BOOST,Trajectory,39.529776993443626
129.20000000000002,A2002,A0200,B0100,-12978.838315403022,41.208039163448355,7627.490934775567,957.5849180790458,BOOST,Trajectory,39.98985930260938
129.20000000000002,A1002,A0100,B0100,-13931.153284183596,-456.10179509501637,7607.865843910681,828.6255054986859,BOOST,Trajectory,40.945761681161244
129.20000000000002,B1001,B0100,A0200,25489.15671613171,1172.5627152682796,1348.9820386630445,473.8471800605587,BOOST,Trajectory,41.85463633907093
129.4,A2001,A0200,B0100,-11278.42827359333,32.16014824248677,7847.969745844246,1118.817798911256,MIDCOURSE,Trajectory,38.34559253899048
129.4,A1001,A0100,B0100,-12307.480382214997,-504.5669094098136,7472.004585265327,1035.43591316275,BOOST,Trajectory,39.317526915585866
129.4,A2002,A0200,B0100,-12785.957862600724,38.21600427795744,7615.9564544864115,976.478261936158,BOOST,Trajectory,39.78942516930582
129.4,A1002,A0100,B0100,-13764.255472217628,-456.7625526025653,7594.514077643425,847.2591105725124,BOOST,Trajectory,40.77072173180714
129.4,B1001,B0100,A0200,25394.224123887216,1170.1780616486758,1363.5999984527643,488.1609558506073,BOOST,Trajectory,41.71719865724321
129.6,A2001,A0200,B0100,-11055.088595658024,29.914353463581207,7843.453807958596,1114.8192932737443,MIDCOURSE,Trajectory,38.117049339461985
129.6,A1001,A0100,B0100,-12099.346646567124,-506.458813643929,7455.017948876112,1054.5009063932462,BOOST,Trajectory,39.10163042451201
129.6,A2002,A0200,B0100,-12589.311161436233,35.247165812312566,7604.028185440403,995.4110079801383,BOOST,Trajectory,39.58537129872401
129.6,A1002,A0100,B0100,-13593.648306470803,-457.35659786068544,7580.735623876033,865.9428196487715,BOOST,Trajectory,40.59210140251248
129.6,B1001,B0100,A0200,25296.460969987398,1167.7211661818283,1378.6573260243094,502.50290635230766,BOOST,Trajectory,41.57697395100041
129.8,A2001,A0200,B0100,-10832.549833613388,27.856513512563534,7838.697544876839,1110.844543622861,MIDCOURSE,Trajectory,37.8894525672185
129.8,A1001,A0100,B0100,-11887.420154344447,-508.2897742847274,7437.588748936617,1073.5931742739008,BOOST,Trajectory,38.882101188499966
129.8,A2002,A0200,B0100,-12388.890871620177,32.303425455778935,7591.702564444977,1014.3810363289512,BOOST,Trajectory,39.37770946752281
129.8,A1002,A0100,B0100,-13419.322292138952,-457.8819196363538,7566.527147025682,884.6748573446511,BOOST,Trajectory,40.40990977922652
129.8,B1001,B0100,A0200,25195.86189787343,1165.1917960936132,1394.155156624599,516.8712391644489,BOOST,Trajectory,41.434072183762446
130.0,A2001,A0200,B0100,-10610.807644728558,25.98775395492087,7833.701551953824,1106.8938072731787,MIDCOURSE,Trajectory,37.66281385001649
130.0,A1001,A0100,B0100,-11671.69601814929,-510.05759045803194,7419.714055208591,1092.7100898452925,BOOST,Trajectory,38.658952926703215
130.0,A2002,A0200,B0100,-12184.690083120495,29.386709616020305,7578.97605613486,1033.386149919691,BOOST,Trajectory,39.16645088104628
130.0,A1002,A0100,B0100,-13241.268294013684,-458.33649347474613,7551.8853487963825,903.4533778750042,BOOST,Trajectory,40.224155923850454
130.0,B1001,B0100,A0200,25092.421911717694,1162.5897280905574,1410.0945958113718,531.2641348088938,BOOST,Trajectory,41.2884812311512
130.20000000000002,A2001,A0200,B0100,-10389.857596596783,24.309479942260833,7828.467050886787,1102.967310027672,MIDCOURSE,Trajectory,37.437137693561155
130.20000000000002,A1001,A0100,B0100,-11452.169883550909,-511.7600353459478,7401.390980026208,1111.848934063939,BOOST,Trajectory,38.432193147078024
130.20000000000002,A2002,A0200,B0100,-11976.702331506309,26.498971406512723,7565.845155462843,1052.4240751479422,BOOST,Trajectory,38.9516002271343
130.20000000000002,A1002,A0100,B0100,-13059.477550543113,-458.718279794562,7536.806970657034,922.2764647112493,BOOST,Trajectory,40.034842488703674
130.20000000000002,B1001,B0100,A0200,24986.136379680564,1159.9147470806179,1426.4767153619482,545.6797685615937,BOOST,Trajectory,41.14000261247905
130.4,A2001,A0200,B0100,-10169.695293030301,22.823211195189746,7822.995392772284,1099.0645288082499,MIDCOURSE,Trajectory,37.21241949102114
130.4,A1001,A0100,B0100,-11228.837947815467,-513.3948538892363,7382.616681783023,1131.0068900990623,BOOST,Trajectory,38.20181924292104
130.4,A2002,A0200,B0100,-11764.921613683888,23.64219301801372,7552.306390242845,1071.4924561184148,BOOST,Trajectory,38.733152519520864
130.4,A1002,A0100,B0100,-12873.94168831842,-459.0252216381016,7521.288796404595,941.1421258201856,BOOST,Trajectory,39.841961653537865
130.4,B1001,B0100,A0200,24877.001029374132,1157.1666448202157,1443.302534517456,560.1163348220495,BOOST,Trajectory,40.988471386754625
130.6,A2001,A0200,B0100,-9950.31646699274,21.530576561643745,7817.2878145058285,1095.1847692464198,MIDCOURSE,Trajectory,36.988652676247916
130.6,A1001,A0100,B0100,-11003.818378887241,-514.8969847513198,7363.553223184396,1126.948562062252,MIDCOURSE,Trajectory,37.9699392248085
130.6,A2002,A0200,B0100,-11549.342405008036,20.81838731303133,7538.356321224301,1090.588849752121,BOOST,Trajectory,38.511101085129525
130.6,A1002,A0100,B0100,-12684.65273775826,-459.25524321016735,7505.32765235629,960.048289408591,BOOST,Trajectory,39.645503844949374
130.6,B1001,B0100,A0200,24765.01194180434,1154.3452207817397,1460.5730019904531,574.5720352336502,BOOST,Trajectory,40.833903042439545
130.8,A2001,A0200,B0100,-9731.717004710594,20.433353809845233,7811.345399014843,1091.327280850404,MIDCOURSE,Trajectory,36.76583192755879
130.8,A1001,A0100,B0100,-10779.621769332627,-516.1902662706015,7344.395352159606,1122.8896987607955,MIDCOURSE,Trajectory,37.7390520668592
130.8,A2002,A0200,B0100,-11329.959677211116,18.02959964550636,7523.99154165611,1109.7107224582126,BOOST,Trajectory,38.28544085385241
130.8,A1002,A0100,B0100,-12491.603149550388,-459.4062482294705,7488.920407077963,978.9928007752092,BOOST,Trajectory,39.445460983660666
130.8,B1001,B0100,A0200,24650.165551437844,1151.450282540992,1478.2889916095787,589.045054922722,BOOST,Trajectory,40.676437026272815
131.0,A2001,A0200,B0100,-9513.892952727523,19.533480899596654,7805.169063520366,1087.491312746748,MIDCOURSE,Trajectory,36.5439534909621
131.0,A1001,A0100,B0100,-10556.245394556778,-517.2728853661146,7325.143547532245,1118.8467684564216,MIDCOURSE,Trajectory,37.509155311648875
131.0,A2002,A0200,B0100,-11106.768916973744,15.277909844892132,7509.208676765756,1128.8554471155433,BOOST,Trajectory,38.056168749442804
131.0,A1002,A0100,B0100,-12294.785811704833,-459.4761181513178,7472.063971060277,997.973419412991,BOOST,Trajectory,39.24182685688762
131.0,B1001,B0100,A0200,24532.458652012225,1148.4816454307424,1496.4513087384796,603.5335519595658,BOOST,Trajectory,40.51605674865814
131.20000000000002,A2001,A0200,B0100,-9296.840516251608,18.833056214306463,7798.759565387957,1083.6761570644846,MIDCOURSE,Trajectory,36.32301515236979
131.20000000000002,A1001,A0100,B0100,-10333.686389481049,-518.1428771931321,7305.798117640364,1114.8191733802119,MIDCOURSE,Trajectory,37.28024779342484
131.20000000000002,A2002,A0200,B0100,-10881.887861565383,12.643062818468563,7494.1358755979,1124.8064119616954,MIDCOURSE,Trajectory,37.82539084332797
131.20000000000002,A1002,A0100,B0100,-12094.194067173597,-459.46271035966544,7454.755296452501,1016.9878162406205,BOOST,Trajectory,39.03459722192626
131.20000000000002,B1001,B0100,A0200,24411.88840171804,1145.4391320091818,1515.0606949018538,618.0356686681889,BOOST,Trajectory,40.35267605253778
131.4,A2001,A0200,B0100,-9080.556021726237,18.33439816614759,7792.117670756026,1079.881493844126,MIDCOURSE,Trajectory,36.103024633821875
131.4,A1001,A0100,B0100,-10111.94199823164,-518.7980663217611,7286.359385848092,1110.806550410153,MIDCOURSE,Trajectory,37.0523394769564
131.4,A2002,A0200,B0100,-10657.826427143948,10.219100240469096,7478.9280182120865,1120.7596850513567,MIDCOURSE,Trajectory,37.59561227884007
131.4,A1002,A0100,B0100,-11889.821731943204,-459.3638562304168,7436.991377202944,1036.0335717276944,BOOST,Trajectory,38.82377950266623
131.4,B1001,B0100,A0200,24288.45232697331,1142.3225721579483,1534.1178308027656,632.549525147474,BOOST,Trajectory,40.1863484285062
131.6,A2001,A0200,B0100,-8865.0358105961,18.040185677399112,7785.244573318943,1076.1073946574213,MIDCOURSE,Trajectory,35.88399983421487
131.6,A1001,A0100,B0100,-9891.009481333356,-519.2359327962779,7266.828092030245,1106.8087911235662,MIDCOURSE,Trajectory,36.8254516358845
131.6,A2002,A0200,B0100,-10434.581611639598,8.008563819121164,7463.585940575453,1116.730497172026,MIDCOURSE,Trajectory,37.36685293310394
131.6,A1002,A0100,B0100,-11681.663113147379,-459.17735843274045,7418.769251101059,1055.1081758023977,BOOST,Trajectory,38.60939303883774
131.6,B1001,B0100,A0200,24162.502830240937,1139.1407601262715,1553.5685960887233,638.4624158010089,BOOST,Trajectory,40.01754342035316
131.8,A2001,A0200,B0100,-8650.27618428887,17.953478438281138,7778.14207714828,1072.3540763543817,MIDCOURSE,Trajectory,35.665964090859475
131.8,A1001,A0100,B0100,-9670.886065858233,-519.4535934123513,7247.205567057321,1102.8259066956953,MIDCOURSE,Trajectory,36.59961140633414
131.8,A2002,A0200,B0100,-10212.15011982498,6.014359530984248,7448.111046822103,1112.7189348807842,MIDCOURSE,Trajectory,37.13913821611526
131.8,A1002,A0100,B0100,-11469.713027100306,-458.90098760573505,7400.086003703152,1074.2090267469603,BOOST,Trajectory,38.3914636334115
131.8,B1001,B0100,A0200,24036.589458664876,1135.9580200235152,1573.0195003054998,635.7847421986627,BOOST,Trajectory,39.84891733496792
132.0,A2001,A0200,B0100,-8436.273344469904,18.07757165077648,7770.812717958766,1068.6224319020173,MIDCOURSE,Trajectory,35.44895439686571
132.0,A1001,A0100,B0100,-9451.568878607706,-519.4479426487549,7227.493845872748,1098.8587095107125,MIDCOURSE,Trajectory,36.37485939285647
132.0,A2002,A0200,B0100,-9990.528554257095,4.239621433070229,7432.505440547144,1108.7258404886077,MIDCOURSE,Trajectory,36.912507781968316
132.0,A1002,A0100,B0100,-11253.966817488435,-458.5324791118014,7380.93877316518,1093.33343060876,BOOST,Trajectory,38.17003151559526
132.0,B1001,B0100,A0200,23911.203969648966,1132.7867148476703,1592.3947935144668,633.1307579677718,BOOST,Trajectory,39.6809069082501
132.20000000000002,A2001,A0200,B0100,-8223.023227560227,18.41532643115825,7763.259733678769,1064.9132764886215,MIDCOURSE,Trajectory,35.23299453630709
132.20000000000002,A1001,A0100,B0100,-9233.054731648514,-519.2162994084791,7207.6956240518,1094.908259382999,MIDCOURSE,Trajectory,36.15122080656204
132.20000000000002,A2002,A0200,B0100,-9769.713224045016,2.6870674307220495,7416.771889571858,1104.7521797427355,MIDCOURSE,Trajectory,36.68698704056586
132.20000000000002,A1002,A0100,B0100,-11034.420373221183,-458.0695322012532,7361.3247558766925,1112.4786034655885,BOOST,Trajectory,37.94512232162648
132.20000000000002,B1001,B0100,A0200,23786.341748439932,1129.6266703856336,1611.6953916816958,630.5000926200591,BOOST,Trajectory,39.51349795204523
132.4,A2001,A0200,B0100,-8010.521897226171,18.96923729115803,7755.48579341998,1061.224860343811,MIDCOURSE,Trajectory,35.018031770637414
132.4,A1001,A0100,B0100,-9015.340514742913,-518.7563356299502,7187.813048319956,1090.9734287729789,MIDCOURSE,Trajectory,35.928639896225135
132.4,A2002,A0200,B0100,-9549.700539476386,1.359062965983048,7400.912618753974,1100.7965782180152,MIDCOURSE,Trajectory,36.462521000671444
132.4,A1002,A0100,B0100,-10811.070147340206,-457.5098114051698,7341.241208923722,1131.6416577063046,BOOST,Trajectory,37.716680384325436
132.4,B1001,B0100,A0200,23661.99825216671,1126.477714318605,1630.9222043694986,627.8924049735635,BOOST,Trajectory,39.34651929984965
132.6,A2001,A0200,B0100,-7798.765834801847,19.741483375432416,7747.492256260275,1057.555512086198,MIDCOURSE,Trajectory,34.80398730177786
132.6,A1001,A0100,B0100,-8798.423475205731,-518.0660218399103,7167.847016661801,1087.0531460971113,MIDCOURSE,Trajectory,35.70703479111421
132.6,A2002,A0200,B0100,-9330.487295975816,0.2576687348342624,7384.92860989781,1096.8577336227054,MIDCOURSE,Trajectory,36.23902859160294
132.6,A1002,A0100,B0100,-10586.036386057234,-456.79633029948576,7320.867175682669,1127.5552605280604,MIDCOURSE,Trajectory,37.48674022146001
132.6,B1001,B0100,A0200,23538.168998754853,1123.3396753518807,1650.0761174803824,625.3074012739032,BOOST,Trajectory,39.1798990042546
132.8,A2001,A0200,B0100,-7587.7518525641835,20.733983334877504,7739.279470732354,1053.9040921536102,MIDCOURSE,Trajectory,34.590777752821275
132.8,A1001,A0100,B0100,-8582.301134190931,-517.1435739571493,7147.797467831788,1083.146753121521,MIDCOURSE,Trajectory,35.486319845157084
132.8,A2002,A0200,B0100,-9112.070586664044,-0.6153078881362019,7368.819889277226,1092.9348092734908,MIDCOURSE,Trajectory,36.01642485438298
132.8,A1002,A0100,B0100,-10361.833319882919,-455.86261405806715,7300.4169498474075,1123.46364661825,MIDCOURSE,Trajectory,37.25772434401369
132.8,B1001,B0100,A0200,23414.849558593578,1120.2123835598388,1669.1579825267777,622.7447979369173,BOOST,Trajectory,39.013746190086955
133.0,A2001,A0200,B0100,-7377.476985547812,21.948412602295065,7730.8470963342215,1050.2698777983258,MIDCOURSE,Trajectory,34.37832445453254
133.0,A1001,A0100,B0100,-8366.971182534919,-515.9874372685771,7127.6636894965295,1079.2538970429055,MIDCOURSE,Trajectory,35.26641490732042
133.0,A2002,A0200,B0100,-8894.447694982424,-1.258296929080649,7352.585834479006,1089.0273199205217,MIDCOURSE,Trajectory,35.79463015317233
133.0,A1002,A0100,B0100,-10138.458753688328,-454.70712441088904,7279.889826737665,1119.386436662323,MIDCOURSE,Trajectory,37.02955259810708
133.0,B1001,B0100,A0200,23292.035555263417,1117.0956701236641,1688.1686204264481,620.2043079113167,BOOST,Trajectory,38.84801068431143
133.20000000000002,A2001,A0200,B0100,-7167.938413324914,23.386264223109006,7722.194377121857,1046.652431912802,MIDCOURSE,Trajectory,34.166557264832754
133.20000000000002,A1001,A0100,B0100,-8152.431410427701,-514.5962286737853,7107.4445808178225,1075.3743998590237,MIDCOURSE,Trajectory,35.047249145778395
133.20000000000002,A2002,A0200,B0100,-8677.616020117215,-1.6699074166894678,7336.225435475463,1085.1349985083677,MIDCOURSE,Trajectory,35.573573917242804
133.20000000000002,A1002,A0100,B0100,-9915.91025616035,-453.3284928710008,7259.284699766484,1115.3234570826232,MIDCOURSE,Trajectory,36.80215391801861
133.20000000000002,B1001,B0100,A0200,23169.722667542057,1113.9893674360167,1707.1088275833324,617.685628195499,BOOST,Trajectory,38.682765784582905
133.4,A2001,A0200,B0100,-6959.133404386665,25.048914453108566,7713.320356498851,1043.0515040686041,MIDCOURSE,Trajectory,33.9554116752945
133.4,A1001,A0100,B0100,-7938.679660022224,-512.9686742348136,7087.138859024868,1071.5081902513894,MIDCOURSE,Trajectory,34.82875795561907
133.4,A2002,A0200,B0100,-8461.573025589594,-1.8488641972816737,7319.737499800808,1081.2577158308545,MIDCOURSE,Trajectory,35.35319160196891
133.4,A1002,A0100,B0100,-9694.185444953091,-451.7254607630021,7238.600289199939,1111.2746407244367,MIDCOURSE,Trajectory,36.5754635316164
133.4,B1001,B0100,A0200,23047.906636394266,1110.8933089175198,1725.9793903591622,615.1884358828821,BOOST,Trajectory,38.51799075270673
133.6,A2001,A0200,B0100,-6751.059285011657,26.937664028676387,7704.2239981692655,1039.4669126687463,MIDCOURSE,Trajectory,33.74482296614354
133.6,A1001,A0100,B0100,-7725.713799749484,-511.10356967556504,7066.745176470501,1067.655233519167,MIDCOURSE,Trajectory,34.610876728562225
133.6,A2002,A0200,B0100,-8246.31621090227,-1.7939682895341589,7303.120768637282,1077.3953924153896,MIDCOURSE,Trajectory,35.13341859160919
133.6,A1002,A0100,B0100,-9473.281961506616,-449.8968409182767,7217.835254949196,1107.2399577031329,MIDCOURSE,Trajectory,36.349416691643185
133.6,B1001,B0100,A0200,22926.583267689362,1107.8073293909679,1744.7810916854753,612.7124055800914,BOOST,Trajectory,38.35376660009468
133.8,A2001,A0200,B0100,-6543.713437537029,29.053738844521895,7694.904183998952,1035.8984184697108,MIDCOURSE,Trajectory,33.534725000284446
133.8,A1001,A0100,B0100,-7513.531723834771,-508.99977950030205,7046.262119527428,1063.8154593618306,MIDCOURSE,Trajectory,34.39353914066959
133.8,A2002,A0200,B0100,-8031.843110408297,-1.5040964131276173,7286.373915456537,1073.5479047639574,MIDCOURSE,Trajectory,34.91418865981635
133.8,A1002,A0100,B0100,-9253.197470362555,-447.84151716025053,7196.988195658042,1103.2193431637904,MIDCOURSE,Trajectory,36.12394691685515
133.8,B1001,B0100,A0200,22805.748435092195,1104.7312666892815,1763.5147192730328,610.2571991164831,BOOST,Trajectory,38.190205774819894
134.0,A2001,A0200,B0100,-6337.093327120369,31.398248556512524,7685.359591965382,1032.3456273090585,MIDCOURSE,Trajectory,33.325058074548565
134.0,A1001,A0100,B0100,-7302.131376265296,-506.65627663076026,7025.68809091509,1059.988704221296,MIDCOURSE,Trajectory,34.176684568774334
134.0,A2002,A0200,B0100,-7818.1513188654335,-0.9782407542587697,7269.495429053388,1069.715009925651,MIDCOURSE,Trajectory,34.69544151958732
134.0,A1002,A0100,B0100,-9033.929682505186,-445.55848292491277,7176.057535308814,1099.2126380022298,MIDCOURSE,Trajectory,35.898993362996755
134.0,B1001,B0100,A0200,22685.398082851934,1101.6649632956721,1782.1810729617416,607.8224777003442,BOOST,Trajectory,38.02731581640399
134.20000000000002,A2001,A0200,B0100,-6131.196592000986,33.972268810985724,7675.588446588469,1028.8071644912661,MIDCOURSE,Trajectory,33.11576746848793
134.20000000000002,A1001,A0100,B0100,-7091.510845688287,-504.0720630840971,7005.021069486196,1056.173764042026,MIDCOURSE,Trajectory,33.9602566043198
134.20000000000002,A2002,A0200,B0100,-7605.2385849747425,-0.21542918596962854,7252.483373615358,1065.89543612287,MIDCOURSE,Trajectory,34.47712055647873
134.20000000000002,A1002,A0100,B0100,-8815.476448376177,-443.0467648074293,7155.041290829825,1095.2186573559954,MIDCOURSE,Trajectory,35.6744988647562
134.20000000000002,B1001,B0100,A0200,22565.528223382356,1098.6082649805542,1800.780961462184,605.4079288247794,BOOST,Trajectory,37.864898780581946
134.4,A2001,A0200,B0100,-5926.021314477562,36.77733378939667,7665.588133208165,1025.281209627951,MIDCOURSE,Trajectory,32.90684030270112
134.4,A1001,A0100,B0100,-6881.66867663274,-501.24569532687354,6984.258247302978,1052.3689559936204,MIDCOURSE,Trajectory,33.74424015317937
134.4,A2002,A0200,B0100,-7393.103105919641,0.7857503440260405,7235.3350214232505,1062.0874320608136,MIDCOURSE,Trajectory,34.25921037711085
134.4,A1002,A0100,B0100,-8597.83606268991,-440.30496447610113,7133.936719565668,1091.2357371551689,MIDCOURSE,Trajectory,35.45044735691622
134.4,B1001,B0100,A0200,22446.134926000523,1095.561018671583,1819.3151830406725,603.0132912102478,BOOST,Trajectory,37.7027869066573
134.6,A2001,A0200,B0100,-5721.565864891345,39.814960520503675,7655.355365861766,1021.7670565926126,MIDCOURSE,Trajectory,32.69832830384692
134.6,A1001,A0100,B0100,-6672.603683375962,-498.1757479777656,6963.396169168365,1048.5738420635194,MIDCOURSE,Trajectory,33.528684617747416
134.6,A2002,A0200,B0100,-7181.7433580623865,2.0266952063965595,7218.046999251381,1058.2904365754068,MIDCOURSE,Trajectory,34.04176091060119
134.6,A1002,A0100,B0100,-8381.00708503928,-437.3317007171305,7112.740452486402,1087.2634238192825,MIDCOURSE,Trajectory,35.22688772985563
134.6,B1001,B0100,A0200,22327.21430512053,1092.5230727521812,1837.784507164816,600.6383335466714,BOOST,Trajectory,37.541005603183834
134.8,A2001,A0200,B0100,-5517.828794299262,43.08649938363543,7644.886343872085,1018.2641051753534,MIDCOURSE,Trajectory,32.49029912574236
134.8,A1001,A0100,B0100,-6464.314832003242,-494.86096070994483,6942.430870772293,1044.7880274720355,MIDCOURSE,Trajectory,33.31365564981297
134.8,A2002,A0200,B0100,-6971.157985159988,3.508645766447026,7200.615429660011,1054.5039519939567,MIDCOURSE,Trajectory,33.82483818835834
134.8,A1002,A0100,B0100,-8164.98822617838,-434.12574807209654,7091.448626254356,1083.3013033976047,MIDCOURSE,Trajectory,35.00388513537159
134.8,B1001,B0100,A0200,22208.762516565566,1089.4942772915401,1856.1896707965648,598.2828235396632,BOOST,Trajectory,37.379693374965456
135.0,A2001,A0200,B0100,-5314.808806954457,46.59317258589918,7634.176874220184,1014.7718852262547,MIDCOURSE,Trajectory,32.28282382136588
135.0,A1001,A0100,B0100,-6256.8012190132295,-491.30020215444,6921.35799388328,1041.0111882624758,MIDCOURSE,Trajectory,33.09922268962821
135.0,A2002,A0200,B0100,-6761.345774637665,5.232722914902725,7183.036045883909,1050.727573806246,MIDCOURSE,Trajectory,33.6085118999578
135.0,A1002,A0100,B0100,-7949.778327718431,-430.6860008459315,7070.056993514544,1079.3490312881188,MIDCOURSE,Trajectory,34.781508552445324
135.0,B1001,B0100,A0200,22090.77576073787,1086.4744837693659,1874.5313862418222,597.0230704614303,BOOST,Trajectory,37.21883096531751
135.20000000000002,A2001,A0200,B0100,-5112.504731122809,50.33610579477985,7623.222490525205,1011.2900484376546,MIDCOURSE,Trajectory,32.07597060402339
135.20000000000002,A1001,A0100,B0100,-6050.062046823261,-487.4924397717799,6900.172900042039,1037.2430752922558,MIDCOURSE,Trajectory,32.885452692107776
135.20000000000002,A2002,A0200,B0100,-6552.305630894186,7.1999584807845665,7165.304304975371,1046.9609916128713,MIDCOURSE,Trajectory,33.39284914854983
135.20000000000002,A1002,A0100,B0100,-7735.376338378202,-427.01144358246677,7048.561032143887,1075.4063373396882,MIDCOURSE,Trajectory,34.55982451868019
135.20000000000002,B1001,B0100,A0200,21971.868653142934,1083.4281532166665,1893.025218540393,607.6107226424846,BOOST,Trajectory,37.05693316881972
135.4,A2001,A0200,B0100,-4910.915492604075,54.3163508341812,7612.018554404233,1007.8183511535717,MIDCOURSE,Trajectory,31.869802501695826
135.4,A1001,A0100,B0100,-5844.096600377495,-483.4367179907936,6878.870768192249,1033.4835094986704,MIDCOURSE,Trajectory,32.67240772314666
135.4,A2002,A0200,B0100,-6344.0365501905335,9.411316794008778,7147.415484869278,1043.2039802313566,MIDCOURSE,Trajectory,33.17791207246137
135.4,A1002,A0100,B0100,-7521.781291096535,-423.10112991154716,7026.956039249798,1071.4730216054088,MIDCOURSE,Trajectory,34.338894723510435
135.4,B1001,B0100,A0200,21850.871927565586,1080.3252371491164,1911.8532511897847,618.1914187385638,BOOST,Trajectory,36.89289139058891
135.6,A2001,A0200,B0100,-4710.040093185849,58.53490486749905,7600.560337080783,1004.3566301294396,MIDCOURSE,Trajectory,31.664377654099514
135.6,A1001,A0100,B0100,-5638.90422769233,-479.1321396237016,6857.446673590714,1029.7323659107292,MIDCOURSE,Trajectory,32.4601452087272
135.6,A2002,A0200,B0100,-6136.537599872676,11.867712826380354,7129.364762790592,1039.45638038591,MIDCOURSE,Trajectory,32.96375810202333
135.6,A1002,A0100,B0100,-7308.992283931625,-418.95416468363993,7005.237207195462,1067.5489385078251,MIDCOURSE,Trajectory,34.118776246812665
135.6,B1001,B0100,A0200,21727.787100108457,1077.1656562558646,1931.0155571782689,628.7641458472613,BOOST,Trajectory,36.72684018875832
135.8,A2001,A0200,B0100,-4509.877593550866,62.99272820326647,7588.843085462938,1000.9047877491299,MIDCOURSE,Trajectory,31.459749716597194
135.8,A1001,A0100,B0100,-5434.484324243194,-474.57784859204924,6835.895651851406,1025.9895655600287,MIDCOURSE,Trajectory,32.248718305703115
135.8,A2002,A0200,B0100,-5929.80790173446,14.57002903736349,7111.147278862025,1035.7180879215944,MIDCOURSE,Trajectory,32.75044033768413
135.8,A1002,A0100,B0100,-7097.008464716059,-414.56968738806995,6983.3996853149165,1063.633988784931,MIDCOURSE,Trajectory,33.89952192355249
135.8,B1001,B0100,A0200,21602.6158925405,1073.9493358126235,1950.5122030056057,639.3278775866168,BOOST,Trajectory,36.55882998875708
136.0,A2001,A0200,B0100,-4310.427098921308,67.6907601932399,7576.862077356775,997.4627816074047,MIDCOURSE,Trajectory,31.25596835294812
136.0,A1001,A0100,B0100,-5230.836319534376,-469.7730144853285,6814.212752573039,1022.2550700933397,MIDCOURSE,Trajectory,32.038176373147635
136.0,A2002,A0200,B0100,-5723.846617834442,17.5191304148038,7092.7581893571605,1031.989046351515,MIDCOURSE,Trajectory,32.53800802553117
136.0,A1002,A0100,B0100,-6885.829017848155,-409.94685734148874,6961.438631613824,1059.7281141017336,MIDCOURSE,Trajectory,33.68118081069051
136.0,B1001,B0100,A0200,21475.360233790412,1070.6762067520388,1970.3432526240551,649.8815920001897,MIDCOURSE,Trajectory,36.38886820902086
136.20000000000002,A2001,A0200,B0100,-4111.687746677328,72.62993401208506,7564.612668841118,994.0306166264374,MIDCOURSE,Trajectory,31.05307964660262
136.20000000000002,A1001,A0100,B0100,-5027.95966523928,-464.71681819933224,6792.393085458608,1018.528877613972,MIDCOURSE,Trajectory,31.828565370939387
136.20000000000002,A2002,A0200,B0100,-5518.652938087497,20.715878471718646,7074.192712490335,1028.2692411556463,MIDCOURSE,Trajectory,32.32650695756408
136.20000000000002,A1002,A0100,B0100,-6675.453152623256,-405.08483990808736,6939.349257258937,1055.8312929045767,MIDCOURSE,Trajectory,33.46379858247945
136.20000000000002,B1001,B0100,A0200,21346.0523809987,1067.3296673063617,1990.56146733134,660.1868091666792,MIDCOURSE,Trajectory,36.21688183422725
136.4,A2001,A0200,B0100,-3913.6586954608556,77.81119085139129,7552.090335824837,990.6083387315548,MIDCOURSE,Trajectory,30.851126346091323
136.4,A1001,A0100,B0100,-4825.853824530677,-459.40843813571723,6770.431860901603,1014.811019219026,MIDCOURSE,Trajectory,31.619928097749806
136.4,A2002,A0200,B0100,-5314.2260691960655,24.16114470507577,7055.446168699892,1024.5586951470807,MIDCOURSE,Trajectory,32.11597971018389
136.4,A1002,A0100,B0100,-6465.880092728067,-399.98279325448675,6917.126865766037,1051.9435370056858,MIDCOURSE,Trajectory,33.247417766090486
136.4,B1001,B0100,A0200,21214.729101001718,1063.8964089537535,2011.2130555764215,670.4808168587725,MIDCOURSE,Trajectory,36.042831480910955
136.6,A2001,A0200,B0100,-3716.339115492401,83.23549377687394,7539.290710939939,987.1960293000643,MIDCOURSE,Trajectory,30.65014795233042
136.6,A1001,A0100,B0100,-4624.5182624026675,-453.84703671333284,6748.324426184304,1011.1015557555581,MIDCOURSE,Trajectory,31.412304273345896
136.6,A2002,A0200,B0100,-5110.565224682396,27.85582374735823,7036.514016556057,1020.8574643048363,MIDCOURSE,Trajectory,31.906465726760572
136.6,A1002,A0100,B0100,-6257.109066696577,-394.63985540770386,6894.766887998626,1048.0648884214074,MIDCOURSE,Trajectory,33.03207782220265
136.6,B1001,B0100,A0200,21081.394307597777,1060.3746568348104,2032.299700176868,680.7517329293651,MIDCOURSE,Trajectory,35.86673860714481
136.8,A2001,A0200,B0100,-3519.728179999865,88.90384165085074,7526.209616512648,983.7937993096746,MIDCOURSE,Trajectory,30.450180159094657
136.8,A1001,A0100,B0100,-4423.95243694224,-448.0317467885744,6726.066298057713,1007.400573227506,MIDCOURSE,Trajectory,31.20572998463121
136.8,A2002,A0200,B0100,-4907.66961594267,31.800846585506985,7017.391885045518,1017.1656327888895,MIDCOURSE,Trajectory,31.698000759637658
136.8,A1002,A0100,B0100,-6049.139299276377,-389.0551312438885,6872.2649137300905,1044.1954150306274,MIDCOURSE,Trajectory,32.817814589784284
136.8,B1001,B0100,A0200,20946.04934314404,1056.765133241647,2053.818359353964,691.0277901766392,MIDCOURSE,Trajectory,35.688472810956284
137.0,A2001,A0200,B0100,-3323.825058144036,94.81729786494685,7512.843103310724,980.4017775214143,MIDCOURSE,Trajectory,30.251247744900315
137.0,A1001,A0100,B0100,-4224.155792437627,-441.9616435531767,6703.653202144917,1003.7081596164785,MIDCOURSE,Trajectory,31.0002307509267
137.0,A2002,A0200,B0100,-4705.538444737734,35.997207844099044,6998.075612321508,1013.4832957775045,MIDCOURSE,Trajectory,31.49060985435899
137.0,A1002,A0100,B0100,-5841.97000440263,-383.22766574096033,6849.616729991579,1040.3351898185576,MIDCOURSE,Trajectory,32.604653350036116
137.0,B1001,B0100,A0200,20808.691950703535,1053.0669052169067,2075.7603285109567,701.311308170654,MIDCOURSE,Trajectory,35.50800400247724
137.0,B1002,B0100,A0200,26011.085238832264,2278.8215509169786,653.4007728922335,263.5817710304133,BOOST,Trajectory,40.92169374162324
137.20000000000002,A2001,A0200,B0100,-3128.6289090444366,100.97706060766109,7499.187516432208,977.0201058553309,MIDCOURSE,Trajectory,30.05336225403774
137.20000000000002,A1001,A0100,B0100,-4025.127755355501,-435.63567596920063,6681.081141242214,1000.0243908704974,MIDCOURSE,Trajectory,30.795819347924148
137.20000000000002,A2002,A0200,B0100,-4504.170897143832,40.446032665205585,6978.56131241278,1009.8105497782285,MIDCOURSE,Trajectory,31.284305105016646
137.20000000000002,A1002,A0100,B0100,-5635.600380518545,-377.1563786782948,6826.818387639104,1036.4842782140522,MIDCOURSE,Trajectory,32.39260664644841
137.20000000000002,B1001,B0100,A0200,20669.32029762943,1049.279326387791,2098.1179181021153,711.5869829873444,MIDCOURSE,Trajectory,35.325383603889115
137.20000000000002,B1002,B0100,A0200,25958.027332909594,2275.908380260385,662.8142850601378,277.21456427512896,BOOST,Trajectory,40.8264655563105
137.4,A2001,A0200,B0100,-2934.138882326878,107.38449202626873,7485.23951038066,973.6488811956712,MIDCOURSE,Trajectory,29.856528080364054
137.4,A1001,A0100,B0100,-3826.8677358252826,-429.05263793492406,6658.346413300653,996.3493237912695,MIDCOURSE,Trajectory,30.592501143243098
137.4,A2002,A0200,B0100,-4303.566143897672,45.14860421956422,6958.845392322543,1006.1474637476817,MIDCOURSE,Trajectory,31.079091319177202
137.4,A1002,A0100,B0100,-5430.029611364446,-370.8400375567075,6803.866219332138,1032.642728074032,MIDCOURSE,Trajectory,32.181679613622286
137.4,B1001,B0100,A0200,20527.937399206963,1045.4041294795506,2120.891613447496,721.8377973933651,MIDCOURSE,Trajectory,35.1407460099148
137.4,B1002,B0100,A0200,25902.284289642277,2272.8475894876547,672.7045787982072,290.89697668883605,BOOST,Trajectory,40.72854498913784
137.6,A2001,A0200,B0100,-2740.3541346422708,114.04104296187894,7470.99594761062,970.2881541628752,MIDCOURSE,Trajectory,29.660753793296664
137.6,A1001,A0100,B0100,-3629.375140215503,-422.21124038935255,6635.445512809705,992.6830115287595,MIDCOURSE,Trajectory,30.39028517397717
137.6,A2002,A0200,B0100,-4103.723355084331,50.1062911954975,6938.924454519735,1002.4940852607201,MIDCOURSE,Trajectory,30.874977197377838
137.6,A1002,A0100,B0100,-5225.256878133822,-364.2773276208504,6780.756744721329,1028.810581578761,MIDCOURSE,Trajectory,31.971881049209788
137.6,B1001,B0100,A0200,20384.550700218177,1041.4385404942666,2144.086680840121,732.0535775786474,MIDCOURSE,Trajectory,34.95413983017311
137.6,B1002,B0100,A0200,25843.84652269662,2269.6385500475717,683.0735620011736,304.62756195769225,BOOST,Trajectory,40.62796835904116
137.8,A2001,A0200,B0100,-2547.273829693793,120.94821920950407,7456.4538775895635,966.9380233193757,MIDCOURSE,Trajectory,29.466058541889748
137.8,A1001,A0100,B0100,-3432.649368694285,-415.1101443723406,6612.375107797772,989.0255500434877,MIDCOURSE,Trajectory,30.189191260769956
137.8,A2002,A0200,B0100,-3904.641699448336,55.32051592418612,6918.795274895018,998.850504462854,MIDCOURSE,Trajectory,30.671982136448584
137.8,A1002,A0100,B0100,-5021.281357639043,-357.46688296644294,6757.486647927115,1024.987920843827,MIDCOURSE,Trajectory,31.76323053336759
137.8,B1001,B0100,A0200,20239.169469473018,1037.3831891221303,2167.7115393255976,742.2314106458493,MIDCOURSE,Trajectory,34.765568967863594
137.8,B1002,B0100,A0200,25782.704736561187,2266.28064635897,693.9231081436125,318.40483818055645,BOOST,Trajectory,40.52472229676994
138.0,A2001,A0200,B0100,-2354.8971195114727,128.10761974765413,7441.610615969303,963.5986681093134,MIDCOURSE,Trajectory,29.272467621702464
138.0,A1001,A0100,B0100,-3236.689797493302,-407.74792500911263,6589.132114804299,985.3770887214941,MIDCOURSE,Trajectory,29.98924597798861
138.0,A2002,A0200,B0100,-3706.320326496966,60.792791837177,6898.4548775747035,995.216874672316,MIDCOURSE,Trajectory,30.470132032999523
138.0,A1002,A0100,B0100,-4818.102205567345,-350.40725053980356,6734.052849476219,1021.1748802591067,MIDCOURSE,Trajectory,31.555754406850795
138.0,B1001,B0100,A0200,20091.80159033688,1033.238561738883,2191.7719995218386,752.3749609454882,MIDCOURSE,Trajectory,34.57511293058914
138.0,B1002,B0100,A0200,25718.84993344947,2262.7732760599965,705.2550558152424,332.22728898048126,BOOST,Trajectory,40.418870760940216
138.20000000000002,A2001,A0200,B0100,-2163.2231210823047,135.5210135574127,7426.463861907684,960.2703436335682,MIDCOURSE,Trajectory,29.080004170261944
138.20000000000002,A1001,A0100,B0100,-3041.4957578564486,-400.12299787533925,6565.7138134204,981.7378177002295,MIDCOURSE,Trajectory,29.790474555873217
138.20000000000002,A2002,A0200,B0100,-3508.7583441095494,66.52479772127435,6877.900648382846,991.5934046275044,MIDCOURSE,Trajectory,30.26945110570172
138.20000000000002,A1002,A0100,B0100,-4615.718536082703,-343.09681823237685,6710.4526168467455,1017.3716364576446,MIDCOURSE,Trajectory,31.349477679586954
138.20000000000002,B1001,B0100,A0200,19942.45526123798,1029.0022323007647,2216.273246153924,762.484804387165,MIDCOURSE,Trajectory,34.38266582686255
138.20000000000002,B1002,B0100,A0200,25652.27341993213,2259.115850797466,717.0712079333821,346.09336783089486,BOOST,Trajectory,40.310287914030134
138.4,A2001,A0200,B0100,-1972.2508957306238,143.19043917589443,7411.011823740562,956.9533551134009,MIDCOURSE,Trajectory,28.88867920755502
138.4,A1001,A0100,B0100,-2847.0665182167777,-392.2335227519773,6542.117972118161,978.1079417448922,MIDCOURSE,Trajectory,29.592891018093212
138.4,A2002,A0200,B0100,-3311.9547985273302,72.51847337298527,6857.130458784138,987.9803348463772,MIDCOURSE,Trajectory,30.06995200211364
138.4,A1002,A0100,B0100,-4414.129403990723,-335.53372189240184,6686.683686523889,1013.5783852376123,MIDCOURSE,Trajectory,31.144414174730592
138.4,B1001,B0100,A0200,19791.1364981784,1024.6733035149782,2241.217255791034,772.5724064771099,MIDCOURSE,Trajectory,34.18810553204951
138.4,B1002,B0100,A0200,25582.96681059127,2255.3077966435085,729.3733232532396,360.00150757841436,BOOST,Trajectory,40.198832182996405
138.6,A2001,A0200,B0100,-1781.9794362131613,151.11831258692848,7395.253330990764,953.6480115921236,MIDCOURSE,Trajectory,28.69848083479768
138.6,A1001,A0100,B0100,-2653.401274059827,-384.0772984993083,6518.342964267418,974.4876391801015,MIDCOURSE,Trajectory,29.396487345543903
138.6,A2002,A0200,B0100,-3115.9086614206017,78.77612270822802,6836.142779333261,984.3778967942757,MIDCOURSE,Trajectory,29.87162498653513
138.6,A1002,A0100,B0100,-4213.333793719803,-327.71574472935873,6662.744377299735,1009.7953037248903,MIDCOURSE,Trajectory,30.940555696845767
138.6,B1001,B0100,A0200,19637.848461191923,1020.2517225436399,2266.602055490449,782.6497291661949,MIDCOURSE,Trajectory,33.99147723281711
138.6,B1002,B0100,A0200,25510.92203034394,2251.34855464981,742.163106184007,373.9501181762765,BOOST,Trajectory,40.08453628182539
138.8,A2001,A0200,B0100,-1592.407667836305,159.30753599705028,7379.187912841599,950.3545591515552,MIDCOURSE,Trajectory,28.50936766393842
138.8,A1001,A0100,B0100,-2460.499152009886,-375.65165638838994,6494.387854346825,970.8769977426159,MIDCOURSE,Trajectory,29.201226796483265
138.8,A2002,A0200,B0100,-2920.618830646483,85.30051727900185,6814.936762867008,980.7862485699259,MIDCOURSE,Trajectory,29.67443128868583
138.8,A1002,A0100,B0100,-4013.330621605788,-319.6402160749674,6638.63367530624,1006.0224884707652,MIDCOURSE,Trajectory,30.737865337108353
138.8,B1001,B0100,A0200,19482.59417237683,1015.7374188574062,2292.425799095461,792.7078457702395,MIDCOURSE,Trajectory,33.792809464588764
138.8,B1002,B0100,A0200,25436.131318920205,2247.2375815698833,755.4422033166965,387.93758372524934,BOOST,Trajectory,39.96741624539843
139.0,A2001,A0200,B0100,-1403.5344764597812,167.76160941233107,7362.815808598514,947.0729994412633,MIDCOURSE,Trajectory,28.321233870391595
139.0,A1001,A0100,B0100,-2268.3592416771894,-366.9533493548369,6470.252423563565,967.2758557902392,MIDCOURSE,Trajectory,29.00700834072907
139.0,A2002,A0200,B0100,-2726.0841575202703,92.09500135595181,6793.512266155647,977.205314297929,MIDCOURSE,Trajectory,29.4782678025356
139.0,A1002,A0100,B0100,-3814.1187641744714,-311.30390816703954,6614.3512614581105,1002.2598065396365,MIDCOURSE,Trajectory,30.53624190685374
139.0,B1001,B0100,A0200,19325.37413545199,1011.1294981373921,2318.682026806858,802.7712701715748,MIDCOURSE,Trajectory,33.592056112428565
139.0,B1002,B0100,A0200,25358.587234501563,2242.974349722744,769.2121978784211,401.9622700526972,BOOST,Trajectory,39.847413836637585
139.20000000000002,A2001,A0200,B0100,-1215.35880401792,176.48461019215003,7346.137704789688,943.8028485026078,MIDCOURSE,Trajectory,28.133897444063944
139.20000000000002,A1001,A0100,B0100,-2076.9806911453825,-357.9785656258823,6445.9369378641995,963.6836712030617,MIDCOURSE,Trajectory,28.813652605133633
139.20000000000002,A2002,A0200,B0100,-2532.303538194024,99.16346729566732,6771.869614144142,973.6346129741817,MIDCOURSE,Trajectory,29.282954018054394
139.20000000000002,A1002,A0100,B0100,-3615.6971461775092,-302.7030577344021,6589.897291863703,998.5067665056707,MIDCOURSE,Trajectory,30.335505873822896
139.20000000000002,B1001,B0100,A0200,19166.187296220643,1006.4286540083087,2345.36366490865,812.8232127952033,MIDCOURSE,Trajectory,33.38927443978648
139.20000000000002,B1002,B0100,A0200,25278.282828886426,2238.558172367883,783.4749781827988,416.0214653145528,BOOST,Trajectory,39.72458379184524
139.4,A2001,A0200,B0100,-1027.8797765393983,185.48091624916296,7329.154208248062,940.543258257958,MIDCOURSE,Trajectory,27.947160103972344
139.4,A1001,A0100,B0100,-1886.3628247772863,-348.7231910590224,6421.441647217704,960.099694477286,MIDCOURSE,Trajectory,28.62096078310349
139.4,A2002,A0200,B0100,-2339.2760343849404,106.51008509060007,6750.0091006899665,970.0733986015974,MIDCOURSE,Trajectory,29.088291327162015
139.4,A1002,A0100,B0100,-3418.064851852355,-293.8336268520801,6565.271916962512,994.7626727784638,MIDCOURSE,Trajectory,30.135458243910723
139.4,B1001,B0100,A0200,19005.036782873256,1001.634092773673,2372.4682773283807,822.8566872629717,MIDCOURSE,Trajectory,33.18440460895239
139.4,B1002,B0100,A0200,25195.21151096747,2233.9883846921,798.2323478484026,430.1144130411119,BOOST,Trajectory,39.598857523219365
139.6,A2001,A0200,B0100,-841.0967822935024,194.75488957858784,7311.865413607056,937.2932412312138,MIDCOURSE,Trajectory,27.76083698399937
139.6,A1001,A0100,B0100,-1696.5052084893039,-339.18311369415824,6396.766360379693,956.5231529805014,MIDCOURSE,Trajectory,28.42874510531579
139.6,A2002,A0200,B0100,-2147.0009456835737,114.13899666315945,6727.930568024916,966.5208542793874,MIDCOURSE,Trajectory,28.894093165284627
139.6,A1002,A0100,B0100,-3221.2211882248002,-284.6915996620295,6540.474870555841,991.0268011460456,MIDCOURSE,Trajectory,29.935911046791905
139.6,B1001,B0100,A0200,18842.351377810406,996.7588943326621,2399.921022363209,824.2294699223872,MIDCOURSE,Trajectory,32.97793058053102
139.6,B1002,B0100,A0200,25109.36686072611,2229.2644741492472,813.4857569257326,444.2393875324995,BOOST,Trajectory,39.47028062780683
139.8,A2001,A0200,B0100,-655.0095077662615,204.31062899960006,7294.270618663818,934.0517713937636,MIDCOURSE,Trajectory,27.574763487132458
139.8,A1001,A0100,B0100,-1507.4076748879133,-329.35446256238225,6371.9101608317915,952.9533237132696,MIDCOURSE,Trajectory,28.236836163551697
139.8,A2002,A0200,B0100,-1955.4778408975608,122.05407740492234,6705.633126860456,962.9761752445457,MIDCOURSE,Trajectory,28.700192142307554
139.8,A1002,A0100,B0100,-3025.165709848629,-275.27321420734637,6515.505194664829,987.2984703254388,MIDCOURSE,Trajectory,29.736694675077537
139.8,B1001,B0100,A0200,18680.323698905897,991.8696420718501,2427.3573559506976,819.4462180225614,MIDCOURSE,Trajectory,32.772233170886295
139.8,B1002,B0100,A0200,25020.742803258127,2224.3859454009653,829.2366047868308,458.3946187095878,BOOST,Trajectory,39.33900936822837
140.0,A2001,A0200,B0100,-469.61795992026293,214.15170623639938,7276.3680548821685,930.817822182487,MIDCOURSE,Trajectory,27.388820316795844
140.0,A1001,A0100,B0100,-1319.0703356797742,-319.23386349921327,6346.871131987909,949.3895840177671,MIDCOURSE,Trajectory,28.04510748648212
140.0,A2002,A0200,B0100,-1764.706577202755,130.2586826200737,6683.114887038715,959.4386084918503,MIDCOURSE,Trajectory,28.506464772357482
140.0,A1002,A0100,B0100,-2829.898232030404,-265.5752091831891,6490.360972541218,983.5770846707105,MIDCOURSE,Trajectory,29.5376824341209
140.0,B1001,B0100,A0200,18519.252107389686,986.9740447264047,2454.7334711958138,814.7147166796323,MIDCOURSE,Trajectory,32.56756934511227
140.0,B1002,B0100,A0200,24929.33361943415,2219.3523212541854,845.486252223539,472.5783045510857,BOOST,Trajectory,39.204991370366606
140.20000000000002,A2001,A0200,B0100,-284.9224626865649,224.2808345370734,7258.154641999452,927.5905847028911,MIDCOURSE,Trajectory,27.202997612060184
140.20000000000002,A1001,A0100,B0100,-1131.4935681478935,-308.81876287740187,6321.646090255023,945.8315974707021,MIDCOURSE,Trajectory,27.85354019912213
140.20000000000002,A2002,A0200,B0100,-1574.6872966615078,138.75533221700533,6660.372699956633,955.9076346187983,MIDCOURSE,Trajectory,28.312895837828332
140.20000000000002,A1002,A0100,B0100,-2635.4188219408957,-255.59513141365824,6465.039066854509,979.8622991331621,MIDCOURSE,Trajectory,29.33885514655103
140.20000000000002,B1001,B0100,A0200,18359.12687614059,982.0705767552997,2482.0531430251667,810.032209900668,MIDCOURSE,Trajectory,32.36387308266834
140.20000000000002,B1002,B0100,A0200,24835.133948983137,2214.163142309365,862.2360163853308,486.7886337562125,BOOST,Trajectory,39.068162205554366
140.4,A2001,A0200,B0100,-100.92357584857047,234.69968189594118,7239.626066788151,924.3696698495539,MIDCOURSE,Trajectory,27.01739364629952
140.4,A1001,A0100,B0100,-944.6779320890297,-298.10761616067225,6296.2306186822325,942.2793810645671,MIDCOURSE,Trajectory,27.662224341746136
140.4,A2002,A0200,B0100,-1385.4203529150145,147.54553920890757,6637.402202668377,952.383084767572,MIDCOURSE,Trajectory,28.11957859275372
140.4,A1002,A0100,B0100,-2441.7277264638055,-245.3315050380447,6439.535145198236,976.1540855280371,MIDCOURSE,Trajectory,29.140302476630783
140.4,B1001,B0100,A0200,18199.940264072597,977.1589573164092,2509.322990543059,805.3891402326583,MIDCOURSE,Trajectory,32.161160789619466
140.4,B1002,B0100,A0200,24738.138791421814,2208.8179675736806,879.4871635990373,501.0237786984479,BOOST,Trajectory,38.92854202911754
140.6,A2001,A0200,B0100,82.37800689925515,245.40898214918508,7220.77714306993,921.1549812348416,MIDCOURSE,Trajectory,26.83213766419032
140.6,A1001,A0100,B0100,-758.6240771552602,-287.0997864872411,6270.619394691074,938.7331231255766,MIDCOURSE,Trajectory,27.471282862408433
140.6,A2002,A0200,B0100,-1196.9062192279803,156.6299223268195,6614.19814839913,948.8649990498042,MIDCOURSE,Trajectory,27.92663836057349
140.6,A1002,A0100,B0100,-2248.8252878867443,-234.78372401430914,6413.843992336666,972.4525759046263,MIDCOURSE,Trajectory,28.942147001016913
140.6,B1001,B0100,A0200,18041.684725314135,972.2396731830288,2536.549227339949,800.7986813443532,MIDCOURSE,Trajectory,31.95944091614257
140.6,B1002,B0100,A0200,24638.343509768543,2203.316374922394,897.2409086466862,515.2818929657127,BOOST,Trajectory,38.786142541161446
140.8,A2001,A0200,B0100,264.98152462303193,256.40872657102705,7201.602143466266,917.9465813435138,MIDCOURSE,Trajectory,26.647356294601746
140.8,A1001,A0100,B0100,-573.3326867895769,-275.7953617056884,6244.806510054634,935.1930751164288,MIDCOURSE,Trajectory,27.280837665176062
140.8,A2002,A0200,B0100,-1009.1454282918953,166.00839214768052,6590.754724465606,945.3535176734877,MIDCOURSE,Trajectory,27.734198778048924
140.8,A1002,A0100,B0100,-2056.7118910668114,-223.95187199202297,6387.959818121449,968.7579656916025,MIDCOURSE,Trajectory,28.744510284565866
140.8,B1001,B0100,A0200,17884.34785211931,967.3137849735834,2563.731715204696,796.2715300061788,MIDCOURSE,Trajectory,31.758554478175185
140.8,B1002,B0100,A0200,24535.743831986318,2197.657960235137,915.4984089889889,529.5611311429159,BOOST,Trajectory,38.64080507944088
141.0,A2001,A0200,B0100,446.8861869748855,267.69830920877195,7182.095019285233,914.7446113129259,MIDCOURSE,Trajectory,26.46314469038779
141.0,A1001,A0100,B0100,-388.8044472866818,-264.1950139012706,6218.785690200886,931.6595205001562,MIDCOURSE,Trajectory,27.09098014538734
141.0,A2002,A0200,B0100,-822.1385371662475,175.6802905334523,6567.065768532222,941.8488391974778,MIDCOURSE,Trajectory,27.542352691591105
141.0,A1002,A0100,B0100,-1865.387933065628,-212.83658678701187,6361.876469847752,965.0704913164556,MIDCOURSE,Trajectory,28.54748349272321
141.0,B1001,B0100,A0200,17727.913849799537,962.380931996055,2590.86480910335,791.8326350305997,MIDCOURSE,Trajectory,31.558449451050333
141.0,B1002,B0100,A0200,24430.335845347632,2191.842337461564,934.2607470330038,543.8596650204727,BOOST,Trajectory,38.49248498826581
141.20000000000002,A2001,A0200,B0100,628.091229132765,279.276598362218,7162.249619525678,911.5496447048973,MIDCOURSE,Trajectory,26.27967884589774
141.20000000000002,A1001,A0100,B0100,-205.03999370234075,-252.29993083339556,6192.5505083811,928.1330956090784,MIDCOURSE,Trajectory,26.901884466235444
141.20000000000002,A2002,A0200,B0100,-635.8860721913912,185.64445985886985,6543.124981281285,938.3515282200318,MIDCOURSE,Trajectory,27.351274851906016
141.20000000000002,A1002,A0100,B0100,-1674.8537705810493,-201.43899304915297,6335.587639320002,961.390716387991,MIDCOURSE,Trajectory,28.35124051022007
141.20000000000002,B1001,B0100,A0200,17572.365435056785,957.440226506874,2617.941387922048,787.4596403242675,MIDCOURSE,Trajectory,31.35919400677559
141.20000000000002,B1002,B0100,A0200,24322.115994447402,2185.8691391641287,953.5289228727693,558.175647565128,BOOST,Trajectory,38.3412686408328
141.4,A2001,A0200,B0100,808.596088721253,291.14217738334906,7142.060318475299,908.3628101817078,MIDCOURSE,Trajectory,26.097236333169022
141.4,A1001,A0100,B0100,-22.039747279316906,-240.11159674203134,6166.094953961226,924.6148347400018,MIDCOURSE,Trajectory,26.713829739910523
141.4,A2002,A0200,B0100,-450.3883692131446,195.89948660910596,6518.926499656503,934.8625801634555,MIDCOURSE,Trajectory,27.161243336343325
141.4,A1002,A0100,B0100,-1485.1095734713124,-189.76047006738764,6309.087402040184,957.7195660215286,MIDCOURSE,Trajectory,28.156059999129344
141.4,B1001,B0100,A0200,17417.690510776254,952.4918214062122,2644.9610732582,783.1382660791231,MIDCOURSE,Trajectory,31.16072635023401
141.4,B1002,B0100,A0200,24211.081088966872,2179.738016191283,973.3038647234217,572.5072022568959,BOOST,Trajectory,38.18710465240849
141.6,A2001,A0200,B0100,988.4004955072522,303.2936621008126,7121.522432586409,905.1852546192708,MIDCOURSE,Trajectory,25.916031375003016
141.6,A1001,A0100,B0100,160.19616451718176,-227.6314884691507,6139.413843467836,921.1057402080323,MIDCOURSE,Trajectory,26.527033695419686
141.6,A2002,A0200,B0100,-265.64548900801003,206.44400797434926,6494.465302901875,931.3829970366351,MIDCOURSE,Trajectory,26.97247413686659
141.6,A1002,A0100,B0100,-1296.1552484894419,-177.8023549819302,6282.370613868272,954.0579566443022,MIDCOURSE,Trajectory,27.96215933633253
141.6,B1001,B0100,A0200,17263.8799464188,947.5356977566069,2671.9268637983346,778.8593284803179,MIDCOURSE,Trajectory,30.96311091657544
141.6,B1002,B0100,A0200,24097.22830951186,2173.4486377660837,993.5864353673704,586.8524311238726,BOOST,Trajectory,38.03006772504028
141.8,A2001,A0200,B0100,1167.5044580175265,315.7299208197871,7100.632315770477,902.0179576954048,MIDCOURSE,Trajectory,25.73620169146094
141.8,A1001,A0100,B0100,341.66789404804115,-214.86085799036368,6112.502944559373,917.606641361346,MIDCOURSE,Trajectory,26.341638508577176
141.8,A2002,A0200,B0100,-81.65722431120514,217.2769181925973,6469.737327929079,927.9136325176868,MIDCOURSE,Trajectory,26.785107403491978
141.8,A1002,A0100,B0100,-1107.9904467648541,-165.56574085823635,6255.43303614101,950.4066612844888,MIDCOURSE,Trajectory,27.769680434922833
141.8,B1001,B0100,A0200,17110.929446113,942.5716277768962,2698.8484056142916,774.5989286292814,MIDCOURSE,Trajectory,30.766503012531416
141.8,B1002,B0100,A0200,23980.555215663488,2167.0006930497066,1014.3774439378564,601.2093974908049,BOOST,Trajectory,37.87032134580918
142.0,A2001,A0200,B0100,1345.9082119893692,328.45027969202664,7079.38735511531,898.8616135418741,MIDCOURSE,Trajectory,25.557807972839772
142.0,A1001,A0100,B0100,522.3758211799537,-201.80052847135403,6085.359003268058,914.1180544253127,MIDCOURSE,Trajectory,26.157710365565414
142.0,A2002,A0200,B0100,101.57685508872812,228.39756082847092,6444.739488352409,924.4550581860661,MIDCOURSE,Trajectory,26.599206851880705
142.0,A1002,A0100,B0100,-920.6146081149675,-153.05128836724998,6228.271367380887,946.7661711922058,MIDCOURSE,Trajectory,27.57868921935481
142.0,B1001,B0100,A0200,16958.83560464284,937.5992788776114,2725.7351709823265,770.3750035561468,MIDCOURSE,Trajectory,30.570835480282778
142.0,B1002,B0100,A0200,23861.05975480074,2160.3938921730514,1035.677657492391,615.576148166994,BOOST,Trajectory,37.70779816338606
142.20000000000002,A2001,A0200,B0100,1523.612129910593,341.4546873872124,7057.785851134401,895.7165151324556,MIDCOURSE,Trajectory,25.38084322473669
142.20000000000002,A1001,A0100,B0100,702.3204590989437,-188.45072936388837,6057.979657540725,910.6401407338103,MIDCOURSE,Trajectory,25.975246578368296
142.20000000000002,A2002,A0200,B0100,284.05731634146633,239.8058818720517,6419.469580658018,921.0074896035337,MIDCOURSE,Trajectory,26.414767847651987
142.20000000000002,A1002,A0100,B0100,-734.0270459124409,-140.25907554928915,6200.88316477603,943.136648531799,MIDCOURSE,Trajectory,27.389182765173256
142.20000000000002,B1001,B0100,A0200,16807.591327784143,932.6185567266202,2752.591823126595,766.1918992750875,MIDCOURSE,Trajectory,30.375992291288224
142.20000000000002,B1002,B0100,A0200,23738.74026011786,2153.627965399082,1057.4877932990366,629.9507485598734,BOOST,Trajectory,37.54238431146463
142.4,A2001,A0200,B0100,1700.6166291650536,354.74349852913554,7035.826644724716,892.5828121875285,MIDCOURSE,Trajectory,25.205293721491962
142.4,A1001,A0100,B0100,881.502369036376,-174.81130071069444,6030.363083792057,907.1730043882195,MIDCOURSE,Trajectory,25.794236026474657
142.4,A2002,A0200,B0100,465.7847772146352,251.50221759119543,6393.925931903044,917.5710538840758,MIDCOURSE,Trajectory,26.231778109844125
142.4,A1002,A0100,B0100,-548.2270265066271,-127.18880203656556,6173.26650588331,939.5181995628625,MIDCOURSE,Trajectory,27.20114976531383
142.4,B1001,B0100,A0200,16657.187472807535,927.6299433607892,2779.4199897802846,762.0599733131295,MIDCOURSE,Trajectory,30.18199482497387
142.4,B1002,B0100,A0200,23613.94814754631,2146.722183202261,1079.7455976293663,635.7211611341291,BOOST,Trajectory,37.374467626215235
142.6,A2001,A0200,B0100,1876.9221973925662,368.31739384769605,7013.509146151604,889.4612497194041,MIDCOURSE,Trajectory,0.0
142.6,A1001,A0100,B0100,1059.9221919380398,-160.88176972859426,6002.508024245277,903.717399870551,MIDCOURSE,Trajectory,0.0
142.6,A2002,A0200,B0100,646.7599339275699,263.487218656033,6368.107428016347,914.1465199356844,MIDCOURSE,Trajectory,0.0
142.6,A1002,A0100,B0100,-363.2137392792862,-113.839861979671,6145.420015941314,935.9115819474788,MIDCOURSE,Trajectory,0.0
142.6,B1001,B0100,A0200,16507.615480076962,922.6367182092087,2806.2229980092397,757.9706076346259,MIDCOURSE,Trajectory,29.988864404527874
142.6,B1002,B0100,A0200,23489.220370413128,2139.8168024716124,1101.9989189284834,632.9026719493254,BOOST,Trajectory,37.20665889519392
