Time_s,Agent_ID,X_m,Y_m,Z_m,Velocity_m_s,Heading_deg,Pitch_deg,Roll_deg,action_type,Action_Intent
0.0,A0100,-44608.46672848676,1.5279510989785194e-10,5940.288019481175,365.76,360.0,3.1805546814635168e-15,1.0652838229764687e-16,,
0.0,A0200,-44608.424348338034,558.5319892462248,5940.26394420591,365.7600000000001,360.0,1.5902773407317584e-15,1.5902773407317584e-15,,
0.0,B0100,44611.16398648509,5.093170329928398e-11,5940.275465821418,365.76,180.0,-4.4139062980501586e-32,-1.5902773407317584e-15,,search
0.0,B0200,44611.205339281674,544.992419144115,5940.251974163399,365.76000000000016,180.0,3.1805546814635168e-15,6.940940998533377e-16,,search
1.0,A0100,-44245.48616095292,0.02108206528282608,5943.048280794877,360.29976536353337,0.0015407106043769183,-0.500552956399114,0.008965770967063781,,
1.0,A0200,-44245.443781766495,558.4982249754939,5943.024206066277,360.29976536353246,0.0015407106043839505,-0.5005529563990504,0.008965770967002648,,
1.0,B0100,44248.18331559492,-0.021267322708808933,5943.035503650532,360.29996639202903,180.00155211504554,-0.5005972711711617,0.009042068704644728,,search
1.0,B0200,44248.2246693643,545.0264740756829,5943.012011439885,360.2999663920283,180.00155211504563,-0.5005972711711268,0.009042068704592593,,search
2.0,A0100,-43887.69300859355,0.08004537940723822,5944.678155956974,355.43937986427454,0.005050637229978894,-0.7204963605502722,0.031852235823209216,,
2.0,A0200,-43887.65062456767,558.5030317234014,5944.654078479181,355.43937986427403,0.00505063722998919,-0.7204963605501753,0.03185223582309388,,
2.0,B0100,43890.389860874915,-0.08067853777902201,5944.664787026897,355.43977909752016,180.00508553527825,-0.7205989042405716,0.032100683564176724,,search
2.0,B0200,43890.43120975663,545.0215004413967,5944.641297592829,355.43977909751885,180.00508553527825,-0.720598904240403,0.032100683564015076,,search
3.0,A0100,-43534.16628252561,0.17527223694560234,5944.80140491879,351.9303637748663,0.009570105980092586,-0.971455047446216,0.0628321238395687,,
3.0,A0200,-43534.123888120535,558.5446195804652,5944.777321544794,351.93036377486567,0.009570105980085623,-0.9714550474461985,0.06283212383926856,,
3.0,B0100,43536.86263389736,-0.17643478332502127,5944.787094434665,351.9309683637881,180.00962086812186,-0.9716159298094872,0.06322355551163795,,search
3.0,B0200,43536.903972318,544.9794044380706,5944.763610943322,351.9309683637872,180.00962086812189,-0.9716159298093104,0.0632235555114335,,search
4.0,A0100,-43183.0887874319,0.30853025855321903,5943.270374433054,350.45949756002057,0.014697875733562363,-1.2588912784538417,0.0995464536303558,,
4.0,A0200,-43183.046376855316,558.6244676740898,5943.246281873433,350.4594975600208,0.014697875733563407,-1.258891278453864,0.09954645362997279,,
4.0,B0100,43185.78443164665,-0.31013215470193245,5943.254760146443,350.4603222205621,180.0147467361252,-1.2591123417276024,0.09998006197777401,,search
4.0,B0200,43185.82575381181,544.8988530118477,5943.231285889491,350.46032222056056,180.01474673612518,-1.2591123417274068,0.09998006197749336,,search
5.0,A0100,-42833.18678370039,0.4830109794202144,5939.970012013597,349.39047326373753,0.020354068823307002,-1.548353552325547,0.1412713367553755,,
5.0,A0200,-42833.14435069627,558.745564323217,5939.945906711215,349.39047326373736,0.020354068823308553,-1.5483535523255834,0.14127133675508255,,
5.0,B0100,42835.88150284224,-0.4847770416745334,5939.952710098165,349.3915341895881,180.02037743572365,-1.5486378280077535,0.14159955758282508,,search
5.0,B0200,42835.92280250869,544.7770231522663,5939.9292486211925,349.3915341895872,180.02037743572353,-1.5486378280075623,0.14159955758266582,,search
6.0,A0100,-42484.334058404296,0.7024998519227665,5934.873024500057,348.40385005620254,0.026562486099138402,-1.841493878680942,0.1883577481480045,,
6.0,A0200,-42484.291596141586,558.9116734666823,5934.848902577558,348.4038500562026,0.026562486099160586,-1.841493878680915,0.1883577481478885,,
6.0,B0100,42487.02762169092,-0.7039537360233226,5934.85362638631,348.4051654199497,180.02653247016224,-1.84184536883927,0.18839821158463912,,search
6.0,B0200,42487.06889208276,544.6103473660423,5934.830181541776,348.40516541994907,180.02653247016212,-1.8418453688391843,0.18839821158463418,,search
7.0,A0100,-42136.45917698693,0.9713497621851275,5927.967830899905,347.4982110622111,0.03337883884959206,-2.1380757430486295,0.2414104778864104,,
7.0,A0200,-42136.41667797402,559.1271361582913,5927.943688100391,347.4982110622113,0.0333788388496748,-2.1380757430485646,0.24141047788633072,,
7.0,B0100,42139.1513416777,-0.9717978420521831,5927.945898460381,347.4997847356895,180.0332640459341,-2.1384992261209392,0.24095038767416585,,search
7.0,B0200,42139.19257538034,544.3946998912943,5927.92247445714,347.4997847356894,180.03326404593398,-2.1384992261209406,0.2409503876743307,,search
8.0,A0100,-41789.48297537484,1.2945064226914837,5919.245385225615,346.69170052190157,0.040873950466155315,-2.437528757335781,0.3011573315301402,,
8.0,A0200,-41789.440431374205,559.396885314658,5919.221216869515,346.6917005219018,0.04087395046624093,-2.4375287573356794,0.3011573315300358,,
8.0,B0100,41792.173520060875,-1.293017439855248,5919.2204463260205,346.69351736972646,180.04063957714519,-2.438029943100263,0.2999531554675128,,search
8.0,B0200,41792.21470895545,544.1253838752873,5919.197047779442,346.6935173697264,180.0406395771451,-2.4380299431004175,0.2999531554680773,,search
9.0,A0100,-41443.314044515806,1.6775765893580683,5908.698935369366,345.98462989225237,0.049130755985326534,-2.73916817902363,0.3684219033195974,,
9.0,A0200,-41443.2714464369,559.7265132379835,5908.674736293597,345.9846298922527,0.049130755985385424,-2.7391681790234355,0.3684219033195033,,
9.0,B0100,41446.002746311366,-1.6729579337425093,5908.670477550897,345.98670906643616,180.04873839405175,-2.7397537885382044,0.36619716614379944,,search
9.0,B0200,41446.0438814633,543.7970671998137,5908.647109532243,345.9867090664366,180.04873839405172,-2.739753788538494,0.3661971661445289,,search
10.0,A0100,-41097.86634646396,2.1268936684828077,5896.324514152657,345.37019034666207,0.05824457218911974,-3.042304406519847,0.4441300934846889,,
10.0,A0200,-41097.82368425992,560.1223399361988,5896.300278648745,345.3701903466624,0.05824457218915913,-3.0423044065196385,0.44413009348455623,,
10.0,B0100,41100.55296841325,-2.1176646101575898,5896.291978740028,345.37255327964755,180.05765187396239,-3.042982096343923,0.44057220906345324,,search
10.0,B0200,41100.59403997424,543.403717292209,5896.268646844992,345.3725532796483,180.05765187396239,-3.042982096344351,0.4405722090644152,,search
11.0,A0100,-40753.06041671576,2.649607140567241,5882.120958592486,344.84197485582047,0.06832385942283728,-3.3462689543176958,0.529318109226565,,
11.0,A0200,-40753.01767924969,560.5915027308802,5882.0966803327265,344.8419748558206,0.06832385942290042,-3.34626895431749,0.529318109226493,,
11.0,B0100,40755.74470603735,-2.6339688165644475,5882.083734676393,344.8446455130698,180.06748411601865,-3.347047423039479,0.5240746335781835,,search
11.0,B0200,40755.785703122856,542.9385147598423,5882.060445090392,344.8446455130711,180.06748411601865,-3.3470474230401583,0.5240746335793274,,search
12.0,A0100,-40408.822919255974,3.253786209545069,5866.08987470425,344.393932038928,0.07949164982714159,-3.6504142330634473,0.6251426922392296,,
12.0,A0200,-40408.78009416978,561.1420598353434,5866.065546669322,344.3939320389285,0.07949164982722479,-3.650414233063161,0.6251426922392123,,
12.0,B0100,40411.504605352355,-3.2295879993816925,5866.04729260493,344.39693720558165,180.0783532930335,-3.6513033352075466,0.6178170885664128,,search
12.0,B0200,40411.545515907856,542.3937534248726,5866.024052172668,344.39693720558347,180.0783532930335,-3.6513033352084867,0.6178170885678105,,search
13.0,A0100,-40065.08624678986,3.9485369405283564,5848.235601239061,344.0203266103916,0.09188732130331509,-3.954113743701217,0.7328935131631041,,
13.0,A0200,-40065.0433203473,561.7831074253008,5848.211215625704,344.0203266103915,0.09188732130341778,-3.954113743700864,0.7328935131631228,,
13.0,B0100,40067.76503898228,-3.9132387604422547,5848.186925420652,344.0236962106689,180.09039334645516,-3.955124613668596,0.723040429174084,,search
13.0,B0200,40067.80584963048,541.7607273157901,5848.163741745779,344.0236962106715,180.09039334645522,-3.955124613669933,0.7230404291758166,,search
14.0,A0100,-39721.78816043921,4.7441341560806904,5828.565172759503,343.7157054732513,0.10566865218598862,-4.256762150155076,0.8540072053381671,,
14.0,A0200,-39721.74511734229,562.5249114892467,5828.5407208772485,343.71570547325126,0.1056686521860168,-4.256762150154729,0.8540072053383146,,
14.0,B0100,39724.4637453393,-4.6947641197493795,5828.509594218071,343.71947292297835,180.10375595431228,-4.257907335446319,0.8411272312448617,,search
14.0,B0200,39724.50444120936,541.0296034584426,5828.486475746258,343.7194729229821,180.1037559543124,-4.257907335447999,0.8411272312468301,,search
15.0,A0100,-39378.87146403924,5.652169706070708,5807.088281917508,343.4748686652285,0.1210141538649145,-4.557775239901921,0.9900829435405876,,
15.0,A0200,-39378.828287233155,563.379056026326,5807.063754078947,343.4748686652286,0.12101415386488049,-4.557775239901638,0.9900829435409235,,
15.0,B0100,39381.543502569046,-5.585276547428293,5807.024910094791,343.4790712584076,180.1186127667054,-4.559068842896269,0.9736168050570949,,search
15.0,B0200,39381.584067107804,540.189278902024,5807.001866230617,343.4790712584126,180.11861276670558,-4.55906884289841,0.9736168050593169,,search
16.0,A0100,-39036.283709049705,6.685718987897417,5783.817240706885,343.2928444750824,0.13812570374166788,-4.856589784051073,1.1428996333612989,,
16.0,A0200,-39036.240379494244,564.3586095462779,5783.792626093535,343.2928444750821,0.1381257037416826,-4.85658978405085,1.1428996333617907,,
16.0,B0100,39038.95183294346,-6.597318554804588,5783.745094891101,343.2975238053944,180.1351579292528,-4.858047611290017,1.1222217658823772,,search
16.0,B0200,39038.99224769225,539.2272201454998,5783.722136118395,343.29752380540026,180.13515792925296,-4.858047611292536,1.1222217658847946,,search
17.0,A0100,-38693.97692657225,7.859527934415382,5758.7669402412375,343.164868144243,0.15723151283716652,-5.152663308087396,1.3144348422790784,,
17.0,A0200,-38693.93342298718,565.4783119774656,5758.742226765307,343.1648681442428,0.15723151283726308,-5.152663308087141,1.314434842279643,,
17.0,B0100,38696.64073430583,-7.745042963422748,5758.684940617983,343.1700705620213,180.15361092689963,-5.154303025419185,1.2888462860770482,,search
17.0,B0200,38696.68097865955,538.1292829299746,5758.662078643152,343.17007056202783,180.15361092689986,-5.154303025422049,1.2888462860796943,,search
18.0,A0100,-38351.90738368851,9.190222812136199,5731.95480857156,343.0863636515181,0.17858947026046373,-5.445473786217945,1.5068856370153243,,
18.0,A0200,-38351.863682281066,566.7547844510354,5731.92998271581,343.0863636515179,0.17858947026052444,-5.445473786217667,1.5068856370159331,,
18.0,B0100,38354.566435702465,-9.044415125241358,5731.86176706872,343.0921407561493,180.1742197882169,-5.447315077317613,1.4756061873739132,,search
18.0,B0200,38354.6064866346,536.8795100396383,5731.8390149726365,343.0921407561567,180.17421978821713,-5.447315077320831,1.4756061873769093,,search
19.0,A0100,-38010.03536180301,10.696545569026057,5703.400765863238,343.0529281490252,0.2024909138866162,-5.734519275545919,1.7226915150379205,,
19.0,A0200,-38009.99143592526,568.2067646075666,5703.375812490605,343.05292814902504,0.20249091388670468,-5.734519275545743,1.722691515038476,,
19.0,B0100,38012.68917483525,-10.51343972495306,5703.295376890883,343.0593373158939,180.19726469715494,-5.7365840001782855,1.6848510553251854,,search
19.0,B0200,38012.72900658399,535.4599045324721,5703.272749308302,343.05933731590204,180.19726469715525,-5.736584000181779,1.684851055328296,,search
20.0,A0100,-37668.32495513967,12.399617757895612,5673.12717592128,343.06031867771617,0.2292648842029554,-6.01931751093285,1.964559638292973,,
20.0,A0200,-37668.280774943116,569.8553704797541,5673.102078076528,343.06031867771634,0.229264884203096,-6.019317510932709,1.9645596382934876,,
20.0,B0100,37670.97299549072,-12.172415039594853,5673.008007387287,343.06742361761826,180.22306206644927,-6.021629857792875,1.9191885780425892,,search
20.0,B0200,37671.0125792184,533.850175502801,5672.985520701348,343.0674236176271,180.22306206644956,-6.021629857796595,1.9191885780458322,,search
21.0,A0100,-37326.74388806787,14.32323638141861,5641.158792979832,343.1044408430633,0.25928292690890775,-6.2994054875509935,2.235492596427102,,
21.0,A0200,-37326.69942009379,571.7243963080546,5641.133531654696,343.1044408430635,0.25928292690900884,-6.29940548755083,2.23549259642771,,
21.0,B0100,37329.38556358261,-14.044217916698472,5641.024277879367,343.11231219043447,180.25196913505022,-6.3019921144879065,2.18151133072143,,search
21.0,B0200,37329.424866977875,532.0274531326813,5641.001950444404,343.11231219044413,180.25196913505056,-6.301992114491882,2.181511330724919,,search
22.0,A0100,-36985.26335038826,16.494205423590756,5607.522702035249,343.18133917775947,0.2929645198239345,-6.574339066138071,2.5388189449445773,,
22.0,A0200,-36985.21855710984,573.8406440346425,5607.497255911525,343.1813391777592,0.29296451982410465,-6.574339066137888,2.538818944945385,,
22.0,B0100,36987.89800075771,-16.15462308041606,5607.371131170974,343.19005510191033,180.28438916138893,-6.577229217879611,2.475026246105286,,search
22.0,B0200,36987.9369875967,529.9659694048842,5607.348983565003,343.19005510192085,180.2843891613892,-6.577229217883826,2.4750262461091457,,search
23.0,A0100,-36643.857850104876,18.942707264248384,5572.248250858962,343.2871889603171,0.33078321122067783,-6.843692646329185,2.8782267799205776,,
23.0,A0200,-36643.8126894137,576.2342946957797,5572.222596016818,343.2871889603167,0.3307832112208221,-6.843692646328971,2.878226779921593,,
23.0,B0100,36646.484735178696,-18.532660776436387,5572.077767307557,343.2968357910178,180.32077729523996,-6.846918236277937,2.8032870282487634,,search
23.0,B0200,36646.52336483811,527.6367004737895,5572.055822606753,343.2968357910291,180.3207772952403,-6.846918236282515,2.803287028253171,,search
24.0,A0100,-36302.505083843294,21.702718574877508,5535.366970974581,343.4182892980151,0.3732735700971459,-7.1070589668848605,3.2578006232193135,,
24.0,A0200,-36302.45950847688,578.9393243063532,5535.341080564118,343.41828929801494,0.37327357009734036,-7.107058966884584,3.257800623220658,,
24.0,B0100,36305.12336943944,-21.211017236788393,5535.175567238564,343.4289621529931,180.36164722364364,-7.110654604886485,3.170229781075956,,search
24.0,B0200,36305.16159633226,525.0069662084479,5535.1538513410305,343.42896215300465,180.36164722364404,-7.110654604891366,3.1702297810808835,,search
25.0,A0100,-35961.18582547747,24.812475893962983,5496.912484282451,343.57105732126706,0.4210390643656745,-7.364049109068218,3.6820618978449264,,
25.0,A0200,-35961.13978237233,581.9939693769684,5496.886328159402,343.571057321267,0.42103906436586214,-7.3640491090679525,3.682061897846615,,
25.0,B0100,35963.79456605824,-24.226482931808277,5496.698003265921,343.5828607181917,180.40757870102826,-7.368052050893301,3.5802121318710127,,search
25.0,B0200,35963.832339014814,522.039981963726,5496.676545240069,343.582860718204,180.40757870102874,-7.368052050898531,3.580212131876653,,search
26.0,A0100,-35619.8838342405,28.314996448210877,5456.920391102198,343.74202337589617,0.4747610006477621,-7.614292802104406,4.156013268010189,,
26.0,A0200,-35619.837263799694,585.4412477439382,5456.893935409727,343.74202337589634,0.4747610006480517,-7.6142928021041465,4.15601326801208,,
26.0,B0100,35622.48195170996,-27.620454037049058,5456.680532375649,343.75507180487006,180.4592260905326,-7.61874278827801,4.038056129397997,,search
26.0,B0200,35622.519213282656,518.6943571017746,5456.659364855199,343.7550718048836,180.45922609053315,-7.618742788283702,4.038056129404153,,search
27.0,A0100,-35278.585784228584,32.258660461378895,5415.428134129546,343.92782714183,0.5352086794461615,-7.857439159230031,4.685187096916787,,
27.0,A0200,-35278.53861951749,589.3295408326867,5415.401340842425,343.9278271418303,0.5352086794464161,-7.857439159229841,4.6851870969188845,,
27.0,B0100,35281.172041908736,-31.439493118217797,5415.160467476533,343.94224556581355,180.51732806271372,-7.862378100159902,4.549095181688997,,search
27.0,B0200,35281.208727581055,514.9235343241417,5415.139627114104,343.9422455658282,180.51732806271428,-7.86237810016595,4.549095181695366,,search
28.0,A0100,-34937.28121807775,36.69786152662164,5372.4748313999935,344.12521465335107,0.6032509418510509,-8.093158011465514,5.2756982289204455,,
28.0,A0200,-34937.23338390343,593.7132440227979,5372.447657806973,344.125214653351,0.603250941851364,-8.093158011465341,5.275698228922871,,
28.0,B0100,34939.854188632904,-35.73595549262609,5372.1768200758,344.1411388927106,180.58271861934054,-8.098629461742934,5.1192252624269114,,search
28.0,B0200,34939.89022594164,510.6751632889718,5372.1563480362165,344.1411388927262,180.58271861934108,-8.098629461749306,5.119225262433768,,search
29.0,A0100,-34595.962528447824,41.693732199288206,5328.101069510136,344.33103624977474,0.6798693082952283,-8.321142056794795,5.934301220219893,,
29.0,A0200,-34595.91394034063,598.6534922090286,5328.07346762363,344.33103624977474,0.6798693082955906,-8.321142056794546,5.934301220222819,,
29.0,B0100,34598.52055429111,-40.56868822212709,5327.7701063749155,344.34861319250086,180.65633963359778,-8.327190402992555,5.754960547084858,,search
29.0,B0200,34598.55586184589,505.89040162500714,5327.7500488922105,344.3486131925176,180.65633963359838,-8.327190402999282,5.754960547092506,,search
30.0,A0100,-34254.62497222102,47.31495214567258,5282.348645964294,344.5422455490753,0.7661729353269242,-8.541110108661877,6.668452007569021,,
30.0,A0200,-34254.57553529193,604.2189679446437,5282.320561881985,344.5422455490748,0.7661729353273597,-8.541110108661483,6.668452007572579,,
30.0,B0100,34257.16611656101,-46.00380900654636,5281.9821065185715,344.5616331091717,180.7392551230921,-8.54777937050332,6.463493526412769,,search
30.0,B0200,34257.200602934936,500.5031359884124,5281.962515531517,344.56163310918924,180.73925512309276,-8.547779370510419,6.463493526421339,,search
31.0,A0100,-33913.266723560366,53.638646331364725,5235.260246745876,344.75589961410236,0.8634156412291238,-8.752811814477347,7.486373795867323,,
31.0,A0200,-33913.216331214855,610.4867995954319,5235.231619909353,344.75589961410157,0.8634156412296125,-8.75281181447678,7.48637379587141,,
31.0,B0100,33915.788709744535,-52.115572452690685,5234.855564085374,344.7772663359858,180.8326674971979,-8.760143927054228,7.252759465944897,,search
31.0,B0200,33915.82227224849,494.43911579562337,5234.836497929506,344.7772663360053,180.83266749719863,-8.760143927061819,7.252759465954427,,search
32.0,A0100,-33571.888973653586,60.751380377430905,5186.879041595899,344.96916057585383,0.9730152724760847,-8.956034328501019,8.397126632956704,,
32.0,A0200,-33571.83750615908,617.5435566836095,5186.84980398974,344.9691605758522,0.9730152724766226,-8.956034328500264,8.397126632961308,,
32.0,B0100,33574.38911004229,-58.98733096371507,5186.4338097010295,344.9926847507781,180.93793604296505,-8.9640667308708,8.131504809159697,,search
32.0,B0200,33574.421633333695,487.6149922595323,5186.4153339022,344.9926847507991,180.9379360429659,-8.964066730878885,8.131504809170144,,search
33.0,A0100,-33230.49608689338,68.75025937424107,5137.248175232351,345.1792990959235,1.096575695197576,-9.150611572068408,9.410679683147709,,
33.0,A0200,-33230.44340977865,625.4863486807444,5137.218250465194,345.17929909592095,1.0965756951982382,-9.15061157206741,9.410679683152962,,
33.0,B0100,33232.971173706595,-66.71259694135733,5136.760288511021,345.20516721561455,181.05659792961364,-9.15937387202403,9.109358722433221,,search
33.0,B0200,33233.00252824936,479.93725613632887,5136.742476648469,345.205167215637,181.05659792961464,-9.159373872032605,9.109358722444417,,search
34.0,A0100,-32889.095825511715,77.74413466308943,5086.4101274559525,345.3837001967471,1.235911690259686,-9.33643690768672,10.537984555905563,,
34.0,A0200,-32889.04178779074,634.4240317647364,5086.379429756877,345.3837001967436,1.2359116902605096,-9.336436907685389,10.537984555911596,,
34.0,B0100,32891.54203939576,-75.39621148775223,5085.877966412339,345.4121045174058,181.1903920131893,-9.345946319976012,10.19690640321077,,search
34.0,B0200,32891.572079751546,471.30106894959135,5085.860901115113,345.4121045174297,181.19039201319035,-9.345946319985034,10.196906403222647,,search
35.0,A0100,-32547.699657318757,87.85492012226314,5034.405908860113,345.57987217052056,1.3930769931689146,-9.513480304111535,11.791047121611888,,
35.0,A0200,-32547.64408950112,644.4785250885598,5034.374341945153,345.57987217051624,1.3930769931698255,-9.513480304109896,11.791047121618634,,
35.0,B0100,32550.112408502842,-85.15562231725198,5033.828584035788,345.61100709466274,181.3412856982747,-9.523735465374891,11.405761954231652,,search
35.0,B0200,32550.140971405017,461.5889849596915,5033.812358049025,345.6110070946883,181.34128569827584,-9.523735465384403,11.405761954244541,,search
36.0,A0100,-32206.32316428308,99.21901465306473,4981.274051441729,345.7654595029796,1.5703956285501923,-9.681811390829326,13.182993960389835,,
36.0,A0200,-32206.265876177793,655.7862332376335,4981.241507267368,345.76545950297424,1.5703956285513105,-9.681811390827317,13.18299396039763,,
36.0,B0100,32208.696920050526,-96.12226948777425,4980.651720498903,345.7995164046477,181.51150504375846,-9.692784033968955,12.74863748196809,,search
36.0,B0200,32208.72382228585,450.6695653027218,4980.63643790328,345.79951640467465,181.51150504375963,-9.692784033978914,12.748637481981993,,search
37.0,A0100,-31864.98657298829,111.98882015390882,4927.049345135791,345.9382610236855,1.7704965091328386,-9.841630206399767,14.72812782676598,,
37.0,A0200,-31864.927351281473,668.499564179896,4927.015702523955,345.9382610236792,1.770496509134184,-9.841630206397346,14.728127826775086,,
37.0,B0100,31867.314640178898,-108.44307109231158,4926.383620914139,345.97542104208145,181.7035681550327,-9.853254025029255,14.239403499451225,,search
37.0,B0200,31867.339676243046,438.3958921155281,4926.3693984491565,345.97542104210993,181.70356815503393,-9.853254025039762,14.239403499466098,,search
38.0,A0100,-31523.715431631783,126.33433346115817,4871.761261845748,346.0962548251317,1.9963509491466978,-9.993307946909308,16.441964131800958,,
38.0,A0200,-31523.654037203924,682.7885211620141,4871.726384954431,346.09625482512416,1.996350949148369,-9.99330794690646,16.44196413181127,,
38.0,B0100,31525.989689633454,-122.28199158017378,4871.055732531555,346.13667903129175,181.9203216406931,-10.005463793437327,15.8931335702193,,search
38.0,B0200,31526.01262913206,424.60400000591835,4871.042701080492,346.13667903132165,181.9203216406943,-10.005463793448333,15.893133570235463,,search
39.0,A0100,-31182.541461628745,142.4447750467225,4815.431998980792,346.2376318790055,2.2513122053295707,-10.137440619839268,18.34123728420414,,
39.0,A0200,-31182.477626651613,698.8423313804124,4815.395735665599,346.2376318789968,2.251312205331516,-10.137440619836044,18.34123728421549,,
39.0,B0100,31184.75203621771,-137.82166150416197,4814.692884901422,346.28144808061575,182.1649794609872,-10.149936959387684,17.726123266129644,,search
39.0,B0200,31184.772621049793,409.11125601835556,4814.681191088186,346.2814480806472,182.1649794609886,-10.149936959399124,17.726123266147276,,search
40.0,A0100,-30841.50361491838,160.53019552089245,4758.074065466877,346.36084070972555,2.539155296095311,-10.274919184591262,20.443861626011806,,
40.0,A0200,-30841.437039683315,716.8710524354719,4758.036245468516,346.36084070971543,2.5391552960975416,-10.274919184587734,20.44386162602437,,
40.0,B0100,30843.63848254108,-155.26499802091894,4757.31103998186,346.40812600561503,182.4411627612383,-10.287466481513707,19.755869759358028,,search
40.0,B0200,30843.65642380246,391.7147387842597,4757.300847925802,346.4081260056469,182.44116276123984,-10.287466481525474,19.755869759377042,,search
41.0,A0100,-30500.64937383833,180.82297119929171,4699.687327152513,346.46455547097014,2.8641151921345083,-10.40701771397515,22.76882616745366,,
41.0,A0200,-30500.579723371055,737.1070678315646,4699.647760180187,346.4645554709593,2.864115192137004,-10.40701771397136,22.76882616746764,,
41.0,B0100,30502.69388122604,-174.836748847154,4698.914530189939,346.51540397605413,182.75293813173306,-10.419197922504148,22.000993573008667,,search
41.0,B0200,30502.708855908822,372.1896941607265,4698.906023384006,346.5154039760875,182.7529381317347,-10.41919792251629,22.00099357302883,,search
42.0,A0100,-30160.03828416039,203.57898816965826,4640.255883339416,346.542861214237,3.230987595841577,-10.535370381683197,25.3360020751612,,
42.0,A0200,-30159.965184652996,759.8062713185682,4640.214357040677,346.54286121422524,3.2309875958443572,-10.535370381679307,25.3360020751766,,
42.0,B0100,30161.97352951367,-196.7848095672798,4639.492906640446,346.5991617768299,183.10489714039264,-10.546638543730346,24.481074149116406,,search
42.0,B0200,30161.985176993356,350.2882172721056,4639.486289951075,346.5991617768644,183.1048971403944,-10.546638543742956,24.48107414913779,,search
43.0,A0100,-29819.747058930687,229.07844398061206,4579.744705386231,346.59211278300296,3.6450324245669226,-10.662419677659994,28.165970667418875,,
43.0,A0200,-29819.670094056542,785.248869063651,4579.7009832535605,346.59211278299045,3.6450324245700982,-10.662419677656,28.165970667436003,,
43.0,B0100,29821.54918235758,-221.381131561664,4579.018025641462,346.6538923531613,183.50214219387422,-10.671931905191219,27.216492359197996,,search
43.0,B0200,29821.557100735306,325.7383434308085,4579.013527375777,346.6538923531969,183.50214219387613,-10.67193190520419,27.216492359220513,,search
44.0,A0100,-29479.867880797272,257.62612438303586,4518.093478168157,346.61190946331845,4.111992814391511,-10.791477598945043,31.279501878314786,,
44.0,A0200,-29479.78658797572,813.7396556025105,4518.047297417026,346.6119094633056,4.111992814395071,-10.791477598941029,31.279501878333818,,
44.0,B0100,29481.508151740774,-248.9222739770903,4517.438501587758,346.67901410281314,183.950235265211,-10.798105199236772,30.228041233304516,,search
44.0,B0200,29481.51189411576,298.2434958127815,4517.436375621799,346.6790141028496,183.95023526521305,-10.798105199250116,30.22804123332834,,search
45.0,A0100,-29140.510275936336,289.5505846748474,4455.210414919156,346.6024777482088,4.6380518265920205,-10.926911518030515,34.69683123959961,,
45.0,A0200,-29140.42414272155,845.6071949340148,4455.161484443033,346.6024777481961,4.6380518265958806,-10.926911518026568,34.696831239620906,,
45.0,B0100,29141.95419067098,-279.7289616253056,4454.673508906908,346.67455561044596,184.45520801851205,-10.929148143255311,33.53625634306911,,search
45.0,B0200,29141.953261460894,267.4829269003458,4454.674036770632,346.67455561048314,184.45520801851436,-10.92914814326893,33.53625634309415,,search
46.0,A0100,-28801.803982917736,325.20201869400626,4390.9656627750555,346.5648509800869,5.2297023316592615,-11.074409913426376,38.43670784665687,,
46.0,A0200,-28801.71244371869,881.2016893879354,4390.91366127352,346.56485098007374,5.229702331663647,-11.074409913422489,38.436707846680825,,
46.0,B0100,28803.010292913666,-314.14445539712506,4390.606409861346,346.6412847179071,185.02345368870598,-11.070279508904523,37.16056560275402,,search
46.0,B0200,28803.00414444846,233.11334707994138,4390.609902675713,346.64128471794436,185.02345368870854,-11.070279508918402,37.16056560277997,,search
47.0,A0100,-28463.90197147923,364.9483485501969,4325.184157564407,346.5010842504649,5.893521299058313,-11.241262419513465,42.51512066854141,,
47.0,A0200,-28463.804404879636,920.8910691853707,4325.128732021736,346.50108425045187,5.893521299063193,-11.241262419509697,42.515120668568265,,
47.0,B0100,28464.82168810612,-352.531302053334,4325.0777636760195,346.5809100704171,185.66153928147293,-11.228221922589096,41.118135324622806,,search
47.0,B0200,28464.80971769186,194.77217382279014,4325.08456381669,346.58091007045476,185.66153928147585,-11.228221922603192,41.118135324649636,,search
48.0,A0100,-28126.983423877453,409.1690741258353,4257.638265849502,346.4145054608024,6.635811523306413,-11.436633147934447,46.94366611240502,,
48.0,A0200,-28126.879150861296,965.0548417739465,4257.579030528766,346.41450546078937,6.635811523311863,-11.436633147930909,46.94366611243486,,
48.0,B0100,28127.558875505514,-395.26599850808816,4257.877980240268,346.49632007627093,186.37589729629025,-11.411481924412948,45.42236769748713,,search
48.0,B0200,28127.540423312013,152.08286627076086,4257.88846254403,346.4963200763084,186.37589729629346,-11.411481924427278,45.42236769751464,,search
49.0,A0100,-27791.256393341457,458.2464700995297,4188.040770349648,346.3099936837098,7.462079444643029,-11.671776102979877,51.72755348191465,,
49.0,A0200,-27791.144676882537,1014.0752886421342,4187.97730656919,346.3099936836962,7.462079444649069,-11.671776102976676,51.72755348194744,,
49.0,B0100,27791.42044553648,-442.7311303816732,4188.740095972673,346.3918534033093,187.1723636459368,-11.630592939078484,50.081031204267305,,search
49.0,B0200,27791.394793667918,104.6627856552841,4188.75466826111,346.3918534033468,187.17236364594032,-11.630592939093066,50.08103120429525,,search
50.0,A0100,-27456.959752353014,512.5538737558782,4116.038996103853,346.1942650111655,8.376332739315085,-11.96011359780686,56.86330752897907,,
50.0,A0200,-27456.839798765963,1068.3257529112325,4115.970852981205,346.19426501115186,8.376332739321898,-11.96011359780404,56.863307529014946,,
50.0,B0100,27456.635335283085,-495.30465726635884,4117.333385053011,346.2735855199128,188.05553831645662,-11.89825212515451,55.09405695829186,,search
50.0,B0200,27456.601708479888,52.13390914280171,4117.352487733788,346.2735855199501,188.05553831646046,-11.898252125169313,55.09405695831996,,search
51.0,A0100,-27124.363959388505,572.4411080475056,4041.211098962027,346.07613119454413,9.380215946606034,-12.31707203301722,62.336324417122285,,
51.0,A0200,-27124.234921902877,1128.156062208529,4041.137795467841,346.07613119453015,9.380215946613655,-12.317072033014924,62.33632441716136,,
51.0,B0100,27123.464069865022,-553.3462644870033,4043.258757374675,346.14960221987866,189.0279722628894,-12.229253893652396,60.45111861115241,,search
51.0,B0200,27123.421638283413,-5.8635225340131,4043.282861866812,346.1496022199154,189.02797226289354,-12.22925389366751,60.45111861118038,,search
52.0,A0100,-26793.7701457422,638.2175445114881,3963.0656708915794,345.96667884873494,10.472060970026776,-12.75955784656836,68.11856587547581,,
52.0,A0200,-26793.63113063807,1193.8755913922978,3962.9866993233445,345.9666788487203,10.472060970035123,-12.75955784656666,68.11856587551789,,
52.0,B0100,26792.198489106966,-617.1811076221747,3966.0470707430195,346.0302141500509,190.08923409041589,-12.64010399353189,66.12923229140442,,search
52.0,B0200,26792.14637354754,-69.6547496756375,3966.076676500217,346.03021415008766,190.0892340904204,-12.640103993547408,66.12923229143183,,search
53.0,A0100,-26465.507097882968,710.1338925065411,3881.045762083122,345.87930051535795,11.646006936231018,-13.304980345243957,74.16681502950887,,
53.0,A0200,-26465.357173393793,1265.7350517086907,3880.9605931194874,345.8793005153434,11.646006936240166,-13.304980345243061,74.16681502955373,,
53.0,B0100,26463.159492050527,-687.081825614734,3885.1615081345262,345.9280488396135,191.23498251615646,-13.148206910974503,72.0907523171112,,search
53.0,B0200,26463.096771932425,-139.51250619988969,3885.1971381184358,345.9280488396491,191.23498251616132,-13.148206910990302,72.09075231713726,,search
54.0,A0100,-26139.925922836057,788.364394504084,3794.5380917369657,345.82950016946654,12.89141876721119,-13.969807753391583,80.42201995285458,,
54.0,A0200,-26139.76413075005,1343.908686033119,3794.446181041092,345.8295001694515,12.891418767221088,-13.969807753391603,80.4220199529017,,
54.0,B0100,26136.692493503528,-763.2503077441979,3800.0049462932966,345.85794426275055,192.45625029816992,-13.770577643921776,78.28226116203268,,search
54.0,B0200,26136.618217603158,-215.63878528268833,3800.0471408762605,345.8579442627858,192.45625029817492,-13.770577643937804,78.28226116205704,,search
55.0,A0100,-25817.392536728592,872.9915302679401,3702.8875878398467,345.83440378817727,14.192864979775154,-14.767782438972453,86.81024872855124,,
55.0,A0200,-25817.21790632369,1428.4789731856472,3702.78838396271,345.8344037881621,14.192864979785716,-14.767782438973565,86.81024872860004,,
55.0,B0100,25813.16059450708,-845.8012092272402,3709.932713053833,345.83656897446565,193.73919751615685,-14.52214891625971,84.63489598451143,,search
55.0,B0200,25813.073794188706,-298.1483528152294,3709.982022498607,345.8365689745009,193.73919751616194,-14.522148916275986,84.63489598453366,,search
56.0,A0100,-25498.278554286393,963.9953834904318,3605.416541643417,345.9119385067641,15.530855653118145,-15.708089793403722,93.24560566115802,,
56.0,A0200,-25498.09011786198,1519.4259948269973,3605.309494854553,345.91193850674813,15.530855653129173,-15.708089793406051,93.24560566120775,,
56.0,B0100,25492.93588903259,-934.7494145124601,3614.270334267707,345.88171734275045,195.0655691082967,-15.413909819172842,91.06654682578106,,search
56.0,B0200,25492.835593397303,-387.05620785670726,3614.3273101173545,345.8817173427857,195.06556910830176,-15.413909819189389,91.06654682580096,,search
57.0,A0100,-25182.951564705123,1061.2493712890391,3501.4467854356517,346.07970343626215,16.883369786385913,-16.79390008167072,99.63509220876932,,
57.0,A0200,-25182.748373765047,1616.6231654005478,3501.3313569153242,346.07970343624635,16.8833697863972,-16.79390008167426,99.63509220881896,,
57.0,B0100,25176.389766515156,-1030.0033771976541,3512.334968764737,346.0112791316345,196.4139584653625,-16.4512626101701,97.48606049617788,,search
57.0,B0200,25176.2750185474,-482.2709192378243,3512.4001546819018,346.0112791316688,196.41395846536753,-16.451262610186834,97.48606049619522,,search
58.0,A0100,-24871.766015572353,1164.523115036749,3390.322668647844,346.3536312694649,18.227956275176584,-18.021696917677254,105.88490993900427,,
58.0,A0200,-24871.547156584507,1719.840103546896,3390.1983394375884,346.3536312694496,18.227956275187864,-18.021696917682014,105.88490993905341,,
58.0,B0100,24863.883383588094,-1131.3654883547551,3403.458476211734,346.2419552005949,197.76175043001962,-17.633033422430717,103.79912495950822,,search
58.0,B0200,24863.75325624777,-583.5949904373592,3403.532398827414,346.24195520062864,197.76175043002462,-17.633033422447497,103.79912495952254,,search
59.0,A0100,-24565.055887942548,1273.4920657279508,3271.432434237551,346.74660942641754,19.54397696997659,-19.381627756379597,111.90726166932389,,
59.0,A0200,-24564.820496626973,1828.7522582078946,3271.298713360158,346.7466094264034,19.543976969987693,-19.381627756385555,111.90726166937189,,
59.0,B0100,24555.75954402716,-1238.5395038587503,3287.0097085696816,346.5878665096104,199.0873763843281,-18.95145443301242,109.91502818168132,,search
59.0,B0200,24555.6131552305,-690.7322837681004,3287.0928689772063,346.5878665096435,199.08737638433308,-18.951454433029195,109.91502818169249,,search
60.0,A0100,-24263.130023491733,1387.7524236326226,3144.2259438340698,347.2672646196592,20.81448874460065,-20.858813560740987,117.62650133221656,,
60.0,A0200,-24262.877296849132,1942.9558291050926,3144.08237512138,347.26726461964597,20.814488744611378,-20.85881356074804,117.62650133226272,,
60.0,B0100,24252.336995936166,-1351.1439097488637,3162.413785428098,347.05925415084556,200.37238090473002,-20.393166156899706,115.75317667120181,,search
60.0,B0200,24252.173521482073,-803.3013832110428,3162.5066518420626,347.0592541508775,200.372380904735,-20.39316615691637,115.75317667120984,,search
61.0,A0100,-23966.27045598054,1506.8392050058192,3008.22744101267,347.9190965335816,22.02738225022197,-22.435270760859723,122.98361924669135,,
61.0,A0200,-23965.99966157437,2061.985834280533,3008.0736083806723,347.9190965335701,22.027382250232197,-22.435270760867677,122.98361924673529,,
61.0,B0100,23953.90769244008,-1468.7292512504646,3029.166743209007,347.6614697944926,201.60285375719337,-21.94098125717793,121.24827072971158,,search
61.0,B0200,23953.72637633345,-920.8529217470223,3029.2697450933356,347.6614697945234,201.6028537571984,-21.94098125719449,121.24827072971661,,search
62.0,A0100,-23674.73206521127,1630.2457352627189,2863.0422815083957,348.7054953935747,23.175577740408855,-24.0919009190942,127.93843046841077,,
62.0,A0200,-23674.442547494713,2185.335603822321,2862.877812553602,348.70549539356495,23.175577740418515,-24.09190091910289,127.93843046845218,,
62.0,B0100,23660.736120390076,-1590.7974465432344,2886.8444389969463,348.39821589309537,202.76994928934474,-23.575910079185913,126.35334955633192,,search
62.0,B0200,23660.53628220864,-1042.8888942630383,2886.9579628842093,348.39821589312436,202.76994928934997,-23.57591007920223,126.35334955633432,,search
63.0,A0100,-23388.740676012018,1757.443549089774,2708.356931365988,349.62549138355376,24.25663690432951,-25.810231795122984,132.46922523398356,,
63.0,A0200,-23388.431859633467,2312.4766796613367,2708.18149924533,349.6254913835458,24.25663690433855,-25.810231795132342,132.46922523402222,,
63.0,B0100,23373.056498486087,-1716.8224257041093,2735.104174497188,349.27157032182816,203.86967046477344,-25.27901119964322,131.0402234038495,,search
63.0,B0200,23372.837537641684,-1168.8832959348547,2735.228561568947,349.27157032185534,203.86967046477892,-25.27901119965932,131.04022340384944,,search
64.0,A0100,-23108.502639092738,1887.8960111641009,2543.9390722808266,350.66706459462523,25.27188815597116,-27.573715411177414,136.57122155374117,,
64.0,A0200,-23108.174030137343,2442.8724377691124,2543.752396412693,350.6670645946194,25.271888155979603,-27.573715411187255,136.57122155377695,,
64.0,B0100,23091.080754930357,-1846.265337697676,2573.6855282396773,350.27127918258,204.90217540559988,-27.03291863881167,135.29841648934095,,search
64.0,B0200,23090.84215260544,-1298.2973303484941,2573.8210732231837,350.2712791826058,204.9021754056057,-27.032918638827578,135.29841648933868,,search
65.0,A0100,-22834.21201137706,2021.069568757157,2369.633747727421,351.8140841253925,26.225280260905507,-29.368334728564058,140.25361504245654,,
65.0,A0200,-22833.86319690286,2575.989341516075,2369.435593527054,351.814084125388,26.225280260913284,-29.368334728574293,140.25361504248937,,
65.0,B0100,22815.00652592238,-1978.5867797089431,2402.407650470088,351.3824700275742,205.87062893254378,-28.822648816416105,139.13263159969404,,search
65.0,B0200,22814.74784515095,-1430.591640276827,2402.5546016008575,351.3824700275978,205.87062893254992,-28.822648816431773,139.13263159968977,,search
66.0,A0100,-22566.055583658304,2156.442182432871,2185.3571420835606,353.0472656734324,27.12238311556822,-31.18275201595861,143.53595995991927,,
66.0,A0200,-22565.68622993952,2711.305372593817,2185.1473199672637,353.04726567343,27.122383115575378,-31.18275201596911,143.5359599599494,,
66.0,B0100,22545.022379283855,-2113.2564424245356,2221.1634514356447,352.58676672421035,206.78015300742115,-30.63590108362429,142.55922524271676,,search
66.0,B0200,22544.743263574786,-1565.235954268237,2221.3220112256113,352.5867667242314,206.78015300742786,-30.635901083639794,142.55922524271077,,search
67.0,A0100,-22304.217156187526,2293.508676409696,1991.0897223177253,354.3451611196509,27.969587257845046,-33.00813648141059,146.44464481323504,,
67.0,A0200,-22303.827006160187,2848.3153814421876,1990.8680862549809,354.3451611196499,27.969587257851707,-33.0081364814213,146.44464481326264,,
67.0,B0100,22281.312421432012,-2249.759497179308,2029.9128298837804,353.8632833994752,207.6369436460324,-32.46297688516315,145.60259594542288,,search
67.0,B0200,22281.012592421346,-1701.7154750556238,2030.0831564667533,353.86328339949347,207.63694364603955,-32.46297688517855,145.60259594541546,,search
68.0,A0100,-22048.88077709967,2431.7836118377345,1786.869455695717,355.6850964554888,28.773540660800222,-34.837828695154194,149.0098254282873,,
68.0,A0200,-22048.46964736932,2986.533960416946,1786.635901502902,355.685096455489,28.77354066080638,-34.83782869516509,149.0098254283124,,
68.0,B0100,22024.05993477434,-2387.600270029825,1828.6757643792407,355.1895931630965,208.44762300891378,-34.296484790477905,148.2919245444807,,search
68.0,B0200,22023.739189313837,-1839.5345547958423,1828.8579731573373,355.1895931631123,208.44762300892162,-34.296484790493196,148.29192454447195,,search
69.0,A0100,-21800.232855845832,2570.802350798065,1572.7855311589474,357.0440056345211,29.540798310922128,-36.66695474447786,151.26298691345127,,
69.0,A0200,-21799.800633520797,3125.4965075839955,1572.5399947068072,357.0440056345225,29.54079831092786,-36.666954744488834,151.26298691347404,,
69.0,B0100,21773.44989345144,-2526.303867446646,1617.5257927403036,356.54260662183765,209.21881774412128,-36.1309608558639,150.65850364629532,,search
69.0,B0200,21773.108100464375,-1978.2183217029124,1617.7199581776113,356.5426066218503,209.21881774412975,-36.13096085587916,150.65850364628562,,search
70.0,A0100,-21558.46320754054,2710.1209288746995,1348.9727757943601,358.39913750764396,30.277636782140636,-38.492057641549984,153.23515676353898,,
70.0,A0200,-21558.00984710578,3264.7590989662713,1348.7152312224698,358.3991375076468,30.277636782145816,-38.49205764156097,153.23515676356,,
70.0,B0100,21529.67037115724,-2665.416402170512,1396.5841459008825,357.8993277894175,209.95692063807277,-37.96248740785808,152.73372486360853,,search
70.0,B0200,21529.307468441366,-2117.3129066109304,1396.790303333195,357.8993277894271,209.95692063808195,-37.962487407873404,152.73372486359813,,search
71.0,A0100,-21323.765170677667,2849.3152415713193,1115.6067924341314,359.72863314949325,30.989984504186523,-40.31077767329422,154.95569940822813,,
71.0,A0200,-21323.29069097278,3403.897674548327,1115.337250445944,359.72863314949694,30.989984504191224,-40.310777673305196,154.9556994082475,,
71.0,B0100,21292.91296085921,-2804.5043701892855,1166.0146110701135,359.2374786940427,210.66798491313773,-39.78835315288468,154.54768002792005,,search
71.0,B0200,21292.528951998764,-2256.3848204700844,1166.2327584612976,359.2374786940494,210.6679849131477,-39.788353152900065,154.54768002790905,,search
72.0,A0100,-21096.33497961919,2987.9799190028007,872.8997470136601,361.01198214158615,31.68342725281769,-42.121590479218185,156.45158037662702,,
72.0,A0200,-21095.839460993837,3542.5069125252576,872.6182532573439,361.0119821415914,31.68342725282186,-42.12159047922911,156.45158037664484,,
72.0,B0100,21063.372380465124,-2943.1536003815972,926.019079132906,360.535998229548,211.35770683193726,-41.606770054323206,156.12827435836624,,search
72.0,B0200,21062.967331895943,-2395.019904308333,926.2491787442996,360.5359982295519,211.357706831948,-41.60677005433862,156.12827435835464,,search
