Time_s,Agent_ID,Radar_Type,Status,Target_ID,Target_Distance_km,SNR_dB,Doppler_Shift_m_s,Lock_Quality,Beam_Angle_deg,Side
0.0,A0100,AN/APG-68(V)9,SEARCH,B0100,89.07350695619493,0.0,0.0,0.0,0.0,Friendly
0.0,A0200,AN/APG-68(V)9,SEARCH,B0200,89.07348709826687,0.0,0.0,0.0,0.0,Friendly
0.0,B0100,N001VE,SEARCH,None,0.0,0.0,0.0,0.0,0.0,Enemy
0.0,B0200,N001VE,SEARCH,None,0.0,0.0,0.0,0.0,0.0,Enemy
0.2,A0100,AN/APG-68(V)9,SEARCH,B0100,88.92778163745032,0.0,0.0,0.0,0.0,Friendly
0.2,A0200,AN/APG-68(V)9,SEARCH,B0200,88.92766965462168,0.0,0.0,0.0,0.0,Friendly
0.2,B0100,N001VE,SEARCH,None,0.0,0.0,0.0,0.0,0.0,Enemy
0.2,B0200,N001VE,SEARCH,None,0.0,0.0,0.0,0.0,0.0,Enemy
0.4,A0100,AN/APG-68(V)9,SEARCH,B0100,88.78261838539021,0.0,0.0,0.0,0.0,Friendly
0.4,A0200,AN/APG-68(V)9,SEARCH,B0200,88.78233932750383,0.0,0.0,0.0,0.0,Friendly
0.4,B0100,N001VE,SEARCH,None,0.0,0.0,0.0,0.0,0.0,Enemy
0.4,B0200,N001VE,SEARCH,None,0.0,0.0,0.0,0.0,0.0,Enemy
0.6000000000000001,A0100,AN/APG-68(V)9,SEARCH,B0100,88.63817514801957,0.0,0.0,0.0,0.0,Friendly
0.6000000000000001,A0200,AN/APG-68(V)9,SEARCH,B0200,88.63765611892671,0.0,0.0,0.0,0.0,Friendly
0.6000000000000001,B0100,N001VE,SEARCH,None,0.0,0.0,0.0,0.0,0.0,Enemy
0.6000000000000001,B0200,N001VE,SEARCH,None,0.0,0.0,0.0,0.0,0.0,Enemy
0.8,A0100,AN/APG-68(V)9,SEARCH,B0100,88.49458425082501,0.0,0.0,0.0,0.0,Friendly
0.8,A0200,AN/APG-68(V)9,SEARCH,B0200,88.4937557281601,0.0,0.0,0.0,0.0,Friendly
0.8,B0100,N001VE,SEARCH,None,0.0,0.0,0.0,0.0,0.0,Enemy
0.8,B0200,N001VE,SEARCH,None,0.0,0.0,0.0,0.0,0.0,Enemy
1.0,A0100,AN/APG-68(V)9,SEARCH,B0100,88.35196402266796,0.0,0.0,0.0,0.0,Friendly
1.0,A0200,AN/APG-68(V)9,SEARCH,B0200,88.35076049966227,0.0,0.0,0.0,0.0,Friendly
1.0,B0100,N001VE,SEARCH,None,0.0,0.0,0.0,0.0,0.0,Enemy
1.0,B0200,N001VE,SEARCH,None,0.0,0.0,0.0,0.0,0.0,Enemy
1.2000000000000002,A0100,AN/APG-68(V)9,SEARCH,B0100,88.21041260418752,0.0,0.0,0.0,0.0,Friendly
1.2000000000000002,A0200,AN/APG-68(V)9,SEARCH,B0200,88.20877249313656,0.0,0.0,0.0,0.0,Friendly
1.2000000000000002,B0100,N001VE,SEARCH,None,0.0,0.0,0.0,0.0,0.0,Enemy
1.2000000000000002,B0200,N001VE,SEARCH,None,0.0,0.0,0.0,0.0,0.0,Enemy
1.4000000000000001,A0100,AN/APG-68(V)9,SEARCH,B0100,88.07001656091539,0.0,0.0,0.0,0.0,Friendly
1.4000000000000001,A0200,AN/APG-68(V)9,SEARCH,B0200,88.06788185758164,0.0,0.0,0.0,0.0,Friendly
1.4000000000000001,B0100,N001VE,SEARCH,None,0.0,0.0,0.0,0.0,0.0,Enemy
1.4000000000000001,B0200,N001VE,SEARCH,None,0.0,0.0,0.0,0.0,0.0,Enemy
1.6,A0100,AN/APG-68(V)9,SEARCH,B0100,87.93085434049569,0.0,0.0,0.0,0.0,Friendly
1.6,A0200,AN/APG-68(V)9,SEARCH,B0200,87.92817096368847,0.0,0.0,0.0,0.0,Friendly
1.6,B0100,N001VE,SEARCH,None,0.0,0.0,0.0,0.0,0.0,Enemy
1.6,B0200,N001VE,SEARCH,None,0.0,0.0,0.0,0.0,0.0,Enemy
1.8,A0100,AN/APG-68(V)9,SEARCH,B0100,87.79299746818862,0.0,0.0,0.0,0.0,Friendly
1.8,A0200,AN/APG-68(V)9,SEARCH,B0200,87.78971363166048,0.0,0.0,0.0,0.0,Friendly
1.8,B0100,N001VE,SEARCH,None,0.0,0.0,0.0,0.0,0.0,Enemy
1.8,B0200,N001VE,SEARCH,None,0.0,0.0,0.0,0.0,0.0,Enemy
2.0,A0100,AN/APG-68(V)9,SEARCH,B0100,87.6565105692245,0.0,0.0,0.0,0.0,Friendly
2.0,A0200,AN/APG-68(V)9,SEARCH,B0200,87.65257463889509,0.0,0.0,0.0,0.0,Friendly
2.0,B0100,N001VE,SEARCH,None,0.0,0.0,0.0,0.0,0.0,Enemy
2.0,B0200,N001VE,SEARCH,None,0.0,0.0,0.0,0.0,0.0,Enemy
2.2,A0100,AN/APG-68(V)9,SEARCH,B0100,87.52145017134279,0.0,0.0,0.0,0.0,Friendly
2.2,A0200,AN/APG-68(V)9,SEARCH,B0200,87.51680871440199,0.0,0.0,0.0,0.0,Friendly
2.2,B0100,N001VE,SEARCH,None,0.0,0.0,0.0,0.0,0.0,Enemy
2.2,B0200,N001VE,SEARCH,None,0.0,0.0,0.0,0.0,0.0,Enemy
2.4000000000000004,A0100,AN/APG-68(V)9,SEARCH,B0100,87.38786392449161,0.0,0.0,0.0,0.0,Friendly
2.4000000000000004,A0200,AN/APG-68(V)9,SEARCH,B0200,87.38246007724513,0.0,0.0,0.0,0.0,Friendly
2.4000000000000004,B0100,N001VE,SEARCH,None,0.0,0.0,0.0,0.0,0.0,Enemy
2.4000000000000004,B0200,N001VE,SEARCH,None,0.0,0.0,0.0,0.0,0.0,Enemy
2.6,A0100,AN/APG-68(V)9,SEARCH,B0100,87.25579152691338,0.0,0.0,0.0,0.0,Friendly
2.6,A0200,AN/APG-68(V)9,SEARCH,B0200,87.24956369976584,0.0,0.0,0.0,0.0,Friendly
2.6,B0100,N001VE,SEARCH,None,0.0,0.0,0.0,0.0,0.0,Enemy
2.6,B0200,N001VE,SEARCH,None,0.0,0.0,0.0,0.0,0.0,Enemy
2.8000000000000003,A0100,AN/APG-68(V)9,SEARCH,B0100,87.12526551416705,0.0,0.0,0.0,0.0,Friendly
2.8000000000000003,A0200,AN/APG-68(V)9,SEARCH,B0200,87.11814719429015,0.0,0.0,0.0,0.0,Friendly
2.8000000000000003,B0100,N001VE,SEARCH,None,0.0,0.0,0.0,0.0,0.0,Enemy
2.8000000000000003,B0200,N001VE,SEARCH,None,0.0,0.0,0.0,0.0,0.0,Enemy
3.0,A0100,AN/APG-68(V)9,SEARCH,B0100,86.99631177673916,0.0,0.0,0.0,0.0,Friendly
3.0,A0200,AN/APG-68(V)9,SEARCH,B0200,86.98823273298797,0.0,0.0,0.0,0.0,Friendly
3.0,B0100,N001VE,SEARCH,None,0.0,0.0,0.0,0.0,0.0,Enemy
3.0,B0200,N001VE,SEARCH,None,0.0,0.0,0.0,0.0,0.0,Enemy
3.2,A0100,AN/APG-68(V)9,SEARCH,B0100,86.86894994819271,0.0,0.0,0.0,0.0,Friendly
3.2,A0200,AN/APG-68(V)9,SEARCH,B0200,86.85983595049937,0.0,0.0,0.0,0.0,Friendly
3.2,B0100,N001VE,SEARCH,None,0.0,0.0,0.0,0.0,0.0,Enemy
3.2,B0200,N001VE,SEARCH,None,0.0,0.0,0.0,0.0,0.0,Enemy
3.4000000000000004,A0100,AN/APG-68(V)9,SEARCH,B0100,86.74319449368771,0.0,0.0,0.0,0.0,Friendly
3.4000000000000004,A0200,AN/APG-68(V)9,SEARCH,B0200,86.73296696808397,0.0,0.0,0.0,0.0,Friendly
3.4000000000000004,B0100,N001VE,SEARCH,None,0.0,0.0,0.0,0.0,0.0,Enemy
3.4000000000000004,B0200,N001VE,SEARCH,None,0.0,0.0,0.0,0.0,0.0,Enemy
3.6,A0100,AN/APG-68(V)9,SEARCH,B0100,86.61906911088026,0.0,0.0,0.0,0.0,Friendly
3.6,A0200,AN/APG-68(V)9,SEARCH,B0200,86.60764792229904,0.0,0.0,0.0,0.0,Friendly
3.6,B0100,N001VE,SEARCH,None,0.0,0.0,0.0,0.0,0.0,Enemy
3.6,B0200,N001VE,SEARCH,None,0.0,0.0,0.0,0.0,0.0,Enemy
3.8000000000000003,A0100,AN/APG-68(V)9,SEARCH,B0100,86.49660558082347,0.0,0.0,0.0,0.0,Friendly
3.8000000000000003,A0200,AN/APG-68(V)9,SEARCH,B0200,86.4839119552743,0.0,0.0,0.0,0.0,Friendly
3.8000000000000003,B0100,N001VE,SEARCH,None,0.0,0.0,0.0,0.0,0.0,Enemy
3.8000000000000003,B0200,N001VE,SEARCH,None,0.0,0.0,0.0,0.0,0.0,Enemy
4.0,A0100,AN/APG-68(V)9,SEARCH,B0100,86.37583197003462,0.0,0.0,0.0,0.0,Friendly
4.0,A0200,AN/APG-68(V)9,SEARCH,B0200,86.36178848967788,0.0,0.0,0.0,0.0,Friendly
4.0,B0100,N001VE,SEARCH,None,0.0,0.0,0.0,0.0,0.0,Enemy
4.0,B0200,N001VE,SEARCH,None,0.0,0.0,0.0,0.0,0.0,Enemy
4.2,A0100,AN/APG-68(V)9,SEARCH,B0100,86.25677232460545,0.0,0.0,0.0,0.0,Friendly
4.2,A0200,AN/APG-68(V)9,SEARCH,B0200,86.24130323315669,0.0,0.0,0.0,0.0,Friendly
4.2,B0100,N001VE,SEARCH,None,0.0,0.0,0.0,0.0,0.0,Enemy
4.2,B0200,N001VE,SEARCH,None,0.0,0.0,0.0,0.0,0.0,Enemy
4.4,A0100,AN/APG-68(V)9,SEARCH,B0100,86.13944679862576,0.0,0.0,0.0,0.0,Friendly
4.4,A0200,AN/APG-68(V)9,SEARCH,B0200,86.12247876506167,0.0,0.0,0.0,0.0,Friendly
4.4,B0100,N001VE,SEARCH,None,0.0,0.0,0.0,0.0,0.0,Enemy
4.4,B0200,N001VE,SEARCH,None,0.0,0.0,0.0,0.0,0.0,Enemy
4.6000000000000005,A0100,AN/APG-68(V)9,SEARCH,B0100,86.02387180983985,0.0,0.0,0.0,0.0,Friendly
4.6000000000000005,A0200,AN/APG-68(V)9,SEARCH,B0200,86.00533492174914,0.0,0.0,0.0,0.0,Friendly
4.6000000000000005,B0100,N001VE,SEARCH,None,0.0,0.0,0.0,0.0,0.0,Enemy
4.6000000000000005,B0200,N001VE,SEARCH,None,0.0,0.0,0.0,0.0,0.0,Enemy
4.800000000000001,A0100,AN/APG-68(V)9,SEARCH,B0100,85.91006020438152,0.0,0.0,0.0,0.0,Friendly
4.800000000000001,A0200,AN/APG-68(V)9,SEARCH,B0200,85.8898888178919,0.0,0.0,0.0,0.0,Friendly
4.800000000000001,B0100,N001VE,SEARCH,None,0.0,0.0,0.0,0.0,0.0,Enemy
4.800000000000001,B0200,N001VE,SEARCH,None,0.0,0.0,0.0,0.0,0.0,Enemy
5.0,A0100,AN/APG-68(V)9,SEARCH,B0100,85.79802142618922,0.0,0.0,0.0,0.0,Friendly
5.0,A0200,AN/APG-68(V)9,SEARCH,B0200,85.77615446798598,0.0,0.0,0.0,0.0,Friendly
5.0,B0100,N001VE,SEARCH,None,0.0,0.0,0.0,0.0,0.0,Enemy
5.0,B0200,N001VE,SEARCH,None,0.0,0.0,0.0,0.0,0.0,Enemy
5.2,A0100,AN/APG-68(V)9,SEARCH,B0100,85.68776173176056,0.0,0.0,0.0,0.0,Friendly
5.2,A0200,AN/APG-68(V)9,SEARCH,B0200,85.66414436479815,0.0,0.0,0.0,0.0,Friendly
5.2,B0100,N001VE,SEARCH,None,0.0,0.0,0.0,0.0,0.0,Enemy
5.2,B0200,N001VE,SEARCH,None,0.0,0.0,0.0,0.0,0.0,Enemy
5.4,A0100,AN/APG-68(V)9,SEARCH,B0100,85.57928713334748,0.0,0.0,0.0,0.0,Friendly
5.4,A0200,AN/APG-68(V)9,SEARCH,B0200,85.55387399881909,0.0,0.0,0.0,0.0,Friendly
5.4,B0100,N001VE,SEARCH,None,0.0,0.0,0.0,0.0,0.0,Enemy
5.4,B0200,N001VE,SEARCH,None,0.0,0.0,0.0,0.0,0.0,Enemy
5.6000000000000005,A0100,AN/APG-68(V)9,SEARCH,B0100,85.47261324140139,0.0,0.0,0.0,0.0,Friendly
5.6000000000000005,A0200,AN/APG-68(V)9,SEARCH,B0200,85.4453669283188,0.0,0.0,0.0,0.0,Friendly
5.6000000000000005,B0100,N001VE,SEARCH,None,0.0,0.0,0.0,0.0,0.0,Enemy
5.6000000000000005,B0200,N001VE,SEARCH,None,0.0,0.0,0.0,0.0,0.0,Enemy
5.800000000000001,A0100,AN/APG-68(V)9,SEARCH,B0100,85.36776290564192,0.0,0.0,0.0,0.0,Friendly
5.800000000000001,A0200,AN/APG-68(V)9,SEARCH,B0200,85.33865101276255,0.0,0.0,0.0,0.0,Friendly
5.800000000000001,B0100,N001VE,SEARCH,None,0.0,0.0,0.0,0.0,0.0,Enemy
5.800000000000001,B0200,N001VE,SEARCH,None,0.0,0.0,0.0,0.0,0.0,Enemy
6.0,A0100,AN/APG-68(V)9,SEARCH,B0100,85.2647596042972,0.0,0.0,0.0,0.0,Friendly
6.0,A0200,AN/APG-68(V)9,SEARCH,B0200,85.23375212713438,0.0,0.0,0.0,0.0,Friendly
6.0,B0100,N001VE,SEARCH,None,0.0,0.0,0.0,0.0,0.0,Enemy
6.0,B0200,N001VE,SEARCH,None,0.0,0.0,0.0,0.0,0.0,Enemy
6.2,A0100,AN/APG-68(V)9,SEARCH,B0100,85.16362579297754,0.0,0.0,0.0,0.0,Friendly
6.2,A0200,AN/APG-68(V)9,SEARCH,B0200,85.13069425799243,0.0,0.0,0.0,0.0,Friendly
6.2,B0100,N001VE,SEARCH,None,0.0,0.0,0.0,0.0,0.0,Enemy
6.2,B0200,N001VE,SEARCH,None,0.0,0.0,0.0,0.0,0.0,Enemy
6.4,A0100,AN/APG-68(V)9,SEARCH,B0100,85.0643827284878,0.0,0.0,0.0,0.0,Friendly
6.4,A0200,AN/APG-68(V)9,SEARCH,B0200,85.02949851688538,0.0,0.0,0.0,0.0,Friendly
6.4,B0100,N001VE,SEARCH,None,0.0,0.0,0.0,0.0,0.0,Enemy
6.4,B0200,N001VE,SEARCH,None,0.0,0.0,0.0,0.0,0.0,Enemy
6.6000000000000005,A0100,AN/APG-68(V)9,SEARCH,B0100,84.9670504830234,0.0,0.0,0.0,0.0,Friendly
6.6000000000000005,A0200,AN/APG-68(V)9,SEARCH,B0200,84.93018361503984,0.0,0.0,0.0,0.0,Friendly
6.6000000000000005,B0100,N001VE,SEARCH,None,0.0,0.0,0.0,0.0,0.0,Enemy
6.6000000000000005,B0200,N001VE,SEARCH,None,0.0,0.0,0.0,0.0,0.0,Enemy
6.800000000000001,A0100,AN/APG-68(V)9,SEARCH,B0100,84.87164780420537,0.0,0.0,0.0,0.0,Friendly
6.800000000000001,A0200,AN/APG-68(V)9,SEARCH,B0200,84.832766405587,0.0,0.0,0.0,0.0,Friendly
6.800000000000001,B0100,N001VE,SEARCH,None,0.0,0.0,0.0,0.0,0.0,Enemy
6.800000000000001,B0200,N001VE,SEARCH,None,0.0,0.0,0.0,0.0,0.0,Enemy
7.0,A0100,AN/APG-68(V)9,SEARCH,B0100,84.77819113708611,0.0,0.0,0.0,0.0,Friendly
7.0,A0200,AN/APG-68(V)9,SEARCH,B0200,84.73726089552281,0.0,0.0,0.0,0.0,Friendly
7.0,B0100,N001VE,SEARCH,None,0.0,0.0,0.0,0.0,0.0,Enemy
7.0,B0200,N001VE,SEARCH,None,0.0,0.0,0.0,0.0,0.0,Enemy
7.2,A0100,AN/APG-68(V)9,SEARCH,B0100,84.68669479767777,0.0,0.0,0.0,0.0,Friendly
7.2,A0200,AN/APG-68(V)9,SEARCH,B0200,84.64367847535175,0.0,0.0,0.0,0.0,Friendly
7.2,B0100,N001VE,SEARCH,None,0.0,0.0,0.0,0.0,0.0,Enemy
7.2,B0200,N001VE,SEARCH,None,0.0,0.0,0.0,0.0,0.0,Enemy
7.4,A0100,AN/APG-68(V)9,SEARCH,B0100,84.59717149673654,0.0,0.0,0.0,0.0,Friendly
7.4,A0200,AN/APG-68(V)9,SEARCH,B0200,84.5520291674256,0.0,0.0,0.0,0.0,Friendly
7.4,B0100,N001VE,SEARCH,None,0.0,0.0,0.0,0.0,0.0,Enemy
7.4,B0200,N001VE,SEARCH,None,0.0,0.0,0.0,0.0,0.0,Enemy
7.6000000000000005,A0100,AN/APG-68(V)9,SEARCH,B0100,84.50963252880095,0.0,0.0,0.0,0.0,Friendly
7.6000000000000005,A0200,AN/APG-68(V)9,SEARCH,B0200,84.46231986169518,0.0,0.0,0.0,0.0,Friendly
7.6000000000000005,B0100,N001VE,SEARCH,None,0.0,0.0,0.0,0.0,0.0,Enemy
7.6000000000000005,B0200,N001VE,SEARCH,None,0.0,0.0,0.0,0.0,0.0,Enemy
7.800000000000001,A0100,AN/APG-68(V)9,SEARCH,B0100,84.4240878331508,0.0,0.0,0.0,0.0,Friendly
7.800000000000001,A0200,AN/APG-68(V)9,SEARCH,B0200,84.37455385858023,0.0,0.0,0.0,0.0,Friendly
7.800000000000001,B0100,N001VE,SEARCH,None,0.0,0.0,0.0,0.0,0.0,Enemy
7.800000000000001,B0200,N001VE,SEARCH,None,0.0,0.0,0.0,0.0,0.0,Enemy
8.0,A0100,AN/APG-68(V)9,SEARCH,B0100,84.34054601619079,0.0,0.0,0.0,0.0,Friendly
8.0,A0200,AN/APG-68(V)9,SEARCH,B0200,84.28873260814055,0.0,0.0,0.0,0.0,Friendly
8.0,B0100,N001VE,SEARCH,None,0.0,0.0,0.0,0.0,0.0,Enemy
8.0,B0200,N001VE,SEARCH,None,0.0,0.0,0.0,0.0,0.0,Enemy
8.200000000000001,A0100,AN/APG-68(V)9,SEARCH,B0100,84.2590143597881,0.0,0.0,0.0,0.0,Friendly
8.200000000000001,A0200,AN/APG-68(V)9,SEARCH,B0200,84.20485940596208,0.0,0.0,0.0,0.0,Friendly
8.200000000000001,B0100,N001VE,SEARCH,None,0.0,0.0,0.0,0.0,0.0,Enemy
8.200000000000001,B0200,N001VE,SEARCH,None,0.0,0.0,0.0,0.0,0.0,Enemy
8.4,A0100,AN/APG-68(V)9,SEARCH,B0100,84.17949873684829,0.0,0.0,0.0,0.0,Friendly
8.4,A0200,AN/APG-68(V)9,SEARCH,B0200,84.12293699114728,0.0,0.0,0.0,0.0,Friendly
8.4,B0100,N001VE,SEARCH,None,0.0,0.0,0.0,0.0,0.0,Enemy
8.4,B0200,N001VE,SEARCH,None,0.0,0.0,0.0,0.0,0.0,Enemy
8.6,A0100,AN/APG-68(V)9,SEARCH,B0100,84.10200179079818,0.0,0.0,0.0,0.0,Friendly
8.6,A0200,AN/APG-68(V)9,SEARCH,B0200,84.0429663511045,0.0,0.0,0.0,0.0,Friendly
8.6,B0100,N001VE,SEARCH,None,0.0,0.0,0.0,0.0,0.0,Enemy
8.6,B0200,N001VE,SEARCH,None,0.0,0.0,0.0,0.0,0.0,Enemy
8.8,A0100,AN/APG-68(V)9,SEARCH,B0100,84.02652025658567,0.0,0.0,0.0,0.0,Friendly
8.8,A0200,AN/APG-68(V)9,SEARCH,B0200,83.96494532718697,0.0,0.0,0.0,0.0,Friendly
8.8,B0100,N001VE,SEARCH,None,0.0,0.0,0.0,0.0,0.0,Enemy
8.8,B0200,N001VE,SEARCH,None,0.0,0.0,0.0,0.0,0.0,Enemy
9.0,A0100,AN/APG-68(V)9,SEARCH,B0100,83.95304654026583,0.0,0.0,0.0,0.0,Friendly
9.0,A0200,AN/APG-68(V)9,SEARCH,B0200,83.88887084999678,0.0,0.0,0.0,0.0,Friendly
9.0,B0100,N001VE,SEARCH,None,0.0,0.0,0.0,0.0,0.0,Enemy
9.0,B0200,N001VE,SEARCH,None,0.0,0.0,0.0,0.0,0.0,Enemy
9.200000000000001,A0100,AN/APG-68(V)9,SEARCH,B0100,83.8815718656897,0.0,0.0,0.0,0.0,Friendly
9.200000000000001,A0200,AN/APG-68(V)9,SEARCH,B0200,83.81474183578989,0.0,0.0,0.0,0.0,Friendly
9.200000000000001,B0100,N001VE,SEARCH,None,0.0,0.0,0.0,0.0,0.0,Enemy
9.200000000000001,B0200,N001VE,SEARCH,None,0.0,0.0,0.0,0.0,0.0,Enemy
9.4,A0100,AN/APG-68(V)9,SEARCH,B0100,83.81208727665417,0.0,0.0,0.0,0.0,Friendly
9.4,A0200,AN/APG-68(V)9,SEARCH,B0200,83.7425589876218,0.0,0.0,0.0,0.0,Friendly
9.4,B0100,N001VE,SEARCH,None,0.0,0.0,0.0,0.0,0.0,Enemy
9.4,B0200,N001VE,SEARCH,None,0.0,0.0,0.0,0.0,0.0,Enemy
9.600000000000001,A0100,AN/APG-68(V)9,SEARCH,B0100,83.7445829946599,0.0,0.0,0.0,0.0,Friendly
9.600000000000001,A0200,AN/APG-68(V)9,SEARCH,B0200,83.67232373927425,0.0,0.0,0.0,0.0,Friendly
9.600000000000001,B0100,N001VE,SEARCH,None,0.0,0.0,0.0,0.0,0.0,Enemy
9.600000000000001,B0200,N001VE,SEARCH,None,0.0,0.0,0.0,0.0,0.0,Enemy
9.8,A0100,AN/APG-68(V)9,SEARCH,B0100,83.67904756373345,0.0,0.0,0.0,0.0,Friendly
9.8,A0200,AN/APG-68(V)9,SEARCH,B0200,83.60403901556498,0.0,0.0,0.0,0.0,Friendly
9.8,B0100,N001VE,SEARCH,None,0.0,0.0,0.0,0.0,0.0,Enemy
9.8,B0200,N001VE,SEARCH,None,0.0,0.0,0.0,0.0,0.0,Enemy
10.0,A0100,AN/APG-68(V)9,SEARCH,B0100,83.61546737169674,0.0,0.0,0.0,0.0,Friendly
10.0,A0200,AN/APG-68(V)9,SEARCH,B0200,83.5377030421309,0.0,0.0,0.0,0.0,Friendly
10.0,B0100,N001VE,SEARCH,None,0.0,0.0,0.0,0.0,0.0,Enemy
10.0,B0200,N001VE,SEARCH,None,0.0,0.0,0.0,0.0,0.0,Enemy
10.200000000000001,A0100,AN/APG-68(V)9,SEARCH,B0100,83.55382639266861,0.0,0.0,0.0,0.0,Friendly
10.200000000000001,A0200,AN/APG-68(V)9,SEARCH,B0200,83.47330663756934,0.0,0.0,0.0,0.0,Friendly
10.200000000000001,B0100,N001VE,SEARCH,None,0.0,0.0,0.0,0.0,0.0,Enemy
10.200000000000001,B0200,N001VE,SEARCH,None,0.0,0.0,0.0,0.0,0.0,Enemy
10.4,A0100,AN/APG-68(V)9,SEARCH,B0100,83.49410599703896,0.0,0.0,0.0,0.0,Friendly
10.4,A0200,AN/APG-68(V)9,SEARCH,B0200,83.41083307328017,0.0,0.0,0.0,0.0,Friendly
10.4,B0100,N001VE,SEARCH,None,0.0,0.0,0.0,0.0,0.0,Enemy
10.4,B0200,N001VE,SEARCH,None,0.0,0.0,0.0,0.0,0.0,Enemy
10.600000000000001,A0100,AN/APG-68(V)9,SEARCH,B0100,83.43628494297805,0.0,0.0,0.0,0.0,Friendly
10.600000000000001,A0200,AN/APG-68(V)9,SEARCH,B0200,83.35026059831614,0.0,0.0,0.0,0.0,Friendly
10.600000000000001,B0100,N001VE,SEARCH,None,0.0,0.0,0.0,0.0,0.0,Enemy
10.600000000000001,B0200,N001VE,SEARCH,None,0.0,0.0,0.0,0.0,0.0,Enemy
10.8,A0100,AN/APG-68(V)9,SEARCH,B0100,83.38033944524034,0.0,0.0,0.0,0.0,Friendly
10.8,A0200,AN/APG-68(V)9,SEARCH,B0200,83.29156360059169,0.0,0.0,0.0,0.0,Friendly
10.8,B0100,N001VE,SEARCH,None,0.0,0.0,0.0,0.0,0.0,Enemy
10.8,B0200,N001VE,SEARCH,None,0.0,0.0,0.0,0.0,0.0,Enemy
11.0,A0100,AN/APG-68(V)9,SEARCH,B0100,83.32624273074259,0.0,0.0,0.0,0.0,Friendly
11.0,A0200,AN/APG-68(V)9,SEARCH,B0200,83.2347127981664,0.0,0.0,0.0,0.0,Friendly
11.0,B0100,N001VE,SEARCH,None,0.0,0.0,0.0,0.0,0.0,Enemy
11.0,B0200,N001VE,SEARCH,None,0.0,0.0,0.0,0.0,0.0,Enemy
11.200000000000001,A0100,AN/APG-68(V)9,SEARCH,B0100,83.27396473236429,0.0,0.0,0.0,0.0,Friendly
11.200000000000001,A0200,AN/APG-68(V)9,SEARCH,B0200,83.17967585643038,0.0,0.0,0.0,0.0,Friendly
11.200000000000001,B0100,N001VE,SEARCH,None,0.0,0.0,0.0,0.0,0.0,Enemy
11.200000000000001,B0200,N001VE,SEARCH,None,0.0,0.0,0.0,0.0,0.0,Enemy
11.4,A0100,AN/APG-68(V)9,SEARCH,B0100,83.22347166979254,0.0,0.0,0.0,0.0,Friendly
11.4,A0200,AN/APG-68(V)9,SEARCH,B0200,83.12641679062392,0.0,0.0,0.0,0.0,Friendly
11.4,B0100,N001VE,SEARCH,None,0.0,0.0,0.0,0.0,0.0,Enemy
11.4,B0200,N001VE,SEARCH,None,0.0,0.0,0.0,0.0,0.0,Enemy
11.600000000000001,A0100,AN/APG-68(V)9,SEARCH,B0100,83.17472175199984,0.0,0.0,0.0,0.0,Friendly
11.600000000000001,A0200,AN/APG-68(V)9,SEARCH,B0200,83.07489104121922,0.0,0.0,0.0,0.0,Friendly
11.600000000000001,B0100,N001VE,SEARCH,None,0.0,0.0,0.0,0.0,0.0,Enemy
11.600000000000001,B0200,N001VE,SEARCH,None,0.0,0.0,0.0,0.0,0.0,Enemy
11.8,A0100,AN/APG-68(V)9,SEARCH,B0100,83.12766061988302,0.0,0.0,0.0,0.0,Friendly
11.8,A0200,AN/APG-68(V)9,SEARCH,B0200,83.02504081457971,0.0,0.0,0.0,0.0,Friendly
11.8,B0100,N001VE,SEARCH,None,0.0,0.0,0.0,0.0,0.0,Enemy
11.8,B0200,N001VE,SEARCH,None,0.0,0.0,0.0,0.0,0.0,Enemy
12.0,A0100,AN/APG-68(V)9,SEARCH,B0100,83.08222444061504,0.0,0.0,0.0,0.0,Friendly
12.0,A0200,AN/APG-68(V)9,SEARCH,B0200,82.97679556707699,0.0,0.0,0.0,0.0,Friendly
12.0,B0100,N001VE,SEARCH,None,0.0,0.0,0.0,0.0,0.0,Enemy
12.0,B0200,N001VE,SEARCH,None,0.0,0.0,0.0,0.0,0.0,Enemy
12.200000000000001,A0100,AN/APG-68(V)9,SEARCH,B0100,83.0383440329865,0.0,0.0,0.0,0.0,Friendly
12.200000000000001,A0200,AN/APG-68(V)9,SEARCH,B0200,82.93007524012995,0.0,0.0,0.0,0.0,Friendly
12.200000000000001,B0100,N001VE,SEARCH,None,0.0,0.0,0.0,0.0,0.0,Enemy
12.200000000000001,B0200,N001VE,SEARCH,None,0.0,0.0,0.0,0.0,0.0,Enemy
12.4,A0100,AN/APG-68(V)9,SEARCH,B0100,82.99594762686013,0.0,0.0,0.0,0.0,Friendly
12.4,A0200,AN/APG-68(V)9,SEARCH,B0200,82.88479421126323,0.0,0.0,0.0,0.0,Friendly
12.4,B0100,N001VE,SEARCH,None,0.0,0.0,0.0,0.0,0.0,Enemy
12.4,B0200,N001VE,SEARCH,None,0.0,0.0,0.0,0.0,0.0,Enemy
12.600000000000001,A0100,AN/APG-68(V)9,SEARCH,B0100,82.95496253475285,0.0,0.0,0.0,0.0,Friendly
12.600000000000001,A0200,AN/APG-68(V)9,SEARCH,B0200,82.84086809555352,0.0,0.0,0.0,0.0,Friendly
12.600000000000001,B0100,N001VE,SEARCH,None,0.0,0.0,0.0,0.0,0.0,Enemy
12.600000000000001,B0200,N001VE,SEARCH,None,0.0,0.0,0.0,0.0,0.0,Enemy
12.8,A0100,AN/APG-68(V)9,SEARCH,B0100,82.91531614224415,0.0,0.0,0.0,0.0,Friendly
12.8,A0200,AN/APG-68(V)9,SEARCH,B0200,82.7982148078942,0.0,0.0,0.0,0.0,Friendly
12.8,B0100,N001VE,SEARCH,None,0.0,0.0,0.0,0.0,0.0,Enemy
12.8,B0200,N001VE,SEARCH,None,0.0,0.0,0.0,0.0,0.0,Enemy
13.0,A0100,AN/APG-68(V)9,SEARCH,B0100,82.87693648841977,0.0,0.0,0.0,0.0,Friendly
13.0,A0200,AN/APG-68(V)9,SEARCH,B0200,82.75675592869453,0.0,0.0,0.0,0.0,Friendly
13.0,B0100,N001VE,SEARCH,None,0.0,0.0,0.0,0.0,0.0,Enemy
13.0,B0200,N001VE,SEARCH,None,0.0,0.0,0.0,0.0,0.0,Enemy
13.200000000000001,A0100,AN/APG-68(V)9,SEARCH,B0100,82.83975260047406,0.0,0.0,0.0,0.0,Friendly
13.200000000000001,A0200,AN/APG-68(V)9,SEARCH,B0200,82.7164192537379,0.0,0.0,0.0,0.0,Friendly
13.200000000000001,B0100,N001VE,SEARCH,None,0.0,0.0,0.0,0.0,0.0,Enemy
13.200000000000001,B0200,N001VE,SEARCH,None,0.0,0.0,0.0,0.0,0.0,Enemy
13.4,A0100,AN/APG-68(V)9,SEARCH,B0100,82.80369467975906,0.0,0.0,0.0,0.0,Friendly
13.4,A0200,AN/APG-68(V)9,SEARCH,B0200,82.67714008342493,0.0,0.0,0.0,0.0,Friendly
13.4,B0100,N001VE,SEARCH,None,0.0,0.0,0.0,0.0,0.0,Enemy
13.4,B0200,N001VE,SEARCH,None,0.0,0.0,0.0,0.0,0.0,Enemy
13.600000000000001,A0100,AN/APG-68(V)9,SEARCH,B0100,82.76869419659417,0.0,0.0,0.0,0.0,Friendly
13.600000000000001,A0200,AN/APG-68(V)9,SEARCH,B0200,82.63886088648239,0.0,0.0,0.0,0.0,Friendly
13.600000000000001,B0100,N001VE,SEARCH,None,0.0,0.0,0.0,0.0,0.0,Enemy
13.600000000000001,B0200,N001VE,SEARCH,None,0.0,0.0,0.0,0.0,0.0,Enemy
13.8,A0100,AN/APG-68(V)9,SEARCH,B0100,82.73468392769307,0.0,0.0,0.0,0.0,Friendly
13.8,A0200,AN/APG-68(V)9,SEARCH,B0200,82.60152934244256,0.0,0.0,0.0,0.0,Friendly
13.8,B0100,N001VE,SEARCH,None,0.0,0.0,0.0,0.0,0.0,Enemy
13.8,B0200,N001VE,SEARCH,None,0.0,0.0,0.0,0.0,0.0,Enemy
14.0,A0100,AN/APG-68(V)9,SEARCH,B0100,82.70159795631076,0.0,0.0,0.0,0.0,Friendly
14.0,A0200,AN/APG-68(V)9,SEARCH,B0200,82.5650969657336,0.0,0.0,0.0,0.0,Friendly
14.0,B0100,N001VE,SEARCH,None,0.0,0.0,0.0,0.0,0.0,Enemy
14.0,B0200,N001VE,SEARCH,None,0.0,0.0,0.0,0.0,0.0,Enemy
14.200000000000001,A0100,AN/APG-68(V)9,SEARCH,B0100,82.66937164731058,0.0,0.0,0.0,0.0,Friendly
14.200000000000001,A0200,AN/APG-68(V)9,SEARCH,B0200,82.52951923744685,0.0,0.0,0.0,0.0,Friendly
14.200000000000001,B0100,N001VE,SEARCH,None,0.0,0.0,0.0,0.0,0.0,Enemy
14.200000000000001,B0200,N001VE,SEARCH,None,0.0,0.0,0.0,0.0,0.0,Enemy
14.4,A0100,AN/APG-68(V)9,SEARCH,B0100,82.63794160451262,0.0,0.0,0.0,0.0,Friendly
14.4,A0200,AN/APG-68(V)9,SEARCH,B0200,82.49474860902617,0.0,0.0,0.0,0.0,Friendly
14.4,B0100,N001VE,SEARCH,None,0.0,0.0,0.0,0.0,0.0,Enemy
14.4,B0200,N001VE,SEARCH,None,0.0,0.0,0.0,0.0,0.0,Enemy
14.600000000000001,A0100,AN/APG-68(V)9,SEARCH,B0100,82.60724561515295,0.0,0.0,0.0,0.0,Friendly
14.600000000000001,A0200,AN/APG-68(V)9,SEARCH,B0200,82.46073153180515,0.0,0.0,0.0,0.0,Friendly
14.600000000000001,B0100,N001VE,SEARCH,None,0.0,0.0,0.0,0.0,0.0,Enemy
14.600000000000001,B0200,N001VE,SEARCH,None,0.0,0.0,0.0,0.0,0.0,Enemy
14.8,A0100,AN/APG-68(V)9,SEARCH,B0100,82.57722258458021,0.0,0.0,0.0,0.0,Friendly
14.8,A0200,AN/APG-68(V)9,SEARCH,B0200,82.42740849127516,0.0,0.0,0.0,0.0,Friendly
14.8,B0100,N001VE,SEARCH,None,0.0,0.0,0.0,0.0,0.0,Enemy
14.8,B0200,N001VE,SEARCH,None,0.0,0.0,0.0,0.0,0.0,Enemy
15.0,A0100,AN/APG-68(V)9,SEARCH,B0100,82.54781246341011,0.0,0.0,0.0,0.0,Friendly
15.0,A0200,AN/APG-68(V)9,SEARCH,B0200,82.39471688391332,0.0,0.0,0.0,0.0,Friendly
15.0,B0100,N001VE,SEARCH,None,0.0,0.0,0.0,0.0,0.0,Enemy
15.0,B0200,N001VE,SEARCH,None,0.0,0.0,0.0,0.0,0.0,Enemy
15.200000000000001,A0100,AN/APG-68(V)9,SEARCH,B0100,82.5189561687972,0.0,0.0,0.0,0.0,Friendly
15.200000000000001,A0200,AN/APG-68(V)9,SEARCH,B0200,82.36259386343629,0.0,0.0,0.0,0.0,Friendly
15.200000000000001,B0100,N001VE,SEARCH,None,0.0,0.0,0.0,0.0,0.0,Enemy
15.200000000000001,B0200,N001VE,SEARCH,None,0.0,0.0,0.0,0.0,0.0,Enemy
15.4,A0100,AN/APG-68(V)9,SEARCH,B0100,82.4905955011761,0.0,0.0,0.0,0.0,Friendly
15.4,A0200,AN/APG-68(V)9,SEARCH,B0200,82.33097733172602,0.0,0.0,0.0,0.0,Friendly
15.4,B0100,N001VE,SEARCH,None,0.0,0.0,0.0,0.0,0.0,Enemy
15.4,B0200,N001VE,SEARCH,None,0.0,0.0,0.0,0.0,0.0,Enemy
15.600000000000001,A0100,AN/APG-68(V)9,SEARCH,B0100,82.46267305753813,0.0,0.0,0.0,0.0,Friendly
15.600000000000001,A0200,AN/APG-68(V)9,SEARCH,B0200,82.29980701991889,0.0,0.0,0.0,0.0,Friendly
15.600000000000001,B0100,N001VE,SEARCH,None,0.0,0.0,0.0,0.0,0.0,Enemy
15.600000000000001,B0200,N001VE,SEARCH,None,0.0,0.0,0.0,0.0,0.0,Enemy
15.8,A0100,AN/APG-68(V)9,SEARCH,B0100,82.43513214221709,0.0,0.0,0.0,0.0,Friendly
15.8,A0200,AN/APG-68(V)9,SEARCH,B0200,82.26902392521015,0.0,0.0,0.0,0.0,Friendly
15.8,B0100,N001VE,SEARCH,None,0.0,0.0,0.0,0.0,0.0,Enemy
15.8,B0200,N001VE,SEARCH,None,0.0,0.0,0.0,0.0,0.0,Enemy
16.0,A0100,AN/APG-68(V)9,SEARCH,B0100,82.40791667597234,0.0,0.0,0.0,0.0,Friendly
16.0,A0200,AN/APG-68(V)9,SEARCH,B0200,82.23856911823853,0.0,0.0,0.0,0.0,Friendly
16.0,B0100,N001VE,SEARCH,None,0.0,0.0,0.0,0.0,0.0,Enemy
16.0,B0200,N001VE,SEARCH,None,0.0,0.0,0.0,0.0,0.0,Enemy
16.2,A0100,AN/APG-68(V)9,SEARCH,B0100,82.38097110428572,0.0,0.0,0.0,0.0,Friendly
16.2,A0200,AN/APG-68(V)9,SEARCH,B0200,82.20838220696008,0.0,0.0,0.0,0.0,Friendly
16.2,B0100,N001VE,SEARCH,None,0.0,0.0,0.0,0.0,0.0,Enemy
16.2,B0200,N001VE,SEARCH,None,0.0,0.0,0.0,0.0,0.0,Enemy
16.400000000000002,A0100,AN/APG-68(V)9,SEARCH,B0100,82.35424030565748,0.0,0.0,0.0,0.0,Friendly
16.400000000000002,A0200,AN/APG-68(V)9,SEARCH,B0200,82.17839800307183,0.0,0.0,0.0,0.0,Friendly
16.400000000000002,B0100,N001VE,SEARCH,None,0.0,0.0,0.0,0.0,0.0,Enemy
16.400000000000002,B0200,N001VE,SEARCH,None,0.0,0.0,0.0,0.0,0.0,Enemy
16.6,A0100,AN/APG-68(V)9,SEARCH,B0100,82.32766950053903,0.0,0.0,0.0,0.0,Friendly
16.6,A0200,AN/APG-68(V)9,SEARCH,B0200,82.1485455871705,0.0,0.0,0.0,0.0,Friendly
16.6,B0100,N001VE,SEARCH,None,0.0,0.0,0.0,0.0,0.0,Enemy
16.6,B0200,N001VE,SEARCH,None,0.0,0.0,0.0,0.0,0.0,Enemy
16.8,A0100,AN/APG-68(V)9,SEARCH,B0100,82.3012041615571,0.0,0.0,0.0,0.0,Friendly
16.8,A0200,AN/APG-68(V)9,SEARCH,B0200,82.11874965482528,0.0,0.0,0.0,0.0,Friendly
16.8,B0100,N001VE,SEARCH,None,0.0,0.0,0.0,0.0,0.0,Enemy
16.8,B0200,N001VE,SEARCH,None,0.0,0.0,0.0,0.0,0.0,Enemy
17.0,A0100,AN/APG-68(V)9,SEARCH,B0100,82.27478992568419,0.0,0.0,0.0,0.0,Friendly
17.0,A0200,AN/APG-68(V)9,SEARCH,B0200,82.08893638803718,0.0,0.0,0.0,0.0,Friendly
17.0,B0100,N001VE,SEARCH,None,0.0,0.0,0.0,0.0,0.0,Enemy
17.0,B0200,N001VE,SEARCH,None,0.0,0.0,0.0,0.0,0.0,Enemy
17.2,A0100,AN/APG-68(V)9,SEARCH,B0100,82.24837250900609,0.0,0.0,0.0,0.0,Friendly
17.2,A0200,AN/APG-68(V)9,SEARCH,B0200,82.05903608029136,0.0,0.0,0.0,0.0,Friendly
17.2,B0100,N001VE,SEARCH,None,0.0,0.0,0.0,0.0,0.0,Enemy
17.2,B0200,N001VE,SEARCH,None,0.0,0.0,0.0,0.0,0.0,Enemy
17.400000000000002,A0100,AN/APG-68(V)9,SEARCH,B0100,82.22189762466182,0.0,0.0,0.0,0.0,Friendly
17.400000000000002,A0200,AN/APG-68(V)9,SEARCH,B0200,82.02898438606243,0.0,0.0,0.0,0.0,Friendly
17.400000000000002,B0100,N001VE,SEARCH,None,0.0,0.0,0.0,0.0,0.0,Enemy
17.400000000000002,B0200,N001VE,SEARCH,None,0.0,0.0,0.0,0.0,0.0,Enemy
17.6,A0100,AN/APG-68(V)9,SEARCH,B0100,82.19531090464108,0.0,0.0,0.0,0.0,Friendly
17.6,A0200,AN/APG-68(V)9,SEARCH,B0200,81.99872520303823,0.0,0.0,0.0,0.0,Friendly
17.6,B0100,N001VE,SEARCH,None,0.0,0.0,0.0,0.0,0.0,Enemy
17.6,B0200,N001VE,SEARCH,None,0.0,0.0,0.0,0.0,0.0,Enemy
17.8,A0100,AN/APG-68(V)9,SEARCH,B0100,82.16855782596092,0.0,0.0,0.0,0.0,Friendly
17.8,A0200,AN/APG-68(V)9,SEARCH,B0200,81.96821183251765,0.0,0.0,0.0,0.0,Friendly
17.8,B0100,N001VE,SEARCH,None,0.0,0.0,0.0,0.0,0.0,Enemy
17.8,B0200,N001VE,SEARCH,None,0.0,0.0,0.0,0.0,0.0,Enemy
18.0,A0100,AN/APG-68(V)9,SEARCH,B0100,82.14158364187236,0.0,0.0,0.0,0.0,Friendly
18.0,A0200,AN/APG-68(V)9,SEARCH,B0200,81.9374058861838,0.0,0.0,0.0,0.0,Friendly
18.0,B0100,N001VE,SEARCH,None,0.0,0.0,0.0,0.0,0.0,Enemy
18.0,B0200,N001VE,SEARCH,None,0.0,0.0,0.0,0.0,0.0,Enemy
18.2,A0100,AN/APG-68(V)9,SEARCH,B0100,82.11433331869034,0.0,0.0,0.0,0.0,Friendly
18.2,A0200,AN/APG-68(V)9,SEARCH,B0200,81.90627413609701,0.0,0.0,0.0,0.0,Friendly
18.2,B0100,N001VE,SEARCH,None,0.0,0.0,0.0,0.0,0.0,Enemy
18.2,B0200,N001VE,SEARCH,None,0.0,0.0,0.0,0.0,0.0,Enemy
18.400000000000002,A0100,AN/APG-68(V)9,SEARCH,B0100,82.08675147878925,0.0,0.0,0.0,0.0,Friendly
18.400000000000002,A0200,AN/APG-68(V)9,SEARCH,B0200,81.87478715338267,0.0,0.0,0.0,0.0,Friendly
18.400000000000002,B0100,N001VE,SEARCH,None,0.0,0.0,0.0,0.0,0.0,Enemy
18.400000000000002,B0200,N001VE,SEARCH,None,0.0,0.0,0.0,0.0,0.0,Enemy
18.6,A0100,AN/APG-68(V)9,SEARCH,B0100,82.05878235044071,0.0,0.0,0.0,0.0,Friendly
18.6,A0200,AN/APG-68(V)9,SEARCH,B0200,81.84291579774019,0.0,0.0,0.0,0.0,Friendly
18.6,B0100,N001VE,SEARCH,None,0.0,0.0,0.0,0.0,0.0,Enemy
18.6,B0200,N001VE,SEARCH,None,0.0,0.0,0.0,0.0,0.0,Enemy
18.8,A0100,AN/APG-68(V)9,SEARCH,B0100,82.03036972500877,0.0,0.0,0.0,0.0,Friendly
18.8,A0200,AN/APG-68(V)9,SEARCH,B0200,81.81062337806378,0.0,0.0,0.0,0.0,Friendly
18.8,B0100,N001VE,SEARCH,None,0.0,0.0,0.0,0.0,0.0,Enemy
18.8,B0200,N001VE,SEARCH,None,0.0,0.0,0.0,0.0,0.0,Enemy
19.0,A0100,AN/APG-68(V)9,SEARCH,B0100,82.00145692217856,0.0,0.0,0.0,0.0,Friendly
19.0,A0200,AN/APG-68(V)9,SEARCH,B0200,81.77786316202854,0.0,0.0,0.0,0.0,Friendly
19.0,B0100,N001VE,SEARCH,None,0.0,0.0,0.0,0.0,0.0,Enemy
19.0,B0200,N001VE,SEARCH,None,0.0,0.0,0.0,0.0,0.0,Enemy
19.200000000000003,A0100,AN/APG-68(V)9,SEARCH,B0100,81.97198676373361,0.0,0.0,0.0,0.0,Friendly
19.200000000000003,A0200,AN/APG-68(V)9,SEARCH,B0200,81.744579040789,0.0,0.0,0.0,0.0,Friendly
19.200000000000003,B0100,N001VE,SEARCH,None,0.0,0.0,0.0,0.0,0.0,Enemy
19.200000000000003,B0200,N001VE,SEARCH,None,0.0,0.0,0.0,0.0,0.0,Enemy
19.400000000000002,A0100,AN/APG-68(V)9,SEARCH,B0100,81.94190155654131,0.0,0.0,0.0,0.0,Friendly
19.400000000000002,A0200,AN/APG-68(V)9,SEARCH,B0200,81.71070922686366,0.0,0.0,0.0,0.0,Friendly
19.400000000000002,B0100,N001VE,SEARCH,None,0.0,0.0,0.0,0.0,0.0,Enemy
19.400000000000002,B0200,N001VE,SEARCH,None,0.0,0.0,0.0,0.0,0.0,Enemy
19.6,A0100,AN/APG-68(V)9,SEARCH,B0100,81.91114308508199,0.0,0.0,0.0,0.0,Friendly
19.6,A0200,AN/APG-68(V)9,SEARCH,B0200,81.67619029363081,0.0,0.0,0.0,0.0,Friendly
19.6,B0100,N001VE,SEARCH,None,0.0,0.0,0.0,0.0,0.0,Enemy
19.6,B0200,N001VE,SEARCH,None,0.0,0.0,0.0,0.0,0.0,Enemy
19.8,A0100,AN/APG-68(V)9,SEARCH,B0100,81.87965261438757,0.0,0.0,0.0,0.0,Friendly
19.8,A0200,AN/APG-68(V)9,SEARCH,B0200,81.64095871580447,0.0,0.0,0.0,0.0,Friendly
19.8,B0100,N001VE,SEARCH,None,0.0,0.0,0.0,0.0,0.0,Enemy
19.8,B0200,N001VE,SEARCH,None,0.0,0.0,0.0,0.0,0.0,Enemy
20.0,A0100,AN/APG-68(V)9,SEARCH,B0100,81.84737090431673,0.0,0.0,0.0,0.0,Friendly
20.0,A0200,AN/APG-68(V)9,SEARCH,B0200,81.60495192258486,0.0,0.0,0.0,0.0,Friendly
20.0,B0100,N001VE,SEARCH,None,0.0,0.0,0.0,0.0,0.0,Enemy
20.0,B0200,N001VE,SEARCH,None,0.0,0.0,0.0,0.0,0.0,Enemy
20.200000000000003,A0100,AN/APG-68(V)9,SEARCH,B0100,81.81423823548892,0.0,0.0,0.0,0.0,Friendly
20.200000000000003,A0200,AN/APG-68(V)9,SEARCH,B0200,81.56810731566219,0.0,0.0,0.0,0.0,Friendly
20.200000000000003,B0100,N001VE,SEARCH,None,0.0,0.0,0.0,0.0,0.0,Enemy
20.200000000000003,B0200,N001VE,SEARCH,None,0.0,0.0,0.0,0.0,0.0,Enemy
20.400000000000002,A0100,AN/APG-68(V)9,SEARCH,B0100,81.78019444725908,0.0,0.0,0.0,0.0,Friendly
20.400000000000002,A0200,AN/APG-68(V)9,SEARCH,B0200,81.53036093399207,0.0,0.0,0.0,0.0,Friendly
20.400000000000002,B0100,N001VE,SEARCH,None,0.0,0.0,0.0,0.0,0.0,Enemy
20.400000000000002,B0200,N001VE,SEARCH,None,0.0,0.0,0.0,0.0,0.0,Enemy
20.6,A0100,AN/APG-68(V)9,SEARCH,B0100,81.74517898830476,0.0,0.0,0.0,0.0,Friendly
20.6,A0200,AN/APG-68(V)9,SEARCH,B0200,81.4916443410912,0.0,0.0,0.0,0.0,Friendly
20.6,B0100,N001VE,SEARCH,None,0.0,0.0,0.0,0.0,0.0,Enemy
20.6,B0200,N001VE,SEARCH,None,0.0,0.0,0.0,0.0,0.0,Enemy
20.8,A0100,AN/APG-68(V)9,SEARCH,B0100,81.70913098039858,0.0,0.0,0.0,0.0,Friendly
20.8,A0200,AN/APG-68(V)9,SEARCH,B0200,81.45188165162922,0.0,0.0,0.0,0.0,Friendly
20.8,B0100,N001VE,SEARCH,None,0.0,0.0,0.0,0.0,0.0,Enemy
20.8,B0200,N001VE,SEARCH,None,0.0,0.0,0.0,0.0,0.0,Enemy
21.0,A0100,AN/APG-68(V)9,SEARCH,B0100,81.6719892959015,0.0,0.0,0.0,0.0,Friendly
21.0,A0200,AN/APG-68(V)9,SEARCH,B0200,81.41098938906258,0.0,0.0,0.0,0.0,Friendly
21.0,B0100,N001VE,SEARCH,None,0.0,0.0,0.0,0.0,0.0,Enemy
21.0,B0200,N001VE,SEARCH,None,0.0,0.0,0.0,0.0,0.0,Enemy
21.200000000000003,A0100,AN/APG-68(V)9,SEARCH,B0100,81.63369264939811,0.0,0.0,0.0,0.0,Friendly
21.200000000000003,A0200,AN/APG-68(V)9,SEARCH,B0200,81.36887892117998,0.0,0.0,0.0,0.0,Friendly
21.200000000000003,B0100,N001VE,SEARCH,None,0.0,0.0,0.0,0.0,0.0,Enemy
21.200000000000003,B0200,N001VE,SEARCH,None,0.0,0.0,0.0,0.0,0.0,Enemy
21.400000000000002,A0100,AN/APG-68(V)9,SEARCH,B0100,81.59417970391837,0.0,0.0,0.0,0.0,Friendly
21.400000000000002,A0200,AN/APG-68(V)9,SEARCH,B0200,81.32546333735453,0.0,0.0,0.0,0.0,Friendly
21.400000000000002,B0100,N001VE,SEARCH,None,0.0,0.0,0.0,0.0,0.0,Enemy
21.400000000000002,B0200,N001VE,SEARCH,None,0.0,0.0,0.0,0.0,0.0,Enemy
21.6,A0100,AN/APG-68(V)9,SEARCH,B0100,81.55338919202792,0.0,0.0,0.0,0.0,Friendly
21.6,A0200,AN/APG-68(V)9,SEARCH,B0200,81.28066254091027,0.0,0.0,0.0,0.0,Friendly
21.6,B0100,N001VE,SEARCH,None,0.0,0.0,0.0,0.0,0.0,Enemy
21.6,B0200,N001VE,SEARCH,None,0.0,0.0,0.0,0.0,0.0,Enemy
21.8,A0100,AN/APG-68(V)9,SEARCH,B0100,81.51126005207095,0.0,0.0,0.0,0.0,Friendly
21.8,A0200,AN/APG-68(V)9,SEARCH,B0200,81.23440521301141,0.0,0.0,0.0,0.0,Friendly
21.8,B0100,N001VE,SEARCH,None,0.0,0.0,0.0,0.0,0.0,Enemy
21.8,B0200,N001VE,SEARCH,None,0.0,0.0,0.0,0.0,0.0,Enemy
22.0,A0100,AN/APG-68(V)9,SEARCH,B0100,81.46773157972444,0.0,0.0,0.0,0.0,Friendly
22.0,A0200,AN/APG-68(V)9,SEARCH,B0200,81.18663201667692,0.0,0.0,0.0,0.0,Friendly
22.0,B0100,N001VE,SEARCH,None,0.0,0.0,0.0,0.0,0.0,Enemy
22.0,B0200,N001VE,SEARCH,None,0.0,0.0,0.0,0.0,0.0,Enemy
22.200000000000003,A0100,AN/APG-68(V)9,SEARCH,B0100,81.42274359493867,0.0,0.0,0.0,0.0,Friendly
22.200000000000003,A0200,AN/APG-68(V)9,SEARCH,B0200,81.13729646593167,0.0,0.0,0.0,0.0,Friendly
22.200000000000003,B0100,N001VE,SEARCH,None,0.0,0.0,0.0,0.0,0.0,Enemy
22.200000000000003,B0200,N001VE,SEARCH,None,0.0,0.0,0.0,0.0,0.0,Enemy
22.400000000000002,A0100,AN/APG-68(V)9,SEARCH,B0100,81.37623662420792,0.0,0.0,0.0,0.0,Friendly
22.400000000000002,A0200,AN/APG-68(V)9,SEARCH,B0200,81.08636297780006,0.0,0.0,0.0,0.0,Friendly
22.400000000000002,B0100,N001VE,SEARCH,None,0.0,0.0,0.0,0.0,0.0,Enemy
22.400000000000002,B0200,N001VE,SEARCH,None,0.0,0.0,0.0,0.0,0.0,Enemy
22.6,A0100,AN/APG-68(V)9,SEARCH,B0100,81.32815209798758,0.0,0.0,0.0,0.0,Friendly
22.6,A0200,AN/APG-68(V)9,SEARCH,B0200,81.0338040240515,0.0,0.0,0.0,0.0,Friendly
22.6,B0100,N001VE,SEARCH,None,0.0,0.0,0.0,0.0,0.0,Enemy
22.6,B0200,N001VE,SEARCH,None,0.0,0.0,0.0,0.0,0.0,Enemy
22.8,A0100,AN/APG-68(V)9,SEARCH,B0100,81.27843256295219,0.0,0.0,0.0,0.0,Friendly
22.8,A0200,AN/APG-68(V)9,TRACK,B0200,80.97959839012734,0.0,0.0,0.0,0.0,Friendly
22.8,B0100,N001VE,SEARCH,None,0.0,0.0,0.0,0.0,0.0,Enemy
22.8,B0200,N001VE,SEARCH,None,0.0,0.0,0.0,0.0,0.0,Enemy
23.0,A0100,AN/APG-68(V)9,SEARCH,B0100,81.2270219085934,0.0,0.0,0.0,0.0,Friendly
23.0,A0200,AN/APG-68(V)9,TRACK,B0200,80.92372208561066,0.0,0.0,0.0,0.0,Friendly
23.0,B0100,N001VE,SEARCH,None,0.0,0.0,0.0,0.0,0.0,Enemy
23.0,B0200,N001VE,SEARCH,None,0.0,0.0,0.0,0.0,0.0,Enemy
23.200000000000003,A0100,AN/APG-68(V)9,SEARCH,B0100,81.17386560751848,0.0,0.0,0.0,0.0,Friendly
23.200000000000003,A0200,AN/APG-68(V)9,TRACK,B0200,80.86614302302262,0.0,0.0,0.0,0.0,Friendly
23.200000000000003,B0100,N001VE,SEARCH,None,0.0,0.0,0.0,0.0,0.0,Enemy
23.200000000000003,B0200,N001VE,SEARCH,None,0.0,0.0,0.0,0.0,0.0,Enemy
23.400000000000002,A0100,AN/APG-68(V)9,SEARCH,B0100,81.11891096857168,0.0,0.0,0.0,0.0,Friendly
23.400000000000002,A0200,AN/APG-68(V)9,TRACK,B0200,80.80681959278357,0.0,0.0,0.0,0.0,Friendly
23.400000000000002,B0100,N001VE,SEARCH,None,0.0,0.0,0.0,0.0,0.0,Enemy
23.400000000000002,B0200,N001VE,SEARCH,None,0.0,0.0,0.0,0.0,0.0,Enemy
23.6,A0100,AN/APG-68(V)9,SEARCH,B0100,81.06210740177444,0.0,0.0,0.0,0.0,Friendly
23.6,A0200,AN/APG-68(V)9,TRACK,B0200,80.7457026209016,0.0,0.0,0.0,0.0,Friendly
23.6,B0100,N001VE,SEARCH,None,0.0,0.0,0.0,0.0,0.0,Enemy
23.6,B0200,N001VE,SEARCH,None,0.0,0.0,0.0,0.0,0.0,Enemy
23.8,A0100,AN/APG-68(V)9,SEARCH,B0100,81.00340669381553,0.0,0.0,0.0,0.0,Friendly
23.8,A0200,AN/APG-68(V)9,TRACK,B0200,80.6827405153959,0.0,0.0,0.0,0.0,Friendly
23.8,B0100,N001VE,SEARCH,None,0.0,0.0,0.0,0.0,0.0,Enemy
23.8,B0200,N001VE,SEARCH,None,0.0,0.0,0.0,0.0,0.0,Enemy
24.0,A0100,AN/APG-68(V)9,TRACK,B0100,80.94276329259536,0.0,0.0,0.0,0.0,Friendly
24.0,A0200,AN/APG-68(V)9,TRACK,B0200,80.61788347344611,0.0,0.0,0.0,0.0,Friendly
24.0,B0100,N001VE,SEARCH,None,0.0,0.0,0.0,0.0,0.0,Enemy
24.0,B0200,N001VE,SEARCH,None,0.0,0.0,0.0,0.0,0.0,Enemy
24.200000000000003,A0100,AN/APG-68(V)9,TRACK,B0100,80.88013460923823,0.0,0.0,0.0,0.0,Friendly
24.200000000000003,A0200,AN/APG-68(V)9,TRACK,B0200,80.55108560284619,0.0,0.0,0.0,0.0,Friendly
24.200000000000003,B0100,N001VE,SEARCH,None,0.0,0.0,0.0,0.0,0.0,Enemy
24.200000000000003,B0200,N001VE,SEARCH,None,0.0,0.0,0.0,0.0,0.0,Enemy
24.400000000000002,A0100,AN/APG-68(V)9,TRACK,B0100,80.81548134060044,0.0,0.0,0.0,0.0,Friendly
24.400000000000002,A0200,AN/APG-68(V)9,TRACK,B0200,80.48230574757038,0.0,0.0,0.0,0.0,Friendly
24.400000000000002,B0100,N001VE,SEARCH,None,0.0,0.0,0.0,0.0,0.0,Enemy
24.400000000000002,B0200,N001VE,SEARCH,None,0.0,0.0,0.0,0.0,0.0,Enemy
24.6,A0100,AN/APG-68(V)9,TRACK,B0100,80.74876773532019,0.0,0.0,0.0,0.0,Friendly
24.6,A0200,AN/APG-68(V)9,TRACK,B0200,80.41150626208709,0.0,0.0,0.0,0.0,Friendly
24.6,B0100,N001VE,SEARCH,None,0.0,0.0,0.0,0.0,0.0,Enemy
24.6,B0200,N001VE,SEARCH,None,0.0,0.0,0.0,0.0,0.0,Enemy
24.8,A0100,AN/APG-68(V)9,TRACK,B0100,80.67996292904232,0.0,0.0,0.0,0.0,Friendly
24.8,A0200,AN/APG-68(V)9,TRACK,B0200,80.33865227382404,0.0,0.0,0.0,0.0,Friendly
24.8,B0100,N001VE,SEARCH,None,0.0,0.0,0.0,0.0,0.0,Enemy
24.8,B0200,N001VE,SEARCH,None,0.0,0.0,0.0,0.0,0.0,Enemy
25.0,A0100,AN/APG-68(V)9,TRACK,B0100,80.60904623336788,0.0,0.0,0.0,0.0,Friendly
25.0,A0200,AN/APG-68(V)9,TRACK,B0200,80.26371262570153,0.0,0.0,0.0,0.0,Friendly
25.0,B0100,N001VE,SEARCH,None,0.0,0.0,0.0,0.0,0.0,Enemy
25.0,B0200,N001VE,SEARCH,None,0.0,0.0,0.0,0.0,0.0,Enemy
25.200000000000003,A0100,AN/APG-68(V)9,TRACK,B0100,80.53600887260966,0.0,0.0,0.0,0.0,Friendly
25.200000000000003,A0200,AN/APG-68(V)9,TRACK,B0200,80.18665945886174,0.0,0.0,0.0,0.0,Friendly
25.200000000000003,B0100,N001VE,SEARCH,None,0.0,0.0,0.0,0.0,0.0,Enemy
25.200000000000003,B0200,N001VE,SEARCH,None,0.0,0.0,0.0,0.0,0.0,Enemy
25.400000000000002,A0100,AN/APG-68(V)9,TRACK,B0100,80.46085146116569,0.0,0.0,0.0,0.0,Friendly
25.400000000000002,A0200,AN/APG-68(V)9,TRACK,B0200,80.10746650277457,0.0,0.0,0.0,0.0,Friendly
25.400000000000002,B0100,N001VE,SEARCH,None,0.0,0.0,0.0,0.0,0.0,Enemy
25.400000000000002,B0200,N001VE,SEARCH,None,0.0,0.0,0.0,0.0,0.0,Enemy
25.6,A0100,AN/APG-68(V)9,TRACK,B0100,80.38358164234013,0.0,0.0,0.0,0.0,Friendly
25.6,A0200,AN/APG-68(V)9,TRACK,B0200,80.02611034482163,0.0,0.0,0.0,0.0,Friendly
25.6,B0100,N001VE,SEARCH,None,0.0,0.0,0.0,0.0,0.0,Enemy
25.6,B0200,N001VE,SEARCH,None,0.0,0.0,0.0,0.0,0.0,Enemy
25.8,A0100,AN/APG-68(V)9,TRACK,B0100,80.30421252905768,0.0,0.0,0.0,0.0,Friendly
25.8,A0200,AN/APG-68(V)9,TRACK,B0200,79.94258020865158,0.0,0.0,0.0,0.0,Friendly
25.8,B0100,N001VE,SEARCH,None,0.0,0.0,0.0,0.0,0.0,Enemy
25.8,B0200,N001VE,SEARCH,None,0.0,0.0,0.0,0.0,0.0,Enemy
26.0,A0100,AN/APG-68(V)9,TRACK,B0100,80.22276169138769,0.0,0.0,0.0,0.0,Friendly
26.0,A0200,AN/APG-68(V)9,TRACK,B0200,79.85692501125973,0.0,0.0,0.0,0.0,Friendly
26.0,B0100,N001VE,SEARCH,None,0.0,0.0,0.0,0.0,0.0,Enemy
26.0,B0200,N001VE,SEARCH,None,0.0,0.0,0.0,0.0,0.0,Enemy
26.200000000000003,A0100,AN/APG-68(V)9,TRACK,B0100,80.13925052429535,0.0,0.0,0.0,0.0,Friendly
26.200000000000003,A0200,AN/APG-68(V)9,TRACK,B0200,79.76923342463095,0.0,0.0,0.0,0.0,Friendly
26.200000000000003,B0100,N001VE,SEARCH,None,0.0,0.0,0.0,0.0,0.0,Enemy
26.200000000000003,B0200,N001VE,SEARCH,None,0.0,0.0,0.0,0.0,0.0,Enemy
26.400000000000002,A0100,AN/APG-68(V)9,TRACK,B0100,80.05370389919744,0.0,0.0,0.0,0.0,Friendly
26.400000000000002,A0200,AN/APG-68(V)9,TRACK,B0200,79.67957552543331,0.0,0.0,0.0,0.0,Friendly
26.400000000000002,B0100,N001VE,SEARCH,None,0.0,0.0,0.0,0.0,0.0,Enemy
26.400000000000002,B0200,N001VE,SEARCH,None,0.0,0.0,0.0,0.0,0.0,Enemy
26.6,A0100,AN/APG-68(V)9,TRACK,B0100,79.96614990623395,0.0,0.0,0.0,0.0,Friendly
26.6,A0200,AN/APG-68(V)9,TRACK,B0200,79.58800649733043,0.0,0.0,0.0,0.0,Friendly
26.6,B0100,N001VE,SEARCH,None,0.0,0.0,0.0,0.0,0.0,Enemy
26.6,B0200,N001VE,SEARCH,None,0.0,0.0,0.0,0.0,0.0,Enemy
26.8,A0100,AN/APG-68(V)9,TRACK,B0100,79.87661965550821,0.0,0.0,0.0,0.0,Friendly
26.8,A0200,AN/APG-68(V)9,TRACK,B0200,79.49457810891239,0.0,0.0,0.0,0.0,Friendly
26.8,B0100,N001VE,SEARCH,None,0.0,0.0,0.0,0.0,0.0,Enemy
26.8,B0200,N001VE,SEARCH,None,0.0,0.0,0.0,0.0,0.0,Enemy
27.0,A0100,AN/APG-68(V)9,TRACK,B0100,79.78514712166674,0.0,0.0,0.0,0.0,Friendly
27.0,A0200,AN/APG-68(V)9,TRACK,B0200,79.39933185377681,0.0,0.0,0.0,0.0,Friendly
27.0,B0100,N001VE,SEARCH,None,0.0,0.0,0.0,0.0,0.0,Enemy
27.0,B0200,N001VE,SEARCH,None,0.0,0.0,0.0,0.0,0.0,Enemy
27.200000000000003,A0100,AN/APG-68(V)9,TRACK,B0100,79.69176901655385,0.0,0.0,0.0,0.0,Friendly
27.200000000000003,A0200,AN/APG-68(V)9,TRACK,B0200,79.3022991823024,0.0,0.0,0.0,0.0,Friendly
27.200000000000003,B0100,N001VE,SEARCH,None,0.0,0.0,0.0,0.0,0.0,Enemy
27.200000000000003,B0200,N001VE,SEARCH,None,0.0,0.0,0.0,0.0,0.0,Enemy
27.400000000000002,A0100,AN/APG-68(V)9,TRACK,B0100,79.59652468004924,0.0,0.0,0.0,0.0,Friendly
27.400000000000002,A0200,AN/APG-68(V)9,TRACK,B0200,79.20351974022228,0.0,0.0,0.0,0.0,Friendly
27.400000000000002,B0100,N001VE,SEARCH,None,0.0,0.0,0.0,0.0,0.0,Enemy
27.400000000000002,B0200,N001VE,SEARCH,None,0.0,0.0,0.0,0.0,0.0,Enemy
27.6,A0100,AN/APG-68(V)9,TRACK,B0100,79.49945598326815,0.0,0.0,0.0,0.0,Friendly
27.6,A0200,AN/APG-68(V)9,TRACK,B0200,79.10303643382916,0.0,0.0,0.0,0.0,Friendly
27.6,B0100,N001VE,SEARCH,None,0.0,0.0,0.0,0.0,0.0,Enemy
27.6,B0200,N001VE,SEARCH,None,0.0,0.0,0.0,0.0,0.0,Enemy
27.8,A0100,AN/APG-68(V)9,TRACK,B0100,79.40060724062434,0.0,0.0,0.0,0.0,Friendly
27.8,A0200,AN/APG-68(V)9,TRACK,B0200,79.00089625578607,0.0,0.0,0.0,0.0,Friendly
27.8,B0100,N001VE,SEARCH,None,0.0,0.0,0.0,0.0,0.0,Enemy
27.8,B0200,N001VE,SEARCH,None,0.0,0.0,0.0,0.0,0.0,Enemy
28.0,A0100,AN/APG-68(V)9,TRACK,B0100,79.30002512863375,0.0,0.0,0.0,0.0,Friendly
28.0,A0200,AN/APG-68(V)9,TRACK,B0200,78.89714931683599,0.0,0.0,0.0,0.0,Friendly
28.0,B0100,N001VE,SEARCH,None,0.0,0.0,0.0,0.0,0.0,Enemy
28.0,B0200,N001VE,SEARCH,None,0.0,0.0,0.0,0.0,0.0,Enemy
28.200000000000003,A0100,AN/APG-68(V)9,TRACK,B0100,79.19775860993522,0.0,0.0,0.0,0.0,Friendly
28.200000000000003,A0200,AN/APG-68(V)9,TRACK,B0200,78.79184847573177,0.0,0.0,0.0,0.0,Friendly
28.200000000000003,B0100,N001VE,SEARCH,None,0.0,0.0,0.0,0.0,0.0,Enemy
28.200000000000003,B0200,N001VE,SEARCH,None,0.0,0.0,0.0,0.0,0.0,Enemy
28.400000000000002,A0100,AN/APG-68(V)9,TRACK,B0100,79.09385886142607,0.0,0.0,0.0,0.0,Friendly
28.400000000000002,A0200,AN/APG-68(V)9,TRACK,B0200,78.68504914755819,0.0,0.0,0.0,0.0,Friendly
28.400000000000002,B0100,N001VE,SEARCH,None,0.0,0.0,0.0,0.0,0.0,Enemy
28.400000000000002,B0200,N001VE,SEARCH,None,0.0,0.0,0.0,0.0,0.0,Enemy
28.6,A0100,AN/APG-68(V)9,TRACK,B0100,78.98837920567432,0.0,0.0,0.0,0.0,Friendly
28.6,A0200,AN/APG-68(V)9,TRACK,B0200,78.57680916272088,0.0,0.0,0.0,0.0,Friendly
28.6,B0100,N001VE,SEARCH,None,0.0,0.0,0.0,0.0,0.0,Enemy
28.6,B0200,N001VE,SEARCH,None,0.0,0.0,0.0,0.0,0.0,Enemy
28.8,A0100,AN/APG-68(V)9,TRACK,B0100,78.88137504480673,0.0,0.0,0.0,0.0,Friendly
28.8,A0200,AN/APG-68(V)9,TRACK,B0200,78.46718865301904,0.0,0.0,0.0,0.0,Friendly
28.8,B0100,N001VE,SEARCH,None,0.0,0.0,0.0,0.0,0.0,Enemy
28.8,B0200,N001VE,SEARCH,None,0.0,0.0,0.0,0.0,0.0,Enemy
29.0,A0100,AN/APG-68(V)9,TRACK,B0100,78.772903796222,0.0,0.0,0.0,0.0,Friendly
29.0,A0200,AN/APG-68(V)9,TRACK,B0200,78.35623586307501,0.0,0.0,0.0,0.0,Friendly
29.0,B0100,N001VE,SEARCH,None,0.0,0.0,0.0,0.0,0.0,Enemy
29.0,B0200,N001VE,SEARCH,None,0.0,0.0,0.0,0.0,0.0,Enemy
29.200000000000003,A0100,AN/APG-68(V)9,TRACK,B0100,78.66302482942963,0.0,0.0,0.0,0.0,Friendly
29.200000000000003,A0200,AN/APG-68(V)9,TRACK,B0200,78.24399292144057,0.0,0.0,0.0,0.0,Friendly
29.200000000000003,B0100,N001VE,SEARCH,None,0.0,0.0,0.0,0.0,0.0,Enemy
29.200000000000003,B0200,N001VE,SEARCH,None,0.0,0.0,0.0,0.0,0.0,Enemy
29.400000000000002,A0100,AN/APG-68(V)9,TRACK,B0100,78.55179940351614,0.0,0.0,0.0,0.0,Friendly
29.400000000000002,A0200,AN/APG-68(V)9,TRACK,B0200,78.13051295823017,0.0,0.0,0.0,0.0,Friendly
29.400000000000002,B0100,N001VE,SEARCH,None,0.0,0.0,0.0,0.0,0.0,Enemy
29.400000000000002,B0200,N001VE,SEARCH,None,0.0,0.0,0.0,0.0,0.0,Enemy
29.6,A0100,AN/APG-68(V)9,TRACK,B0100,78.43929060462972,0.0,0.0,0.0,0.0,Friendly
29.6,A0200,AN/APG-68(V)9,TRACK,B0200,78.0158509405325,0.0,0.0,0.0,0.0,Friendly
29.6,B0100,N001VE,SEARCH,None,0.0,0.0,0.0,0.0,0.0,Enemy
29.6,B0200,N001VE,SEARCH,None,0.0,0.0,0.0,0.0,0.0,Enemy
29.8,A0100,AN/APG-68(V)9,TRACK,B0100,78.32556328300721,0.0,0.0,0.0,0.0,Friendly
29.8,A0200,AN/APG-68(V)9,TRACK,B0200,77.90006531063693,0.0,0.0,0.0,0.0,Friendly
29.8,B0100,N001VE,SEARCH,None,0.0,0.0,0.0,0.0,0.0,Enemy
29.8,B0200,N001VE,SEARCH,None,0.0,0.0,0.0,0.0,0.0,Enemy
30.0,A0100,AN/APG-68(V)9,TRACK,B0100,78.21068398914473,0.0,0.0,0.0,0.0,Friendly
30.0,A0200,AN/APG-68(V)9,TRACK,B0200,77.78321727757384,0.0,0.0,0.0,0.0,Friendly
30.0,B0100,N001VE,SEARCH,None,0.0,0.0,0.0,0.0,0.0,Enemy
30.0,B0200,N001VE,SEARCH,None,0.0,0.0,0.0,0.0,0.0,Enemy
30.200000000000003,A0100,AN/APG-68(V)9,TRACK,B0100,78.09472090866703,0.0,0.0,0.0,0.0,Friendly
30.200000000000003,A0200,AN/APG-68(V)9,TRACK,B0200,77.6653704564445,0.0,0.0,0.0,0.0,Friendly
30.200000000000003,B0100,N001VE,SEARCH,None,0.0,0.0,0.0,0.0,0.0,Enemy
30.200000000000003,B0200,N001VE,SEARCH,None,0.0,0.0,0.0,0.0,0.0,Enemy
30.400000000000002,A0100,AN/APG-68(V)9,TRACK,B0100,77.97774379560602,0.0,0.0,0.0,0.0,Friendly
30.400000000000002,A0200,AN/APG-68(V)9,TRACK,B0200,77.54659085689916,0.0,0.0,0.0,0.0,Friendly
30.400000000000002,B0100,N001VE,SEARCH,None,0.0,0.0,0.0,0.0,0.0,Enemy
30.400000000000002,B0200,N001VE,SEARCH,None,0.0,0.0,0.0,0.0,0.0,Enemy
30.6,A0100,AN/APG-68(V)9,TRACK,B0100,77.85982390380337,0.0,0.0,0.0,0.0,Friendly
30.6,A0200,AN/APG-68(V)9,TRACK,B0200,77.42694658364604,0.0,0.0,0.0,0.0,Friendly
30.6,B0100,N001VE,SEARCH,None,0.0,0.0,0.0,0.0,0.0,Enemy
30.6,B0200,N001VE,SEARCH,None,0.0,0.0,0.0,0.0,0.0,Enemy
30.8,A0100,AN/APG-68(V)9,TRACK,B0100,77.7410339162109,0.0,0.0,0.0,0.0,Friendly
30.8,A0200,AN/APG-68(V)9,TRACK,B0200,77.3065076015891,0.0,0.0,0.0,0.0,Friendly
30.8,B0100,N001VE,SEARCH,None,0.0,0.0,0.0,0.0,0.0,Enemy
30.8,B0200,N001VE,SEARCH,None,0.0,0.0,0.0,0.0,0.0,Enemy
31.0,A0100,AN/APG-68(V)9,TRACK,B0100,77.6214478719394,0.0,0.0,0.0,0.0,Friendly
31.0,A0200,AN/APG-68(V)9,TRACK,B0200,77.18534567841229,0.0,0.0,0.0,0.0,Friendly
31.0,B0100,N001VE,SEARCH,None,0.0,0.0,0.0,0.0,0.0,Enemy
31.0,B0200,N001VE,SEARCH,None,0.0,0.0,0.0,0.0,0.0,Enemy
31.200000000000003,A0100,AN/APG-68(V)9,TRACK,B0100,77.50114109094223,0.0,0.0,0.0,0.0,Friendly
31.200000000000003,A0200,AN/APG-68(V)9,TRACK,B0200,77.06353429858399,0.0,0.0,0.0,0.0,Friendly
31.200000000000003,B0100,N001VE,SEARCH,None,0.0,0.0,0.0,0.0,0.0,Enemy
31.200000000000003,B0200,N001VE,SEARCH,None,0.0,0.0,0.0,0.0,0.0,Enemy
31.400000000000002,A0100,AN/APG-68(V)9,TRACK,B0100,77.38019009623147,0.0,0.0,0.0,0.0,Friendly
31.400000000000002,A0200,AN/APG-68(V)9,TRACK,B0200,76.94114858216307,0.0,0.0,0.0,0.0,Friendly
31.400000000000002,B0100,N001VE,SEARCH,None,0.0,0.0,0.0,0.0,0.0,Enemy
31.400000000000002,B0200,N001VE,SEARCH,None,0.0,0.0,0.0,0.0,0.0,Enemy
31.6,A0100,AN/APG-68(V)9,TRACK,B0100,77.25867253371152,0.0,0.0,0.0,0.0,Friendly
31.6,A0200,AN/APG-68(V)9,TRACK,B0200,76.81826520708006,0.0,0.0,0.0,0.0,Friendly
31.6,B0100,N001VE,SEARCH,None,0.0,0.0,0.0,0.0,0.0,Enemy
31.6,B0200,N001VE,SEARCH,None,0.0,0.0,0.0,0.0,0.0,Enemy
31.8,A0100,AN/APG-68(V)9,TRACK,B0100,77.13666708950763,0.0,0.0,0.0,0.0,Friendly
31.8,A0200,AN/APG-68(V)9,TRACK,B0200,76.69496233365038,0.0,0.0,0.0,0.0,Friendly
31.8,B0100,N001VE,SEARCH,None,0.0,0.0,0.0,0.0,0.0,Enemy
31.8,B0200,N001VE,SEARCH,None,0.0,0.0,0.0,0.0,0.0,Enemy
32.0,A0100,AN/APG-68(V)9,TRACK,B0100,77.01425340501555,0.0,0.0,0.0,0.0,Friendly
32.0,A0200,AN/APG-68(V)9,TRACK,B0200,76.57131953042298,0.0,0.0,0.0,0.0,Friendly
32.0,B0100,N001VE,SEARCH,None,0.0,0.0,0.0,0.0,0.0,Enemy
32.0,B0200,N001VE,SEARCH,None,0.0,0.0,0.0,0.0,0.0,Enemy
32.2,A0100,AN/APG-68(V)9,TRACK,B0100,76.8915119896487,0.0,0.0,0.0,0.0,Friendly
32.2,A0200,AN/APG-68(V)9,TRACK,B0200,76.44741770047185,0.0,0.0,0.0,0.0,Friendly
32.2,B0100,N001VE,SEARCH,None,0.0,0.0,0.0,0.0,0.0,Enemy
32.2,B0200,N001VE,SEARCH,None,0.0,0.0,0.0,0.0,0.0,Enemy
32.4,A0100,AN/APG-68(V)9,TRACK,B0100,76.76852814103107,0.0,0.0,0.0,0.0,Friendly
32.4,A0200,AN/APG-68(V)9,TRACK,B0200,76.32333900740909,0.0,0.0,0.0,0.0,Friendly
32.4,B0100,N001VE,SEARCH,None,0.0,0.0,0.0,0.0,0.0,Enemy
32.4,B0200,N001VE,SEARCH,None,0.0,0.0,0.0,0.0,0.0,Enemy
32.6,A0100,AN/APG-68(V)9,TRACK,B0100,76.64538885392018,0.0,0.0,0.0,0.0,Friendly
32.6,A0200,AN/APG-68(V)9,TRACK,B0200,76.19916680050545,0.0,0.0,0.0,0.0,Friendly
32.6,B0100,N001VE,SEARCH,None,0.0,0.0,0.0,0.0,0.0,Enemy
32.6,B0200,N001VE,SEARCH,None,0.0,0.0,0.0,0.0,0.0,Enemy
32.800000000000004,A0100,AN/APG-68(V)9,TRACK,B0100,76.52217629141623,0.0,0.0,0.0,0.0,Friendly
32.800000000000004,A0200,AN/APG-68(V)9,TRACK,B0200,76.07498553814499,0.0,0.0,0.0,0.0,Friendly
32.800000000000004,B0100,N001VE,SEARCH,None,0.0,0.0,0.0,0.0,0.0,Enemy
32.800000000000004,B0200,N001VE,SEARCH,None,0.0,0.0,0.0,0.0,0.0,Enemy
33.0,A0100,AN/APG-68(V)9,TRACK,B0100,76.39897318539028,0.0,0.0,0.0,0.0,Friendly
33.0,A0200,AN/APG-68(V)9,TRACK,B0200,75.95088070905943,0.0,0.0,0.0,0.0,Friendly
33.0,B0100,N001VE,SEARCH,None,0.0,0.0,0.0,0.0,0.0,Enemy
33.0,B0200,N001VE,SEARCH,None,0.0,0.0,0.0,0.0,0.0,Enemy
33.2,A0100,AN/APG-68(V)9,TRACK,B0100,76.27586275208022,0.0,0.0,0.0,0.0,Friendly
33.2,A0200,AN/APG-68(V)9,TRACK,B0200,75.8269387506915,0.0,0.0,0.0,0.0,Friendly
33.2,B0100,N001VE,SEARCH,None,0.0,0.0,0.0,0.0,0.0,Enemy
33.2,B0200,N001VE,SEARCH,None,0.0,0.0,0.0,0.0,0.0,Enemy
33.4,A0100,AN/APG-68(V)9,TRACK,B0100,76.1529287186099,0.0,0.0,0.0,0.0,Friendly
33.4,A0200,AN/APG-68(V)9,TRACK,B0200,75.70324696393477,0.0,0.0,0.0,0.0,Friendly
33.4,B0100,N001VE,SEARCH,None,0.0,0.0,0.0,0.0,0.0,Enemy
33.4,B0200,N001VE,SEARCH,None,0.0,0.0,0.0,0.0,0.0,Enemy
33.6,A0100,AN/APG-68(V)9,TRACK,B0100,76.03025527671595,0.0,0.0,0.0,0.0,Friendly
33.6,A0200,AN/APG-68(V)9,TRACK,B0200,75.57989342377645,0.0,0.0,0.0,0.0,Friendly
33.6,B0100,N001VE,SEARCH,None,0.0,0.0,0.0,0.0,0.0,Enemy
33.6,B0200,N001VE,SEARCH,None,0.0,0.0,0.0,0.0,0.0,Enemy
33.800000000000004,A0100,AN/APG-68(V)9,TRACK,B0100,75.90792706402027,0.0,0.0,0.0,0.0,Friendly
33.800000000000004,A0200,AN/APG-68(V)9,TRACK,B0200,75.45696688501062,0.0,0.0,0.0,0.0,Friendly
33.800000000000004,B0100,N001VE,SEARCH,None,0.0,0.0,0.0,0.0,0.0,Enemy
33.800000000000004,B0200,N001VE,SEARCH,None,0.0,0.0,0.0,0.0,0.0,Enemy
34.0,A0100,AN/APG-68(V)9,TRACK,B0100,75.7860291129195,0.0,0.0,0.0,0.0,Friendly
34.0,A0200,AN/APG-68(V)9,TRACK,B0200,75.33455668249518,0.0,0.0,0.0,0.0,Friendly
34.0,B0100,N001VE,SEARCH,None,0.0,0.0,0.0,0.0,0.0,Enemy
34.0,B0200,N001VE,SEARCH,None,0.0,0.0,0.0,0.0,0.0,Enemy
34.2,A0100,AN/APG-68(V)9,TRACK,B0100,75.66464669728705,0.0,0.0,0.0,0.0,Friendly
34.2,A0200,AN/APG-68(V)9,TRACK,B0200,75.21275262524662,0.0,0.0,0.0,0.0,Friendly
34.2,B0100,N001VE,SEARCH,None,0.0,0.0,0.0,0.0,0.0,Enemy
34.2,B0200,N001VE,SEARCH,None,0.0,0.0,0.0,0.0,0.0,Enemy
34.4,A0100,AN/APG-68(V)9,TRACK,B0100,75.5438652281829,0.0,0.0,0.0,0.0,Friendly
34.4,A0200,AN/APG-68(V)9,TRACK,B0200,75.0916448979459,0.0,0.0,0.0,0.0,Friendly
34.4,B0100,N001VE,SEARCH,None,0.0,0.0,0.0,0.0,0.0,Enemy
34.4,B0200,N001VE,SEARCH,None,0.0,0.0,0.0,0.0,0.0,Enemy
34.6,A0100,AN/APG-68(V)9,TRACK,B0100,75.42377014730106,0.0,0.0,0.0,0.0,Friendly
34.6,A0200,AN/APG-68(V)9,TRACK,B0200,74.97132415717873,0.0,0.0,0.0,0.0,Friendly
34.6,B0100,N001VE,SEARCH,None,0.0,0.0,0.0,0.0,0.0,Enemy
34.6,B0200,N001VE,SEARCH,None,0.0,0.0,0.0,0.0,0.0,Enemy
34.800000000000004,A0100,AN/APG-68(V)9,TRACK,B0100,75.30444681514071,0.0,0.0,0.0,0.0,Friendly
34.800000000000004,A0200,AN/APG-68(V)9,TRACK,B0200,74.85188134605767,0.0,0.0,0.0,0.0,Friendly
34.800000000000004,B0100,N001VE,SEARCH,None,0.0,0.0,0.0,0.0,0.0,Enemy
34.800000000000004,B0200,N001VE,SEARCH,None,0.0,0.0,0.0,0.0,0.0,Enemy
35.0,A0100,AN/APG-68(V)9,TRACK,B0100,75.1859803933803,0.0,0.0,0.0,0.0,Friendly
35.0,A0200,AN/APG-68(V)9,TRACK,B0200,74.73340738064319,0.0,0.0,0.0,0.0,Friendly
35.0,B0100,N001VE,SEARCH,None,0.0,0.0,0.0,0.0,0.0,Enemy
35.0,B0200,N001VE,SEARCH,None,0.0,0.0,0.0,0.0,0.0,Enemy
35.2,A0100,AN/APG-68(V)9,TRACK,B0100,75.06845572124666,0.0,0.0,0.0,0.0,Friendly
35.2,A0200,AN/APG-68(V)9,TRACK,B0200,74.61599303099831,0.0,0.0,0.0,0.0,Friendly
35.2,B0100,N001VE,SEARCH,None,0.0,0.0,0.0,0.0,0.0,Enemy
35.2,B0200,N001VE,SEARCH,None,0.0,0.0,0.0,0.0,0.0,Enemy
35.4,A0100,AN/APG-68(V)9,TRACK,B0100,74.95195044736151,0.0,0.0,0.0,0.0,Friendly
35.4,A0200,AN/APG-68(V)9,TRACK,B0200,74.49972879100321,0.0,0.0,0.0,0.0,Friendly
35.4,B0100,N001VE,SEARCH,None,0.0,0.0,0.0,0.0,0.0,Enemy
35.4,B0200,N001VE,SEARCH,None,0.0,0.0,0.0,0.0,0.0,Enemy
35.6,A0100,AN/APG-68(V)9,TRACK,B0100,74.83653692953025,0.0,0.0,0.0,0.0,Friendly
35.6,A0200,AN/APG-68(V)9,TRACK,B0200,74.38470472319467,0.0,0.0,0.0,0.0,Friendly
35.6,B0100,N001VE,SEARCH,None,0.0,0.0,0.0,0.0,0.0,Enemy
35.6,B0200,N001VE,SEARCH,None,0.0,0.0,0.0,0.0,0.0,Enemy
35.800000000000004,A0100,AN/APG-68(V)9,TRACK,B0100,74.7222921857863,0.0,0.0,0.0,0.0,Friendly
35.800000000000004,A0200,AN/APG-68(V)9,TRACK,B0200,74.27101029738581,0.0,0.0,0.0,0.0,Friendly
35.800000000000004,B0100,N001VE,SEARCH,None,0.0,0.0,0.0,0.0,0.0,Enemy
35.800000000000004,B0200,N001VE,SEARCH,None,0.0,0.0,0.0,0.0,0.0,Enemy
36.0,A0100,AN/APG-68(V)9,TRACK,B0100,74.60929300893186,0.0,0.0,0.0,0.0,Friendly
36.0,A0200,AN/APG-68(V)9,TRACK,B0200,74.15873422171,0.0,0.0,0.0,0.0,Friendly
36.0,B0100,N001VE,SEARCH,None,0.0,0.0,0.0,0.0,0.0,Enemy
36.0,B0200,N001VE,SEARCH,None,0.0,0.0,0.0,0.0,0.0,Enemy
36.2,A0100,AN/APG-68(V)9,TRACK,B0100,74.49761590844413,0.0,0.0,0.0,0.0,Friendly
36.2,A0200,AN/APG-68(V)9,TRACK,B0200,74.04796426404732,0.0,0.0,0.0,0.0,Friendly
36.2,B0100,N001VE,SEARCH,None,0.0,0.0,0.0,0.0,0.0,Enemy
36.2,B0200,N001VE,SEARCH,None,0.0,0.0,0.0,0.0,0.0,Enemy
36.4,A0100,AN/APG-68(V)9,TRACK,B0100,74.38733664371594,0.0,0.0,0.0,0.0,Friendly
36.4,A0200,AN/APG-68(V)9,TRACK,B0200,73.93878706417244,0.0,0.0,0.0,0.0,Friendly
36.4,B0100,N001VE,SEARCH,None,0.0,0.0,0.0,0.0,0.0,Enemy
36.4,B0200,N001VE,SEARCH,None,0.0,0.0,0.0,0.0,0.0,Enemy
36.6,A0100,AN/APG-68(V)9,TRACK,B0100,74.27852993068295,0.0,0.0,0.0,0.0,Friendly
36.6,A0200,AN/APG-68(V)9,TRACK,B0200,73.83128793645113,0.0,0.0,0.0,0.0,Friendly
36.6,B0100,N001VE,SEARCH,None,0.0,0.0,0.0,0.0,0.0,Enemy
36.6,B0200,N001VE,SEARCH,None,0.0,0.0,0.0,0.0,0.0,Enemy
36.800000000000004,A0100,AN/APG-68(V)9,TRACK,B0100,74.17126922227989,0.0,0.0,0.0,0.0,Friendly
36.800000000000004,A0200,AN/APG-68(V)9,TRACK,B0200,73.72555066280897,0.0,0.0,0.0,0.0,Friendly
36.800000000000004,B0100,N001VE,SEARCH,None,0.0,0.0,0.0,0.0,0.0,Enemy
36.800000000000004,B0200,N001VE,SEARCH,None,0.0,0.0,0.0,0.0,0.0,Enemy
37.0,A0100,AN/APG-68(V)9,TRACK,B0100,74.06562655279991,0.0,0.0,0.0,0.0,Friendly
37.0,A0200,AN/APG-68(V)9,TRACK,B0200,73.62165730946417,0.0,0.0,0.0,0.0,Friendly
37.0,B0100,N001VE,SEARCH,None,0.0,0.0,0.0,0.0,0.0,Enemy
37.0,B0200,N001VE,SEARCH,None,0.0,0.0,0.0,0.0,0.0,Enemy
37.2,A0100,AN/APG-68(V)9,TRACK,B0100,73.96167273721096,0.0,0.0,0.0,0.0,Friendly
37.2,A0200,AN/APG-68(V)9,TRACK,B0200,73.51968836408888,0.0,0.0,0.0,0.0,Friendly
37.2,B0100,N001VE,SEARCH,None,0.0,0.0,0.0,0.0,0.0,Enemy
37.2,B0200,N001VE,SEARCH,None,0.0,0.0,0.0,0.0,0.0,Enemy
37.4,A0100,AN/APG-68(V)9,TRACK,B0100,73.85947674924029,0.0,0.0,0.0,0.0,Friendly
37.4,A0200,AN/APG-68(V)9,TRACK,B0200,73.41972205518505,0.0,0.0,0.0,0.0,Friendly
37.4,B0100,N001VE,SEARCH,None,0.0,0.0,0.0,0.0,0.0,Enemy
37.4,B0200,N001VE,SEARCH,None,0.0,0.0,0.0,0.0,0.0,Enemy
37.6,A0100,AN/APG-68(V)9,TRACK,B0100,73.75910064597916,0.0,0.0,0.0,0.0,Friendly
37.6,A0200,AN/APG-68(V)9,TRACK,B0200,73.32182910099898,0.0,0.0,0.0,0.0,Friendly
37.6,B0100,N001VE,SEARCH,None,0.0,0.0,0.0,0.0,0.0,Enemy
37.6,B0200,N001VE,SEARCH,None,0.0,0.0,0.0,0.0,0.0,Enemy
37.800000000000004,A0100,AN/APG-68(V)9,TRACK,B0100,73.66059160390274,0.0,0.0,0.0,0.0,Friendly
37.800000000000004,A0200,AN/APG-68(V)9,TRACK,B0200,73.2260645866031,0.0,0.0,0.0,0.0,Friendly
37.800000000000004,B0100,N001VE,SEARCH,None,0.0,0.0,0.0,0.0,0.0,Enemy
37.800000000000004,B0200,N001VE,SEARCH,None,0.0,0.0,0.0,0.0,0.0,Enemy
38.0,A0100,AN/APG-68(V)9,TRACK,B0100,73.56398244628747,0.0,0.0,0.0,0.0,Friendly
38.0,A0200,AN/APG-68(V)9,TRACK,B0200,73.13246858382679,0.0,0.0,0.0,0.0,Friendly
38.0,B0100,N001VE,SEARCH,None,0.0,0.0,0.0,0.0,0.0,Enemy
38.0,B0200,N001VE,SEARCH,None,0.0,0.0,0.0,0.0,0.0,Enemy
38.2,A0100,AN/APG-68(V)9,TRACK,B0100,73.46929491463794,0.0,0.0,0.0,0.0,Friendly
38.2,A0200,AN/APG-68(V)9,TRACK,B0200,73.04106951123438,0.0,0.0,0.0,0.0,Friendly
38.2,B0100,N001VE,SEARCH,None,0.0,0.0,0.0,0.0,0.0,Enemy
38.2,B0200,N001VE,SEARCH,None,0.0,0.0,0.0,0.0,0.0,Enemy
38.400000000000006,A0100,AN/APG-68(V)9,TRACK,B0100,73.37654205355692,0.0,0.0,0.0,0.0,Friendly
38.400000000000006,A0200,AN/APG-68(V)9,TRACK,B0200,72.95188655880209,0.0,0.0,0.0,0.0,Friendly
38.400000000000006,B0100,N001VE,SEARCH,None,0.0,0.0,0.0,0.0,0.0,Enemy
38.400000000000006,B0200,N001VE,SEARCH,None,0.0,0.0,0.0,0.0,0.0,Enemy
38.6,A0100,AN/APG-68(V)9,TRACK,B0100,73.28572980835659,0.0,0.0,0.0,0.0,Friendly
38.6,A0200,AN/APG-68(V)9,TRACK,B0200,72.86493129562926,0.0,0.0,0.0,0.0,Friendly
38.6,B0100,N001VE,SEARCH,None,0.0,0.0,0.0,0.0,0.0,Enemy
38.6,B0200,N001VE,SEARCH,None,0.0,0.0,0.0,0.0,0.0,Enemy
38.800000000000004,A0100,AN/APG-68(V)9,TRACK,B0100,73.19684861167245,0.0,0.0,0.0,0.0,Friendly
38.800000000000004,A0200,AN/APG-68(V)9,TRACK,B0200,72.78022682830714,0.0,0.0,0.0,0.0,Friendly
38.800000000000004,B0100,N001VE,SEARCH,None,0.0,0.0,0.0,0.0,0.0,Enemy
38.800000000000004,B0200,N001VE,SEARCH,None,0.0,0.0,0.0,0.0,0.0,Enemy
39.0,A0100,AN/APG-68(V)9,TRACK,B0100,73.1098801479889,0.0,0.0,0.0,0.0,Friendly
39.0,A0200,AN/APG-68(V)9,TRACK,B0200,72.6977923987762,0.0,0.0,0.0,0.0,Friendly
39.0,B0100,N001VE,SEARCH,None,0.0,0.0,0.0,0.0,0.0,Enemy
39.0,B0200,N001VE,SEARCH,None,0.0,0.0,0.0,0.0,0.0,Enemy
39.2,A0100,AN/APG-68(V)9,TRACK,B0100,73.02481003080045,0.0,0.0,0.0,0.0,Friendly
39.2,A0200,AN/APG-68(V)9,TRACK,B0200,72.6176165397563,0.0,0.0,0.0,0.0,Friendly
39.2,B0100,N001VE,SEARCH,None,0.0,0.0,0.0,0.0,0.0,Enemy
39.2,B0200,N001VE,SEARCH,None,0.0,0.0,0.0,0.0,0.0,Enemy
39.400000000000006,A0100,AN/APG-68(V)9,TRACK,B0100,72.94161993009395,0.0,0.0,0.0,0.0,Friendly
39.400000000000006,A0200,AN/APG-68(V)9,TRACK,B0200,72.53968052220235,0.0,0.0,0.0,0.0,Friendly
39.400000000000006,B0100,N001VE,SEARCH,None,0.0,0.0,0.0,0.0,0.0,Enemy
39.400000000000006,B0200,N001VE,SEARCH,None,0.0,0.0,0.0,0.0,0.0,Enemy
39.6,A0100,AN/APG-68(V)9,TRACK,B0100,72.86028832536712,0.0,0.0,0.0,0.0,Friendly
39.6,A0200,AN/APG-68(V)9,TRACK,B0200,72.4639624930159,0.0,0.0,0.0,0.0,Friendly
39.6,B0100,N001VE,SEARCH,None,0.0,0.0,0.0,0.0,0.0,Enemy
39.6,B0200,N001VE,SEARCH,None,0.0,0.0,0.0,0.0,0.0,Enemy
39.800000000000004,A0100,AN/APG-68(V)9,TRACK,B0100,72.78079068060151,0.0,0.0,0.0,0.0,Friendly
39.800000000000004,A0200,AN/APG-68(V)9,TRACK,B0200,72.39043795637664,0.0,0.0,0.0,0.0,Friendly
39.800000000000004,B0100,N001VE,SEARCH,None,0.0,0.0,0.0,0.0,0.0,Enemy
39.800000000000004,B0200,N001VE,SEARCH,None,0.0,0.0,0.0,0.0,0.0,Enemy
40.0,A0100,AN/APG-68(V)9,TRACK,B0100,72.70309967446907,0.0,0.0,0.0,0.0,Friendly
40.0,A0200,AN/APG-68(V)9,TRACK,B0200,72.31907986466328,0.0,0.0,0.0,0.0,Friendly
40.0,B0100,N001VE,SEARCH,None,0.0,0.0,0.0,0.0,0.0,Enemy
40.0,B0200,N001VE,SEARCH,None,0.0,0.0,0.0,0.0,0.0,Enemy
40.2,A0100,AN/APG-68(V)9,TRACK,B0100,72.62718545719767,0.0,0.0,0.0,0.0,Friendly
40.2,A0200,AN/APG-68(V)9,TRACK,B0200,72.24987991374627,0.0,0.0,0.0,0.0,Friendly
40.2,B0100,N001VE,SEARCH,None,0.0,0.0,0.0,0.0,0.0,Enemy
40.2,B0200,N001VE,SEARCH,None,0.0,0.0,0.0,0.0,0.0,Enemy
40.400000000000006,A0100,AN/APG-68(V)9,TRACK,B0100,72.55301591412658,0.0,0.0,0.0,0.0,Friendly
40.400000000000006,A0200,AN/APG-68(V)9,TRACK,B0200,72.18282528073783,0.0,0.0,0.0,0.0,Friendly
40.400000000000006,B0100,N001VE,SEARCH,None,0.0,0.0,0.0,0.0,0.0,Enemy
40.400000000000006,B0200,N001VE,SEARCH,None,0.0,0.0,0.0,0.0,0.0,Enemy
40.6,A0100,AN/APG-68(V)9,TRACK,B0100,72.48055689080452,0.0,0.0,0.0,0.0,Friendly
40.6,A0200,AN/APG-68(V)9,TRACK,B0200,72.11786848187417,0.0,0.0,0.0,0.0,Friendly
40.6,B0100,N001VE,SEARCH,None,0.0,0.0,0.0,0.0,0.0,Enemy
40.6,B0200,N001VE,SEARCH,None,0.0,0.0,0.0,0.0,0.0,Enemy
40.800000000000004,A0100,AN/APG-68(V)9,TRACK,B0100,72.4097724673588,0.0,0.0,0.0,0.0,Friendly
40.800000000000004,A0200,AN/APG-68(V)9,TRACK,B0200,72.05495591463972,0.0,0.0,0.0,0.0,Friendly
40.800000000000004,B0100,N001VE,SEARCH,None,0.0,0.0,0.0,0.0,0.0,Enemy
40.800000000000004,B0200,N001VE,SEARCH,None,0.0,0.0,0.0,0.0,0.0,Enemy
41.0,A0100,AN/APG-68(V)9,TRACK,B0100,72.3406253560132,0.0,0.0,0.0,0.0,Friendly
41.0,A0200,AN/APG-68(V)9,TRACK,B0200,71.99403240602415,0.0,0.0,0.0,0.0,Friendly
41.0,B0100,N001VE,SEARCH,None,0.0,0.0,0.0,0.0,0.0,Enemy
41.0,B0200,N001VE,SEARCH,None,0.0,0.0,0.0,0.0,0.0,Enemy
41.2,A0100,AN/APG-68(V)9,TRACK,B0100,72.2730772965907,0.0,0.0,0.0,0.0,Friendly
41.2,A0200,AN/APG-68(V)9,TRACK,B0200,71.93504182258948,0.0,0.0,0.0,0.0,Friendly
41.2,B0100,N001VE,SEARCH,None,0.0,0.0,0.0,0.0,0.0,Enemy
41.2,B0200,N001VE,SEARCH,None,0.0,0.0,0.0,0.0,0.0,Enemy
41.400000000000006,A0100,AN/APG-68(V)9,TRACK,B0100,72.20708916228062,0.0,0.0,0.0,0.0,Friendly
41.400000000000006,A0200,AN/APG-68(V)9,TRACK,B0200,71.87792706910379,0.0,0.0,0.0,0.0,Friendly
41.400000000000006,B0100,N001VE,SEARCH,None,0.0,0.0,0.0,0.0,0.0,Enemy
41.400000000000006,B0200,N001VE,SEARCH,None,0.0,0.0,0.0,0.0,0.0,Enemy
41.6,A0100,AN/APG-68(V)9,TRACK,B0100,72.1426209153328,0.0,0.0,0.0,0.0,Friendly
41.6,A0200,AN/APG-68(V)9,TRACK,B0200,71.82263004956215,0.0,0.0,0.0,0.0,Friendly
41.6,B0100,N001VE,SEARCH,None,0.0,0.0,0.0,0.0,0.0,Enemy
41.6,B0200,N001VE,SEARCH,None,0.0,0.0,0.0,0.0,0.0,Enemy
41.800000000000004,A0100,AN/APG-68(V)9,TRACK,B0100,72.07963167211874,0.0,0.0,0.0,0.0,Friendly
41.800000000000004,A0200,AN/APG-68(V)9,TRACK,B0200,71.76909175482757,0.0,0.0,0.0,0.0,Friendly
41.800000000000004,B0100,N001VE,SEARCH,None,0.0,0.0,0.0,0.0,0.0,Enemy
41.800000000000004,B0200,N001VE,SEARCH,None,0.0,0.0,0.0,0.0,0.0,Enemy
42.0,A0100,AN/APG-68(V)9,TRACK,B0100,72.01807989643434,0.0,0.0,0.0,0.0,Friendly
42.0,A0200,AN/APG-68(V)9,TRACK,B0200,71.7172524746584,0.0,0.0,0.0,0.0,Friendly
42.0,B0100,N001VE,SEARCH,None,0.0,0.0,0.0,0.0,0.0,Enemy
42.0,B0200,N001VE,SEARCH,None,0.0,0.0,0.0,0.0,0.0,Enemy
42.2,A0100,AN/APG-68(V)9,TRACK,B0100,71.95792367700119,0.0,0.0,0.0,0.0,Friendly
42.2,A0200,AN/APG-68(V)9,TRACK,B0200,71.66705818555548,0.0,0.0,0.0,0.0,Friendly
42.2,B0100,N001VE,SEARCH,None,0.0,0.0,0.0,0.0,0.0,Enemy
42.2,B0200,N001VE,SEARCH,None,0.0,0.0,0.0,0.0,0.0,Enemy
42.400000000000006,A0100,AN/APG-68(V)9,TRACK,B0100,71.89912105320758,0.0,0.0,0.0,0.0,Friendly
42.400000000000006,A0200,AN/APG-68(V)9,TRACK,B0200,71.61843788075512,0.0,0.0,0.0,0.0,Friendly
42.400000000000006,B0100,N001VE,SEARCH,None,0.0,0.0,0.0,0.0,0.0,Enemy
42.400000000000006,B0200,N001VE,SEARCH,None,0.0,0.0,0.0,0.0,0.0,Enemy
42.6,A0100,AN/APG-68(V)9,TRACK,B0100,71.84163027693813,0.0,0.0,0.0,0.0,Friendly
42.6,A0200,AN/APG-68(V)9,TRACK,B0200,71.57129800655318,0.0,0.0,0.0,0.0,Friendly
42.6,B0100,N001VE,SEARCH,None,0.0,0.0,0.0,0.0,0.0,Enemy
42.6,B0200,N001VE,SEARCH,None,0.0,0.0,0.0,0.0,0.0,Enemy
42.800000000000004,A0100,AN/APG-68(V)9,TRACK,B0100,71.78540981852974,0.0,0.0,0.0,0.0,Friendly
42.800000000000004,A0200,AN/APG-68(V)9,TRACK,B0200,71.52554634804578,0.0,0.0,0.0,0.0,Friendly
42.800000000000004,B0100,N001VE,SEARCH,None,0.0,0.0,0.0,0.0,0.0,Enemy
42.800000000000004,B0200,N001VE,SEARCH,None,0.0,0.0,0.0,0.0,0.0,Enemy
43.0,A0100,AN/APG-68(V)9,TRACK,B0100,71.7304184218597,0.0,0.0,0.0,0.0,Friendly
43.0,A0200,AN/APG-68(V)9,TRACK,B0200,71.48109375392087,0.0,0.0,0.0,0.0,Friendly
43.0,B0100,N001VE,SEARCH,None,0.0,0.0,0.0,0.0,0.0,Enemy
43.0,B0200,N001VE,SEARCH,None,0.0,0.0,0.0,0.0,0.0,Enemy
43.2,A0100,AN/APG-68(V)9,TRACK,B0100,71.6766153715532,0.0,0.0,0.0,0.0,Friendly
43.2,A0200,AN/APG-68(V)9,TRACK,B0200,71.43785575459171,0.0,0.0,0.0,0.0,Friendly
43.2,B0100,N001VE,SEARCH,None,0.0,0.0,0.0,0.0,0.0,Enemy
43.2,B0200,N001VE,SEARCH,None,0.0,0.0,0.0,0.0,0.0,Enemy
43.400000000000006,A0100,AN/APG-68(V)9,TRACK,B0100,71.6239607081231,0.0,0.0,0.0,0.0,Friendly
43.400000000000006,A0200,AN/APG-68(V)9,TRACK,B0200,71.39575375727144,0.0,0.0,0.0,0.0,Friendly
43.400000000000006,B0100,N001VE,SEARCH,None,0.0,0.0,0.0,0.0,0.0,Enemy
43.400000000000006,B0200,N001VE,SEARCH,None,0.0,0.0,0.0,0.0,0.0,Enemy
43.6,A0100,AN/APG-68(V)9,TRACK,B0100,71.5724152860169,0.0,0.0,0.0,0.0,Friendly
43.6,A0200,AN/APG-68(V)9,TRACK,B0200,71.35471582873744,0.0,0.0,0.0,0.0,Friendly
43.6,B0100,N001VE,SEARCH,None,0.0,0.0,0.0,0.0,0.0,Enemy
43.6,B0200,N001VE,SEARCH,None,0.0,0.0,0.0,0.0,0.0,Enemy
43.800000000000004,A0100,AN/APG-68(V)9,TRACK,B0100,71.52194079750618,0.0,0.0,0.0,0.0,Friendly
43.800000000000004,A0200,AN/APG-68(V)9,TRACK,B0200,71.31467725262436,0.0,0.0,0.0,0.0,Friendly
43.800000000000004,B0100,N001VE,SEARCH,None,0.0,0.0,0.0,0.0,0.0,Enemy
43.800000000000004,B0200,N001VE,SEARCH,None,0.0,0.0,0.0,0.0,0.0,Enemy
44.0,A0100,AN/APG-68(V)9,TRACK,B0100,71.4724998589563,0.0,0.0,0.0,0.0,Friendly
44.0,A0200,AN/APG-68(V)9,TRACK,B0200,71.27558099239748,0.0,0.0,0.0,0.0,Friendly
44.0,B0100,N001VE,SEARCH,None,0.0,0.0,0.0,0.0,0.0,Enemy
44.0,B0200,N001VE,SEARCH,None,0.0,0.0,0.0,0.0,0.0,Enemy
44.2,A0100,AN/APG-68(V)9,TRACK,B0100,71.4240562725615,0.0,0.0,0.0,0.0,Friendly
44.2,A0200,AN/APG-68(V)9,TRACK,B0200,71.23737751482338,0.0,0.0,0.0,0.0,Friendly
44.2,B0100,N001VE,SEARCH,None,0.0,0.0,0.0,0.0,0.0,Enemy
44.2,B0200,N001VE,SEARCH,None,0.0,0.0,0.0,0.0,0.0,Enemy
44.400000000000006,A0100,AN/APG-68(V)9,TRACK,B0100,71.37657512795809,0.0,0.0,0.0,0.0,Friendly
44.400000000000006,A0200,AN/APG-68(V)9,TRACK,B0200,71.20002436142985,0.0,0.0,0.0,0.0,Friendly
44.400000000000006,B0100,N001VE,SEARCH,None,0.0,0.0,0.0,0.0,0.0,Enemy
44.400000000000006,B0200,N001VE,SEARCH,None,0.0,0.0,0.0,0.0,0.0,Enemy
44.6,A0100,AN/APG-68(V)9,TRACK,B0100,71.33002272618154,0.0,0.0,0.0,0.0,Friendly
44.6,A0200,AN/APG-68(V)9,TRACK,B0200,71.1634870926861,0.0,0.0,0.0,0.0,Friendly
44.6,B0100,N001VE,SEARCH,None,0.0,0.0,0.0,0.0,0.0,Enemy
44.6,B0200,N001VE,SEARCH,None,0.0,0.0,0.0,0.0,0.0,Enemy
44.800000000000004,A0100,AN/APG-68(V)9,TRACK,B0100,71.28436646157643,0.0,0.0,0.0,0.0,Friendly
44.800000000000004,A0200,AN/APG-68(V)9,TRACK,B0200,71.12773903653294,0.0,0.0,0.0,0.0,Friendly
44.800000000000004,B0100,N001VE,SEARCH,None,0.0,0.0,0.0,0.0,0.0,Enemy
44.800000000000004,B0200,N001VE,SEARCH,None,0.0,0.0,0.0,0.0,0.0,Enemy
45.0,A0100,AN/APG-68(V)9,TRACK,B0100,71.23957472128106,0.0,0.0,0.0,0.0,Friendly
45.0,A0200,AN/APG-68(V)9,TRACK,B0200,71.09276071072291,0.0,0.0,0.0,0.0,Friendly
45.0,B0100,N001VE,SEARCH,None,0.0,0.0,0.0,0.0,0.0,Enemy
45.0,B0200,N001VE,SEARCH,None,0.0,0.0,0.0,0.0,0.0,Enemy
45.2,A0100,AN/APG-68(V)9,TRACK,B0100,71.19561681201974,0.0,0.0,0.0,0.0,Friendly
45.2,A0200,AN/APG-68(V)9,TRACK,B0200,71.05855474413316,0.0,0.0,0.0,0.0,Friendly
45.2,B0100,N001VE,SEARCH,None,0.0,0.0,0.0,0.0,0.0,Enemy
45.2,B0200,N001VE,SEARCH,None,0.0,0.0,0.0,0.0,0.0,Enemy
45.400000000000006,A0100,AN/APG-68(V)9,TRACK,B0100,71.1524629032266,0.0,0.0,0.0,0.0,Friendly
45.400000000000006,A0200,AN/APG-68(V)9,TRACK,B0200,71.02520590178231,0.0,0.0,0.0,0.0,Friendly
45.400000000000006,B0100,N001VE,SEARCH,None,0.0,0.0,0.0,0.0,0.0,Enemy
45.400000000000006,B0200,N001VE,SEARCH,None,0.0,0.0,0.0,0.0,0.0,Enemy
45.6,A0100,AN/APG-68(V)9,TRACK,B0100,71.11008418882705,0.0,0.0,0.0,0.0,Friendly
45.6,A0200,AN/APG-68(V)9,TRACK,B0200,70.99276988195159,0.0,0.0,0.0,0.0,Friendly
45.6,B0100,N001VE,SEARCH,None,0.0,0.0,0.0,0.0,0.0,Enemy
45.6,B0200,N001VE,SEARCH,None,0.0,0.0,0.0,0.0,0.0,Enemy
45.800000000000004,A0100,AN/APG-68(V)9,TRACK,B0100,71.0684530657915,0.0,0.0,0.0,0.0,Friendly
45.800000000000004,A0200,AN/APG-68(V)9,TRACK,B0200,70.96130530771532,0.0,0.0,0.0,0.0,Friendly
45.800000000000004,B0100,N001VE,SEARCH,None,0.0,0.0,0.0,0.0,0.0,Enemy
45.800000000000004,B0200,N001VE,SEARCH,None,0.0,0.0,0.0,0.0,0.0,Enemy
46.0,A0100,AN/APG-68(V)9,TRACK,B0100,71.02754270231978,0.0,0.0,0.0,0.0,Friendly
46.0,A0200,AN/APG-68(V)9,TRACK,B0200,70.93084934524654,0.0,0.0,0.0,0.0,Friendly
46.0,B0100,N001VE,SEARCH,None,0.0,0.0,0.0,0.0,0.0,Enemy
46.0,B0200,N001VE,SEARCH,None,0.0,0.0,0.0,0.0,0.0,Enemy
46.2,A0100,AN/APG-68(V)9,TRACK,B0100,70.98732691711201,0.0,0.0,0.0,0.0,Friendly
46.2,A0200,AN/APG-68(V)9,TRACK,B0200,70.90142744176396,0.0,0.0,0.0,0.0,Friendly
46.2,B0100,N001VE,SEARCH,None,0.0,0.0,0.0,0.0,0.0,Enemy
46.2,B0200,N001VE,SEARCH,None,0.0,0.0,0.0,0.0,0.0,Enemy
46.400000000000006,A0100,AN/APG-68(V)9,TRACK,B0100,70.94778009155004,0.0,0.0,0.0,0.0,Friendly
46.400000000000006,A0200,AN/APG-68(V)9,TRACK,B0200,70.87305413992476,0.0,0.0,0.0,0.0,Friendly
46.400000000000006,B0100,N001VE,SEARCH,None,0.0,0.0,0.0,0.0,0.0,Enemy
46.400000000000006,B0200,N001VE,SEARCH,None,0.0,0.0,0.0,0.0,0.0,Enemy
46.6,A0100,AN/APG-68(V)9,TRACK,B0100,70.90887706916608,0.0,0.0,0.0,0.0,Friendly
46.6,B0100,N001VE,SEARCH,None,0.0,0.0,0.0,0.0,0.0,Enemy
46.6,B0200,N001VE,SEARCH,None,0.0,0.0,0.0,0.0,0.0,Enemy
46.800000000000004,A0100,AN/APG-68(V)9,TRACK,B0100,70.8705930319717,0.0,0.0,0.0,0.0,Friendly
46.800000000000004,B0100,N001VE,SEARCH,None,0.0,0.0,0.0,0.0,0.0,Enemy
46.800000000000004,B0200,N001VE,SEARCH,None,0.0,0.0,0.0,0.0,0.0,Enemy
47.0,A0100,AN/APG-68(V)9,TRACK,B0100,70.83290335730642,0.0,0.0,0.0,0.0,Friendly
47.0,B0100,N001VE,SEARCH,None,0.0,0.0,0.0,0.0,0.0,Enemy
47.0,B0200,N001VE,SEARCH,None,0.0,0.0,0.0,0.0,0.0,Enemy
47.2,A0100,AN/APG-68(V)9,TRACK,B0100,70.79578352166226,0.0,0.0,0.0,0.0,Friendly
47.2,B0100,N001VE,SEARCH,None,0.0,0.0,0.0,0.0,0.0,Enemy
47.2,B0200,N001VE,SEARCH,None,0.0,0.0,0.0,0.0,0.0,Enemy
47.400000000000006,A0100,AN/APG-68(V)9,TRACK,B0100,70.75920898727131,0.0,0.0,0.0,0.0,Friendly
47.400000000000006,B0100,N001VE,SEARCH,None,0.0,0.0,0.0,0.0,0.0,Enemy
47.400000000000006,B0200,N001VE,SEARCH,None,0.0,0.0,0.0,0.0,0.0,Enemy
47.6,A0100,AN/APG-68(V)9,TRACK,B0100,70.7231550866697,0.0,0.0,0.0,0.0,Friendly
47.6,B0100,N001VE,SEARCH,None,0.0,0.0,0.0,0.0,0.0,Enemy
47.6,B0200,N001VE,SEARCH,None,0.0,0.0,0.0,0.0,0.0,Enemy
47.800000000000004,A0100,AN/APG-68(V)9,TRACK,B0100,70.68759691247455,0.0,0.0,0.0,0.0,Friendly
47.800000000000004,B0100,N001VE,SEARCH,None,0.0,0.0,0.0,0.0,0.0,Enemy
47.800000000000004,B0200,N001VE,SEARCH,None,0.0,0.0,0.0,0.0,0.0,Enemy
48.0,A0100,AN/APG-68(V)9,TRACK,B0100,70.65250921424429,0.0,0.0,0.0,0.0,Friendly
48.0,B0100,N001VE,SEARCH,None,0.0,0.0,0.0,0.0,0.0,Enemy
48.0,B0200,N001VE,SEARCH,None,0.0,0.0,0.0,0.0,0.0,Enemy
48.2,A0100,AN/APG-68(V)9,TRACK,B0100,70.61786630385998,0.0,0.0,0.0,0.0,Friendly
48.2,B0100,N001VE,SEARCH,None,0.0,0.0,0.0,0.0,0.0,Enemy
48.2,B0200,N001VE,SEARCH,None,0.0,0.0,0.0,0.0,0.0,Enemy
48.400000000000006,A0100,AN/APG-68(V)9,TRACK,B0100,70.58365968836216,0.0,0.0,0.0,0.0,Friendly
48.400000000000006,B0100,N001VE,SEARCH,None,0.0,0.0,0.0,0.0,0.0,Enemy
48.400000000000006,B0200,N001VE,SEARCH,None,0.0,0.0,0.0,0.0,0.0,Enemy
48.6,A0100,AN/APG-68(V)9,TRACK,B0100,70.54987714254415,0.0,0.0,0.0,0.0,Friendly
48.6,B0100,N001VE,SEARCH,None,0.0,0.0,0.0,0.0,0.0,Enemy
48.6,B0200,N001VE,SEARCH,None,0.0,0.0,0.0,0.0,0.0,Enemy
48.800000000000004,A0100,AN/APG-68(V)9,TRACK,B0100,70.51648747313163,0.0,0.0,0.0,0.0,Friendly
48.800000000000004,B0100,N001VE,SEARCH,None,0.0,0.0,0.0,0.0,0.0,Enemy
48.800000000000004,B0200,N001VE,SEARCH,None,0.0,0.0,0.0,0.0,0.0,Enemy
49.0,A0100,AN/APG-68(V)9,TRACK,B0100,70.48346005235354,0.0,0.0,0.0,0.0,Friendly
49.0,B0100,N001VE,SEARCH,None,0.0,0.0,0.0,0.0,0.0,Enemy
49.0,B0200,N001VE,SEARCH,None,0.0,0.0,0.0,0.0,0.0,Enemy
49.2,A0100,AN/APG-68(V)9,TRACK,B0100,70.4507639793263,0.0,0.0,0.0,0.0,Friendly
49.2,B0100,N001VE,SEARCH,None,0.0,0.0,0.0,0.0,0.0,Enemy
49.2,B0200,N001VE,SEARCH,None,0.0,0.0,0.0,0.0,0.0,Enemy
49.400000000000006,A0100,AN/APG-68(V)9,TRACK,B0100,70.41836811486935,0.0,0.0,0.0,0.0,Friendly
49.400000000000006,B0100,N001VE,SEARCH,None,0.0,0.0,0.0,0.0,0.0,Enemy
49.400000000000006,B0200,N001VE,SEARCH,None,0.0,0.0,0.0,0.0,0.0,Enemy
49.6,A0100,AN/APG-68(V)9,TRACK,B0100,70.3862409732196,0.0,0.0,0.0,0.0,Friendly
49.6,B0100,N001VE,SEARCH,None,0.0,0.0,0.0,0.0,0.0,Enemy
49.6,B0200,N001VE,SEARCH,None,0.0,0.0,0.0,0.0,0.0,Enemy
49.800000000000004,A0100,AN/APG-68(V)9,TRACK,B0100,70.35435065531469,0.0,0.0,0.0,0.0,Friendly
49.800000000000004,B0100,N001VE,SEARCH,None,0.0,0.0,0.0,0.0,0.0,Enemy
49.800000000000004,B0200,N001VE,SEARCH,None,0.0,0.0,0.0,0.0,0.0,Enemy
50.0,A0100,AN/APG-68(V)9,TRACK,B0100,70.32268669925224,0.0,0.0,0.0,0.0,Friendly
50.0,B0100,N001VE,SEARCH,None,0.0,0.0,0.0,0.0,0.0,Enemy
50.0,B0200,N001VE,SEARCH,None,0.0,0.0,0.0,0.0,0.0,Enemy
50.2,A0100,AN/APG-68(V)9,TRACK,B0100,70.29123202600958,0.0,0.0,0.0,0.0,Friendly
50.2,B0100,N001VE,SEARCH,None,0.0,0.0,0.0,0.0,0.0,Enemy
50.2,B0200,N001VE,SEARCH,None,0.0,0.0,0.0,0.0,0.0,Enemy
50.400000000000006,A0100,AN/APG-68(V)9,TRACK,B0100,70.25994497342279,0.0,0.0,0.0,0.0,Friendly
50.400000000000006,B0100,N001VE,SEARCH,None,0.0,0.0,0.0,0.0,0.0,Enemy
50.400000000000006,B0200,N001VE,SEARCH,None,0.0,0.0,0.0,0.0,0.0,Enemy
50.6,A0100,AN/APG-68(V)9,TRACK,B0100,70.22878386815596,0.0,0.0,0.0,0.0,Friendly
50.6,B0100,N001VE,SEARCH,None,0.0,0.0,0.0,0.0,0.0,Enemy
50.6,B0200,N001VE,SEARCH,None,0.0,0.0,0.0,0.0,0.0,Enemy
50.800000000000004,A0100,AN/APG-68(V)9,TRACK,B0100,70.1977059136468,0.0,0.0,0.0,0.0,Friendly
50.800000000000004,B0100,N001VE,SEARCH,None,0.0,0.0,0.0,0.0,0.0,Enemy
50.800000000000004,B0200,N001VE,SEARCH,None,0.0,0.0,0.0,0.0,0.0,Enemy
51.0,A0100,AN/APG-68(V)9,TRACK,B0100,70.16666725623504,0.0,0.0,0.0,0.0,Friendly
51.0,B0100,N001VE,SEARCH,None,0.0,0.0,0.0,0.0,0.0,Enemy
51.0,B0200,N001VE,SEARCH,None,0.0,0.0,0.0,0.0,0.0,Enemy
51.2,A0100,AN/APG-68(V)9,TRACK,B0100,70.13562299717042,0.0,0.0,0.0,0.0,Friendly
51.2,B0100,N001VE,SEARCH,None,0.0,0.0,0.0,0.0,0.0,Enemy
51.2,B0200,N001VE,SEARCH,None,0.0,0.0,0.0,0.0,0.0,Enemy
51.400000000000006,A0100,AN/APG-68(V)9,TRACK,B0100,70.1045272007614,0.0,0.0,0.0,0.0,Friendly
51.400000000000006,B0100,N001VE,SEARCH,None,0.0,0.0,0.0,0.0,0.0,Enemy
51.400000000000006,B0200,N001VE,SEARCH,None,0.0,0.0,0.0,0.0,0.0,Enemy
51.6,A0100,AN/APG-68(V)9,TRACK,B0100,70.07333290178269,0.0,0.0,0.0,0.0,Friendly
51.6,B0100,N001VE,SEARCH,None,0.0,0.0,0.0,0.0,0.0,Enemy
51.6,B0200,N001VE,SEARCH,None,0.0,0.0,0.0,0.0,0.0,Enemy
51.800000000000004,A0100,AN/APG-68(V)9,TRACK,B0100,70.04199211439409,0.0,0.0,0.0,0.0,Friendly
51.800000000000004,B0100,N001VE,SEARCH,None,0.0,0.0,0.0,0.0,0.0,Enemy
51.800000000000004,B0200,N001VE,SEARCH,None,0.0,0.0,0.0,0.0,0.0,Enemy
52.0,A0100,AN/APG-68(V)9,TRACK,B0100,70.0104558440059,0.0,0.0,0.0,0.0,Friendly
52.0,B0100,N001VE,SEARCH,None,0.0,0.0,0.0,0.0,0.0,Enemy
52.0,B0200,N001VE,SEARCH,None,0.0,0.0,0.0,0.0,0.0,Enemy
52.2,A0100,AN/APG-68(V)9,TRACK,B0100,69.97867410320545,0.0,0.0,0.0,0.0,Friendly
52.2,B0100,N001VE,SEARCH,None,0.0,0.0,0.0,0.0,0.0,Enemy
52.2,B0200,N001VE,SEARCH,None,0.0,0.0,0.0,0.0,0.0,Enemy
52.400000000000006,A0100,AN/APG-68(V)9,TRACK,B0100,69.94660863584829,0.0,0.0,0.0,0.0,Friendly
52.400000000000006,B0100,N001VE,SEARCH,None,0.0,0.0,0.0,0.0,0.0,Enemy
52.400000000000006,B0200,N001VE,SEARCH,None,0.0,0.0,0.0,0.0,0.0,Enemy
52.6,A0100,AN/APG-68(V)9,TRACK,B0100,69.91420800426346,0.0,0.0,0.0,0.0,Friendly
52.6,B0100,N001VE,SEARCH,None,0.0,0.0,0.0,0.0,0.0,Enemy
52.6,B0200,N001VE,SEARCH,None,0.0,0.0,0.0,0.0,0.0,Enemy
52.800000000000004,A0100,AN/APG-68(V)9,TRACK,B0100,69.88139778231444,0.0,0.0,0.0,0.0,Friendly
52.800000000000004,B0100,N001VE,SEARCH,None,0.0,0.0,0.0,0.0,0.0,Enemy
52.800000000000004,B0200,N001VE,SEARCH,None,0.0,0.0,0.0,0.0,0.0,Enemy
53.0,A0100,AN/APG-68(V)9,TRACK,B0100,69.84810277952606,0.0,0.0,0.0,0.0,Friendly
53.0,B0100,N001VE,SEARCH,None,0.0,0.0,0.0,0.0,0.0,Enemy
53.0,B0200,N001VE,SEARCH,None,0.0,0.0,0.0,0.0,0.0,Enemy
53.2,A0100,AN/APG-68(V)9,TRACK,B0100,69.81424755500477,0.0,0.0,0.0,0.0,Friendly
53.2,B0100,N001VE,SEARCH,None,0.0,0.0,0.0,0.0,0.0,Enemy
53.2,B0200,N001VE,SEARCH,None,0.0,0.0,0.0,0.0,0.0,Enemy
53.400000000000006,A0100,AN/APG-68(V)9,TRACK,B0100,69.77975706990726,0.0,0.0,0.0,0.0,Friendly
53.400000000000006,B0100,N001VE,SEARCH,None,0.0,0.0,0.0,0.0,0.0,Enemy
53.400000000000006,B0200,N001VE,SEARCH,None,0.0,0.0,0.0,0.0,0.0,Enemy
53.6,A0100,AN/APG-68(V)9,TRACK,B0100,69.7445571903814,0.0,0.0,0.0,0.0,Friendly
53.6,B0100,N001VE,SEARCH,None,0.0,0.0,0.0,0.0,0.0,Enemy
53.6,B0200,N001VE,SEARCH,None,0.0,0.0,0.0,0.0,0.0,Enemy
53.800000000000004,A0100,AN/APG-68(V)9,TRACK,B0100,69.7085749676431,0.0,0.0,0.0,0.0,Friendly
53.800000000000004,B0100,N001VE,SEARCH,None,0.0,0.0,0.0,0.0,0.0,Enemy
53.800000000000004,B0200,N001VE,SEARCH,None,0.0,0.0,0.0,0.0,0.0,Enemy
54.0,A0100,AN/APG-68(V)9,TRACK,B0100,69.67173913217985,0.0,0.0,0.0,0.0,Friendly
54.0,B0100,N001VE,SEARCH,None,0.0,0.0,0.0,0.0,0.0,Enemy
54.0,B0200,N001VE,SEARCH,None,0.0,0.0,0.0,0.0,0.0,Enemy
54.2,A0100,AN/APG-68(V)9,TRACK,B0100,69.63398069818976,0.0,0.0,0.0,0.0,Friendly
54.2,B0100,N001VE,SEARCH,None,0.0,0.0,0.0,0.0,0.0,Enemy
54.2,B0200,N001VE,SEARCH,None,0.0,0.0,0.0,0.0,0.0,Enemy
54.400000000000006,A0100,AN/APG-68(V)9,TRACK,B0100,69.59523356121936,0.0,0.0,0.0,0.0,Friendly
54.400000000000006,B0100,N001VE,SEARCH,None,0.0,0.0,0.0,0.0,0.0,Enemy
54.400000000000006,B0200,N001VE,SEARCH,None,0.0,0.0,0.0,0.0,0.0,Enemy
54.6,A0100,AN/APG-68(V)9,TRACK,B0100,69.55543503780822,0.0,0.0,0.0,0.0,Friendly
54.6,B0100,N001VE,SEARCH,None,0.0,0.0,0.0,0.0,0.0,Enemy
54.6,B0200,N001VE,SEARCH,None,0.0,0.0,0.0,0.0,0.0,Enemy
54.800000000000004,A0100,AN/APG-68(V)9,TRACK,B0100,69.51452648028283,0.0,0.0,0.0,0.0,Friendly
54.800000000000004,B0100,N001VE,SEARCH,None,0.0,0.0,0.0,0.0,0.0,Enemy
54.800000000000004,B0200,N001VE,SEARCH,None,0.0,0.0,0.0,0.0,0.0,Enemy
55.0,A0100,AN/APG-68(V)9,TRACK,B0100,69.47245444876567,0.0,0.0,0.0,0.0,Friendly
55.0,B0100,N001VE,SEARCH,None,0.0,0.0,0.0,0.0,0.0,Enemy
55.0,B0200,N001VE,SEARCH,None,0.0,0.0,0.0,0.0,0.0,Enemy
55.2,A0100,AN/APG-68(V)9,TRACK,B0100,69.42916891577245,0.0,0.0,0.0,0.0,Friendly
55.2,B0100,N001VE,SEARCH,None,0.0,0.0,0.0,0.0,0.0,Enemy
55.2,B0200,N001VE,SEARCH,None,0.0,0.0,0.0,0.0,0.0,Enemy
55.400000000000006,A0100,AN/APG-68(V)9,TRACK,B0100,69.38462420972269,0.0,0.0,0.0,0.0,Friendly
55.400000000000006,B0100,N001VE,SEARCH,None,0.0,0.0,0.0,0.0,0.0,Enemy
55.400000000000006,B0200,N001VE,SEARCH,None,0.0,0.0,0.0,0.0,0.0,Enemy
55.6,A0100,AN/APG-68(V)9,TRACK,B0100,69.33877921199522,0.0,0.0,0.0,0.0,Friendly
55.6,B0100,N001VE,SEARCH,None,0.0,0.0,0.0,0.0,0.0,Enemy
55.6,B0200,N001VE,SEARCH,None,0.0,0.0,0.0,0.0,0.0,Enemy
55.800000000000004,A0100,AN/APG-68(V)9,TRACK,B0100,69.2915971484057,0.0,0.0,0.0,0.0,Friendly
55.800000000000004,B0100,N001VE,SEARCH,None,0.0,0.0,0.0,0.0,0.0,Enemy
55.800000000000004,B0200,N001VE,SEARCH,None,0.0,0.0,0.0,0.0,0.0,Enemy
56.0,A0100,AN/APG-68(V)9,TRACK,B0100,69.2430452153293,0.0,0.0,0.0,0.0,Friendly
56.0,B0100,N001VE,SEARCH,None,0.0,0.0,0.0,0.0,0.0,Enemy
56.0,B0200,N001VE,SEARCH,None,0.0,0.0,0.0,0.0,0.0,Enemy
56.2,A0100,AN/APG-68(V)9,TRACK,B0100,69.19309406828225,0.0,0.0,0.0,0.0,Friendly
56.2,B0100,N001VE,SEARCH,None,0.0,0.0,0.0,0.0,0.0,Enemy
56.2,B0200,N001VE,SEARCH,None,0.0,0.0,0.0,0.0,0.0,Enemy
56.400000000000006,A0100,AN/APG-68(V)9,TRACK,B0100,69.14171729715203,0.0,0.0,0.0,0.0,Friendly
56.400000000000006,B0100,N001VE,SEARCH,None,0.0,0.0,0.0,0.0,0.0,Enemy
56.400000000000006,B0200,N001VE,SEARCH,None,0.0,0.0,0.0,0.0,0.0,Enemy
56.6,A0100,AN/APG-68(V)9,TRACK,B0100,69.08889083510114,0.0,0.0,0.0,0.0,Friendly
56.6,B0100,N001VE,SEARCH,None,0.0,0.0,0.0,0.0,0.0,Enemy
56.6,B0200,N001VE,SEARCH,None,0.0,0.0,0.0,0.0,0.0,Enemy
56.800000000000004,A0100,AN/APG-68(V)9,TRACK,B0100,69.03459239938189,0.0,0.0,0.0,0.0,Friendly
56.800000000000004,B0100,N001VE,SEARCH,None,0.0,0.0,0.0,0.0,0.0,Enemy
56.800000000000004,B0200,N001VE,SEARCH,None,0.0,0.0,0.0,0.0,0.0,Enemy
57.0,A0100,AN/APG-68(V)9,TRACK,B0100,68.97880102355889,0.0,0.0,0.0,0.0,Friendly
57.0,B0100,N001VE,SEARCH,None,0.0,0.0,0.0,0.0,0.0,Enemy
57.0,B0200,N001VE,SEARCH,None,0.0,0.0,0.0,0.0,0.0,Enemy
57.2,A0100,AN/APG-68(V)9,TRACK,B0100,68.92149674532884,0.0,0.0,0.0,0.0,Friendly
57.2,B0100,N001VE,SEARCH,None,0.0,0.0,0.0,0.0,0.0,Enemy
57.2,B0200,N001VE,SEARCH,None,0.0,0.0,0.0,0.0,0.0,Enemy
57.400000000000006,A0100,AN/APG-68(V)9,TRACK,B0100,68.86266055336318,0.0,0.0,0.0,0.0,Friendly
57.400000000000006,B0100,N001VE,SEARCH,None,0.0,0.0,0.0,0.0,0.0,Enemy
57.400000000000006,B0200,N001VE,SEARCH,None,0.0,0.0,0.0,0.0,0.0,Enemy
57.6,A0100,AN/APG-68(V)9,TRACK,B0100,68.80227461001085,0.0,0.0,0.0,0.0,Friendly
57.6,B0100,N001VE,SEARCH,None,0.0,0.0,0.0,0.0,0.0,Enemy
57.6,B0200,N001VE,SEARCH,None,0.0,0.0,0.0,0.0,0.0,Enemy
57.800000000000004,A0100,AN/APG-68(V)9,TRACK,B0100,68.74032235321715,0.0,0.0,0.0,0.0,Friendly
57.800000000000004,B0100,N001VE,SEARCH,None,0.0,0.0,0.0,0.0,0.0,Enemy
57.800000000000004,B0200,N001VE,SEARCH,None,0.0,0.0,0.0,0.0,0.0,Enemy
58.0,A0100,AN/APG-68(V)9,TRACK,B0100,68.6767885173938,0.0,0.0,0.0,0.0,Friendly
58.0,B0100,N001VE,SEARCH,None,0.0,0.0,0.0,0.0,0.0,Enemy
58.0,B0200,N001VE,SEARCH,None,0.0,0.0,0.0,0.0,0.0,Enemy
58.2,A0100,AN/APG-68(V)9,TRACK,B0100,68.61165949119533,0.0,0.0,0.0,0.0,Friendly
58.2,B0100,N001VE,SEARCH,None,0.0,0.0,0.0,0.0,0.0,Enemy
58.2,B0200,N001VE,SEARCH,None,0.0,0.0,0.0,0.0,0.0,Enemy
58.400000000000006,A0100,AN/APG-68(V)9,TRACK,B0100,68.54492453967904,0.0,0.0,0.0,0.0,Friendly
58.400000000000006,B0100,N001VE,SEARCH,None,0.0,0.0,0.0,0.0,0.0,Enemy
58.400000000000006,B0200,N001VE,SEARCH,None,0.0,0.0,0.0,0.0,0.0,Enemy
58.6,A0100,AN/APG-68(V)9,TRACK,B0100,68.47657687063867,0.0,0.0,0.0,0.0,Friendly
58.6,B0100,N001VE,SEARCH,None,0.0,0.0,0.0,0.0,0.0,Enemy
58.6,B0200,N001VE,SEARCH,None,0.0,0.0,0.0,0.0,0.0,Enemy
58.800000000000004,A0100,AN/APG-68(V)9,TRACK,B0100,68.40661402440278,0.0,0.0,0.0,0.0,Friendly
58.800000000000004,B0100,N001VE,SEARCH,None,0.0,0.0,0.0,0.0,0.0,Enemy
58.800000000000004,B0200,N001VE,SEARCH,None,0.0,0.0,0.0,0.0,0.0,Enemy
59.0,A0100,AN/APG-68(V)9,TRACK,B0100,68.33503751462847,0.0,0.0,0.0,0.0,Friendly
59.0,B0100,N001VE,SEARCH,None,0.0,0.0,0.0,0.0,0.0,Enemy
59.0,B0200,N001VE,SEARCH,None,0.0,0.0,0.0,0.0,0.0,Enemy
59.2,A0100,AN/APG-68(V)9,TRACK,B0100,68.26181677684002,0.0,0.0,0.0,0.0,Friendly
59.2,B0100,N001VE,SEARCH,None,0.0,0.0,0.0,0.0,0.0,Enemy
59.2,B0200,N001VE,SEARCH,None,0.0,0.0,0.0,0.0,0.0,Enemy
59.400000000000006,A0100,AN/APG-68(V)9,TRACK,B0100,68.18692798844224,0.0,0.0,0.0,0.0,Friendly
59.400000000000006,B0100,N001VE,SEARCH,None,0.0,0.0,0.0,0.0,0.0,Enemy
59.400000000000006,B0200,N001VE,SEARCH,None,0.0,0.0,0.0,0.0,0.0,Enemy
59.6,A0100,AN/APG-68(V)9,TRACK,B0100,68.11038142760513,0.0,0.0,0.0,0.0,Friendly
59.6,B0100,N001VE,SEARCH,None,0.0,0.0,0.0,0.0,0.0,Enemy
59.6,B0200,N001VE,SEARCH,None,0.0,0.0,0.0,0.0,0.0,Enemy
59.800000000000004,A0100,AN/APG-68(V)9,TRACK,B0100,68.03218651617432,0.0,0.0,0.0,0.0,Friendly
59.800000000000004,B0100,N001VE,SEARCH,None,0.0,0.0,0.0,0.0,0.0,Enemy
59.800000000000004,B0200,N001VE,SEARCH,None,0.0,0.0,0.0,0.0,0.0,Enemy
60.0,A0100,AN/APG-68(V)9,TRACK,B0100,67.95235687375045,0.0,0.0,0.0,0.0,Friendly
60.0,B0100,N001VE,SEARCH,None,0.0,0.0,0.0,0.0,0.0,Enemy
60.0,B0200,N001VE,SEARCH,None,0.0,0.0,0.0,0.0,0.0,Enemy
60.2,A0100,AN/APG-68(V)9,TRACK,B0100,67.87091086956988,0.0,0.0,0.0,0.0,Friendly
60.2,B0100,N001VE,SEARCH,None,0.0,0.0,0.0,0.0,0.0,Enemy
60.2,B0200,N001VE,SEARCH,None,0.0,0.0,0.0,0.0,0.0,Enemy
60.400000000000006,A0100,AN/APG-68(V)9,TRACK,B0100,67.78787188174348,0.0,0.0,0.0,0.0,Friendly
60.400000000000006,B0100,N001VE,SEARCH,None,0.0,0.0,0.0,0.0,0.0,Enemy
60.400000000000006,B0200,N001VE,SEARCH,None,0.0,0.0,0.0,0.0,0.0,Enemy
60.6,A0100,AN/APG-68(V)9,TRACK,B0100,67.70326838179668,0.0,0.0,0.0,0.0,Friendly
60.6,B0100,N001VE,SEARCH,None,0.0,0.0,0.0,0.0,0.0,Enemy
60.6,B0200,N001VE,SEARCH,None,0.0,0.0,0.0,0.0,0.0,Enemy
60.800000000000004,A0100,AN/APG-68(V)9,TRACK,B0100,67.61717122444955,0.0,0.0,0.0,0.0,Friendly
60.800000000000004,B0100,N001VE,SEARCH,None,0.0,0.0,0.0,0.0,0.0,Enemy
60.800000000000004,B0200,N001VE,SEARCH,None,0.0,0.0,0.0,0.0,0.0,Enemy
61.0,A0100,AN/APG-68(V)9,TRACK,B0100,67.52965091356324,0.0,0.0,0.0,0.0,Friendly
61.0,B0100,N001VE,SEARCH,None,0.0,0.0,0.0,0.0,0.0,Enemy
61.0,B0200,N001VE,SEARCH,None,0.0,0.0,0.0,0.0,0.0,Enemy
61.2,A0100,AN/APG-68(V)9,TRACK,B0100,67.4407419297211,0.0,0.0,0.0,0.0,Friendly
61.2,B0100,N001VE,SEARCH,None,0.0,0.0,0.0,0.0,0.0,Enemy
61.2,B0200,N001VE,SEARCH,None,0.0,0.0,0.0,0.0,0.0,Enemy
61.400000000000006,A0100,AN/APG-68(V)9,TRACK,B0100,67.35048324210027,0.0,0.0,0.0,0.0,Friendly
61.400000000000006,B0100,N001VE,SEARCH,None,0.0,0.0,0.0,0.0,0.0,Enemy
61.400000000000006,B0200,N001VE,SEARCH,None,0.0,0.0,0.0,0.0,0.0,Enemy
61.6,A0100,AN/APG-68(V)9,TRACK,B0100,67.25891476280538,0.0,0.0,0.0,0.0,Friendly
61.6,B0100,N001VE,SEARCH,None,0.0,0.0,0.0,0.0,0.0,Enemy
61.6,B0200,N001VE,SEARCH,None,0.0,0.0,0.0,0.0,0.0,Enemy
61.800000000000004,A0100,AN/APG-68(V)9,TRACK,B0100,67.16607713893534,0.0,0.0,0.0,0.0,Friendly
61.800000000000004,B0100,N001VE,SEARCH,None,0.0,0.0,0.0,0.0,0.0,Enemy
61.800000000000004,B0200,N001VE,SEARCH,None,0.0,0.0,0.0,0.0,0.0,Enemy
62.0,A0100,AN/APG-68(V)9,TRACK,B0100,67.07201187799285,0.0,0.0,0.0,0.0,Friendly
62.0,B0100,N001VE,SEARCH,None,0.0,0.0,0.0,0.0,0.0,Enemy
62.0,B0200,N001VE,SEARCH,None,0.0,0.0,0.0,0.0,0.0,Enemy
62.2,A0100,AN/APG-68(V)9,TRACK,B0100,66.97676167561795,0.0,0.0,0.0,0.0,Friendly
62.2,B0100,N001VE,SEARCH,None,0.0,0.0,0.0,0.0,0.0,Enemy
62.2,B0200,N001VE,SEARCH,None,0.0,0.0,0.0,0.0,0.0,Enemy
62.400000000000006,A0100,AN/APG-68(V)9,TRACK,B0100,66.8803708443487,0.0,0.0,0.0,0.0,Friendly
62.400000000000006,B0100,N001VE,SEARCH,None,0.0,0.0,0.0,0.0,0.0,Enemy
62.400000000000006,B0200,N001VE,SEARCH,None,0.0,0.0,0.0,0.0,0.0,Enemy
62.6,A0100,AN/APG-68(V)9,TRACK,B0100,66.78288615674117,0.0,0.0,0.0,0.0,Friendly
62.6,B0100,N001VE,SEARCH,None,0.0,0.0,0.0,0.0,0.0,Enemy
62.6,B0200,N001VE,SEARCH,None,0.0,0.0,0.0,0.0,0.0,Enemy
62.800000000000004,A0100,AN/APG-68(V)9,TRACK,B0100,66.68435756864534,0.0,0.0,0.0,0.0,Friendly
62.800000000000004,B0100,N001VE,SEARCH,None,0.0,0.0,0.0,0.0,0.0,Enemy
62.800000000000004,B0200,N001VE,SEARCH,None,0.0,0.0,0.0,0.0,0.0,Enemy
63.0,A0100,AN/APG-68(V)9,TRACK,B0100,66.58483783650162,0.0,0.0,0.0,0.0,Friendly
63.0,B0100,N001VE,SEARCH,None,0.0,0.0,0.0,0.0,0.0,Enemy
63.0,B0200,N001VE,SEARCH,None,0.0,0.0,0.0,0.0,0.0,Enemy
63.2,A0100,AN/APG-68(V)9,TRACK,B0100,66.48438233910288,0.0,0.0,0.0,0.0,Friendly
63.2,B0100,N001VE,SEARCH,None,0.0,0.0,0.0,0.0,0.0,Enemy
63.2,B0200,N001VE,SEARCH,None,0.0,0.0,0.0,0.0,0.0,Enemy
63.400000000000006,A0100,AN/APG-68(V)9,TRACK,B0100,66.38304927162967,0.0,0.0,0.0,0.0,Friendly
63.400000000000006,B0100,N001VE,SEARCH,None,0.0,0.0,0.0,0.0,0.0,Enemy
63.400000000000006,B0200,N001VE,SEARCH,None,0.0,0.0,0.0,0.0,0.0,Enemy
63.6,A0100,AN/APG-68(V)9,TRACK,B0100,66.28090004701052,0.0,0.0,0.0,0.0,Friendly
63.6,B0100,N001VE,SEARCH,None,0.0,0.0,0.0,0.0,0.0,Enemy
63.6,B0200,N001VE,SEARCH,None,0.0,0.0,0.0,0.0,0.0,Enemy
63.800000000000004,A0100,AN/APG-68(V)9,TRACK,B0100,66.1779894563472,0.0,0.0,0.0,0.0,Friendly
63.800000000000004,B0100,N001VE,SEARCH,None,0.0,0.0,0.0,0.0,0.0,Enemy
63.800000000000004,B0200,N001VE,SEARCH,None,0.0,0.0,0.0,0.0,0.0,Enemy
64.0,A0100,AN/APG-68(V)9,TRACK,B0100,66.07432461069148,0.0,0.0,0.0,0.0,Friendly
64.0,B0100,N001VE,SEARCH,None,0.0,0.0,0.0,0.0,0.0,Enemy
64.0,B0200,N001VE,SEARCH,None,0.0,0.0,0.0,0.0,0.0,Enemy
64.2,A0100,AN/APG-68(V)9,TRACK,B0100,65.96991703497086,0.0,0.0,0.0,0.0,Friendly
64.2,B0100,N001VE,SEARCH,None,0.0,0.0,0.0,0.0,0.0,Enemy
64.2,B0200,N001VE,SEARCH,None,0.0,0.0,0.0,0.0,0.0,Enemy
64.4,A0100,AN/APG-68(V)9,TRACK,B0100,65.86481422283973,0.0,0.0,0.0,0.0,Friendly
64.4,B0100,N001VE,SEARCH,None,0.0,0.0,0.0,0.0,0.0,Enemy
64.4,B0200,N001VE,SEARCH,None,0.0,0.0,0.0,0.0,0.0,Enemy
64.60000000000001,A0100,AN/APG-68(V)9,TRACK,B0200,65.7590759165469,0.0,0.0,0.0,0.0,Friendly
64.60000000000001,B0100,N001VE,SEARCH,None,0.0,0.0,0.0,0.0,0.0,Enemy
64.60000000000001,B0200,N001VE,SEARCH,None,0.0,0.0,0.0,0.0,0.0,Enemy
64.8,A0100,AN/APG-68(V)9,TRACK,B0200,65.65282754939875,0.0,0.0,0.0,0.0,Friendly
64.8,B0100,N001VE,SEARCH,None,0.0,0.0,0.0,0.0,0.0,Enemy
64.8,B0200,N001VE,SEARCH,None,0.0,0.0,0.0,0.0,0.0,Enemy
65.0,A0100,AN/APG-68(V)9,TRACK,B0200,65.54628986362744,0.0,0.0,0.0,0.0,Friendly
65.0,B0100,N001VE,SEARCH,None,0.0,0.0,0.0,0.0,0.0,Enemy
65.0,B0200,N001VE,SEARCH,None,0.0,0.0,0.0,0.0,0.0,Enemy
65.2,A0100,AN/APG-68(V)9,TRACK,B0200,65.43966786958508,0.0,0.0,0.0,0.0,Friendly
65.2,B0100,N001VE,SEARCH,None,0.0,0.0,0.0,0.0,0.0,Enemy
65.2,B0200,N001VE,SEARCH,None,0.0,0.0,0.0,0.0,0.0,Enemy
65.4,A0100,AN/APG-68(V)9,TRACK,B0200,65.33318304818354,0.0,0.0,0.0,0.0,Friendly
65.4,B0100,N001VE,SEARCH,None,0.0,0.0,0.0,0.0,0.0,Enemy
65.4,B0200,N001VE,SEARCH,None,0.0,0.0,0.0,0.0,0.0,Enemy
65.60000000000001,A0100,AN/APG-68(V)9,TRACK,B0200,65.22706122982487,0.0,0.0,0.0,0.0,Friendly
65.60000000000001,B0100,N001VE,SEARCH,None,0.0,0.0,0.0,0.0,0.0,Enemy
65.60000000000001,B0200,N001VE,SEARCH,None,0.0,0.0,0.0,0.0,0.0,Enemy
65.8,A0100,AN/APG-68(V)9,TRACK,B0200,65.12152242279983,0.0,0.0,0.0,0.0,Friendly
65.8,B0100,N001VE,SEARCH,None,0.0,0.0,0.0,0.0,0.0,Enemy
65.8,B0200,N001VE,SEARCH,None,0.0,0.0,0.0,0.0,0.0,Enemy
66.0,A0100,AN/APG-68(V)9,TRACK,B0200,65.01677390498818,0.0,0.0,0.0,0.0,Friendly
66.0,B0100,N001VE,SEARCH,None,0.0,0.0,0.0,0.0,0.0,Enemy
66.0,B0200,N001VE,SEARCH,None,0.0,0.0,0.0,0.0,0.0,Enemy
66.2,A0100,AN/APG-68(V)9,TRACK,B0200,64.91300670641887,0.0,0.0,0.0,0.0,Friendly
66.2,B0100,N001VE,SEARCH,None,0.0,0.0,0.0,0.0,0.0,Enemy
66.2,B0200,N001VE,SEARCH,None,0.0,0.0,0.0,0.0,0.0,Enemy
66.4,A0100,AN/APG-68(V)9,TRACK,B0200,64.81034700241287,0.0,0.0,0.0,0.0,Friendly
66.4,B0100,N001VE,SEARCH,None,0.0,0.0,0.0,0.0,0.0,Enemy
66.4,B0200,N001VE,SEARCH,None,0.0,0.0,0.0,0.0,0.0,Enemy
66.60000000000001,A0100,AN/APG-68(V)9,TRACK,B0200,64.7088286469974,0.0,0.0,0.0,0.0,Friendly
66.60000000000001,B0100,N001VE,SEARCH,None,0.0,0.0,0.0,0.0,0.0,Enemy
66.60000000000001,B0200,N001VE,SEARCH,None,0.0,0.0,0.0,0.0,0.0,Enemy
66.8,A0100,AN/APG-68(V)9,TRACK,B0200,64.60854600037767,0.0,0.0,0.0,0.0,Friendly
66.8,B0100,N001VE,SEARCH,None,0.0,0.0,0.0,0.0,0.0,Enemy
66.8,B0200,N001VE,SEARCH,None,0.0,0.0,0.0,0.0,0.0,Enemy
67.0,A0100,AN/APG-68(V)9,TRACK,B0200,64.50959584936176,0.0,0.0,0.0,0.0,Friendly
67.0,B0100,N001VE,SEARCH,None,0.0,0.0,0.0,0.0,0.0,Enemy
67.0,B0200,N001VE,SEARCH,None,0.0,0.0,0.0,0.0,0.0,Enemy
67.2,A0100,AN/APG-68(V)9,TRACK,B0200,64.41206987056098,0.0,0.0,0.0,0.0,Friendly
67.2,B0100,N001VE,SEARCH,None,0.0,0.0,0.0,0.0,0.0,Enemy
67.2,B0200,N001VE,SEARCH,None,0.0,0.0,0.0,0.0,0.0,Enemy
67.4,A0100,AN/APG-68(V)9,TRACK,B0200,64.31605428369451,0.0,0.0,0.0,0.0,Friendly
67.4,B0100,N001VE,SEARCH,None,0.0,0.0,0.0,0.0,0.0,Enemy
67.4,B0200,N001VE,SEARCH,None,0.0,0.0,0.0,0.0,0.0,Enemy
67.60000000000001,A0100,AN/APG-68(V)9,TRACK,B0200,64.22162882015789,0.0,0.0,0.0,0.0,Friendly
67.60000000000001,B0100,N001VE,SEARCH,None,0.0,0.0,0.0,0.0,0.0,Enemy
67.60000000000001,B0200,N001VE,SEARCH,None,0.0,0.0,0.0,0.0,0.0,Enemy
67.8,A0100,AN/APG-68(V)9,TRACK,B0200,64.12886551800253,0.0,0.0,0.0,0.0,Friendly
67.8,B0100,N001VE,SEARCH,None,0.0,0.0,0.0,0.0,0.0,Enemy
67.8,B0200,N001VE,SEARCH,None,0.0,0.0,0.0,0.0,0.0,Enemy
68.0,A0100,AN/APG-68(V)9,TRACK,B0200,64.0378275632142,0.0,0.0,0.0,0.0,Friendly
68.0,B0100,N001VE,SEARCH,None,0.0,0.0,0.0,0.0,0.0,Enemy
68.0,B0200,N001VE,SEARCH,None,0.0,0.0,0.0,0.0,0.0,Enemy
68.2,A0100,AN/APG-68(V)9,TRACK,B0200,63.948568335246186,0.0,0.0,0.0,0.0,Friendly
68.2,B0100,N001VE,SEARCH,None,0.0,0.0,0.0,0.0,0.0,Enemy
68.2,B0200,N001VE,SEARCH,None,0.0,0.0,0.0,0.0,0.0,Enemy
68.4,A0100,AN/APG-68(V)9,TRACK,B0200,63.86113073350606,0.0,0.0,0.0,0.0,Friendly
68.4,B0100,N001VE,SEARCH,None,0.0,0.0,0.0,0.0,0.0,Enemy
68.4,B0200,N001VE,SEARCH,None,0.0,0.0,0.0,0.0,0.0,Enemy
68.60000000000001,A0100,AN/APG-68(V)9,TRACK,B0200,63.775546810047324,0.0,0.0,0.0,0.0,Friendly
68.60000000000001,B0100,N001VE,SEARCH,None,0.0,0.0,0.0,0.0,0.0,Enemy
68.60000000000001,B0200,N001VE,SEARCH,None,0.0,0.0,0.0,0.0,0.0,Enemy
68.8,A0100,AN/APG-68(V)9,TRACK,B0200,63.6918377019184,0.0,0.0,0.0,0.0,Friendly
68.8,B0100,N001VE,SEARCH,None,0.0,0.0,0.0,0.0,0.0,Enemy
68.8,B0200,N001VE,SEARCH,None,0.0,0.0,0.0,0.0,0.0,Enemy
69.0,A0100,AN/APG-68(V)9,TRACK,B0200,63.61001383711779,0.0,0.0,0.0,0.0,Friendly
69.0,B0100,N001VE,SEARCH,None,0.0,0.0,0.0,0.0,0.0,Enemy
69.0,B0200,N001VE,SEARCH,None,0.0,0.0,0.0,0.0,0.0,Enemy
69.2,A0100,AN/APG-68(V)9,TRACK,B0200,63.53007537761584,0.0,0.0,0.0,0.0,Friendly
69.2,B0100,N001VE,SEARCH,None,0.0,0.0,0.0,0.0,0.0,Enemy
69.2,B0200,N001VE,SEARCH,None,0.0,0.0,0.0,0.0,0.0,Enemy
69.4,A0100,AN/APG-68(V)9,TRACK,B0200,63.45204683941924,0.0,0.0,0.0,0.0,Friendly
69.4,B0100,N001VE,SEARCH,None,0.0,0.0,0.0,0.0,0.0,Enemy
69.4,B0200,N001VE,SEARCH,None,0.0,0.0,0.0,0.0,0.0,Enemy
69.60000000000001,A0100,AN/APG-68(V)9,TRACK,B0200,63.375911019996906,0.0,0.0,0.0,0.0,Friendly
69.60000000000001,B0100,N001VE,SEARCH,None,0.0,0.0,0.0,0.0,0.0,Enemy
69.60000000000001,B0200,N001VE,SEARCH,None,0.0,0.0,0.0,0.0,0.0,Enemy
69.8,A0100,AN/APG-68(V)9,TRACK,B0200,63.30153208181055,0.0,0.0,0.0,0.0,Friendly
69.8,B0100,N001VE,SEARCH,None,0.0,0.0,0.0,0.0,0.0,Enemy
69.8,B0200,N001VE,SEARCH,None,0.0,0.0,0.0,0.0,0.0,Enemy
70.0,A0100,AN/APG-68(V)9,TRACK,B0200,63.22876008817737,0.0,0.0,0.0,0.0,Friendly
70.0,B0100,N001VE,SEARCH,None,0.0,0.0,0.0,0.0,0.0,Enemy
70.0,B0200,N001VE,SEARCH,None,0.0,0.0,0.0,0.0,0.0,Enemy
70.2,A0100,AN/APG-68(V)9,TRACK,B0200,63.15745197669271,0.0,0.0,0.0,0.0,Friendly
70.2,B0100,N001VE,SEARCH,None,0.0,0.0,0.0,0.0,0.0,Enemy
70.2,B0200,N001VE,SEARCH,None,0.0,0.0,0.0,0.0,0.0,Enemy
70.4,A0100,AN/APG-68(V)9,TRACK,B0200,63.087487069079884,0.0,0.0,0.0,0.0,Friendly
70.4,B0100,N001VE,SEARCH,None,0.0,0.0,0.0,0.0,0.0,Enemy
70.4,B0200,N001VE,SEARCH,None,0.0,0.0,0.0,0.0,0.0,Enemy
70.60000000000001,A0100,AN/APG-68(V)9,TRACK,B0200,63.01877956116726,0.0,0.0,0.0,0.0,Friendly
70.60000000000001,B0100,N001VE,SEARCH,None,0.0,0.0,0.0,0.0,0.0,Enemy
70.60000000000001,B0200,N001VE,SEARCH,None,0.0,0.0,0.0,0.0,0.0,Enemy
70.8,A0100,AN/APG-68(V)9,TRACK,B0200,62.951286747115,0.0,0.0,0.0,0.0,Friendly
70.8,B0100,N001VE,SEARCH,None,0.0,0.0,0.0,0.0,0.0,Enemy
70.8,B0200,N001VE,SEARCH,None,0.0,0.0,0.0,0.0,0.0,Enemy
71.0,A0100,AN/APG-68(V)9,TRACK,B0200,62.88501222411442,0.0,0.0,0.0,0.0,Friendly
71.0,B0100,N001VE,SEARCH,None,0.0,0.0,0.0,0.0,0.0,Enemy
71.0,B0200,N001VE,SEARCH,None,0.0,0.0,0.0,0.0,0.0,Enemy
71.2,A0100,AN/APG-68(V)9,TRACK,B0200,62.82000380183143,0.0,0.0,0.0,0.0,Friendly
71.2,B0100,N001VE,SEARCH,None,0.0,0.0,0.0,0.0,0.0,Enemy
71.2,B0200,N001VE,SEARCH,None,0.0,0.0,0.0,0.0,0.0,Enemy
71.4,A0100,AN/APG-68(V)9,TRACK,B0200,62.75634648837157,0.0,0.0,0.0,0.0,Friendly
71.4,B0100,N001VE,SEARCH,None,0.0,0.0,0.0,0.0,0.0,Enemy
71.4,B0200,N001VE,SEARCH,None,0.0,0.0,0.0,0.0,0.0,Enemy
71.60000000000001,A0100,AN/APG-68(V)9,TRACK,B0200,62.69416972083122,0.0,0.0,0.0,0.0,Friendly
71.60000000000001,B0100,N001VE,SEARCH,None,0.0,0.0,0.0,0.0,0.0,Enemy
71.60000000000001,B0200,N001VE,SEARCH,None,0.0,0.0,0.0,0.0,0.0,Enemy
71.8,A0100,AN/APG-68(V)9,TRACK,B0200,62.6336658876304,0.0,0.0,0.0,0.0,Friendly
71.8,B0100,N001VE,SEARCH,A0100,62.63647323508979,-25.192115632665534,221.29021498720545,0.2257258479438328,15501.588833060212,Enemy
71.8,B0200,N001VE,SEARCH,None,0.0,0.0,0.0,0.0,0.0,Enemy
72.0,A0100,AN/APG-68(V)9,TRACK,B0200,62.574951731624566,0.0,0.0,0.0,0.0,Friendly
72.0,B0100,N001VE,SEARCH,A0100,62.63647323508979,-25.192115632665534,221.29021498720545,0.21704408456137758,15501.588833060212,Enemy
72.0,B0200,N001VE,SEARCH,None,0.0,0.0,0.0,0.0,0.0,Enemy
72.2,A0100,AN/APG-68(V)9,TRACK,B0200,62.518088750005454,0.0,0.0,0.0,0.0,Friendly
72.2,B0100,N001VE,SEARCH,None,0.0,0.0,0.0,0.0,0.0,Enemy
72.2,B0200,N001VE,SEARCH,None,0.0,0.0,0.0,0.0,0.0,Enemy
72.4,A0100,AN/APG-68(V)9,TRACK,B0200,62.46311573972285,0.0,0.0,0.0,0.0,Friendly
72.4,B0100,N001VE,SEARCH,None,0.0,0.0,0.0,0.0,0.0,Enemy
72.4,B0200,N001VE,SEARCH,None,0.0,0.0,0.0,0.0,0.0,Enemy
72.60000000000001,B0100,N001VE,SEARCH,None,0.0,0.0,0.0,0.0,0.0,Enemy
72.60000000000001,B0200,N001VE,SEARCH,None,0.0,0.0,0.0,0.0,0.0,Enemy
